id,split,n_occupied,x_min_n,x_max_n,y_min_n,y_max_n,z_min_n,z_max_n,x_extent_n,y_extent_n,z_extent_n
COMMERCIALcastle_mesh0365,train,779,-0.3650793433189392,0.365079402923584,-0.7460317611694336,0.7142858505249023,-0.39682537317276,0.4285714626312256,0.7301587462425232,1.460317611694336,0.8253968358039856
COMMERCIALcastle_mesh0904,train,1200,-0.3015872836112976,0.3333333730697632,-0.7460317611694336,0.7142858505249023,-0.6190475821495056,0.6507937908172607,0.6349206566810608,1.460317611694336,1.2698414325714111
COMMERCIALcastle_mesh2985,train,5621,-0.682539701461792,0.7142858505249023,-0.7460317611694336,0.777777910232544,-0.7460317611694336,0.777777910232544,1.3968255519866943,1.5238096714019775,1.5238096714019775
COMMERCIALchurch_mesh3158,train,627,-0.3333333134651184,0.365079402923584,-0.7460317611694336,0.7460318803787231,-0.2698412537574768,0.3015873432159424,0.6984127163887024,1.4920636415481567,0.5714285969734192
COMMERCIALcity_hall_mesh0106,val,2080,-0.5873015522956848,0.4285714626312256,-0.23809516429901123,0.17460322380065918,-0.7460317611694336,0.3333333730697632,1.0158729553222656,0.4126983880996704,1.0793651342391968
COMMERCIALcity_hall_mesh0258,train,2386,-0.682539701461792,0.777777910232544,-0.047618985176086426,0.07936513423919678,-0.4920634627342224,0.3333333730697632,1.460317611694336,0.1269841194152832,0.8253968358039856
COMMERCIALcity_hall_mesh0527,train,352,-0.7142857313156128,0.6825398206710815,-0.3015872836112976,0.3333333730697632,-0.5238094925880432,0.5555557012557983,1.3968255519866943,0.6349206566810608,1.0793652534484863
COMMERCIALfactory_mesh1454,train,15087,-0.4920634627342224,0.5238096714019775,-0.20634913444519043,0.23809528350830078,-0.7460317611694336,0.777777910232544,1.0158731937408447,0.4444444179534912,1.5238096714019775
COMMERCIALhotel_building_mesh0075,train,40318,-0.682539701461792,0.6825398206710815,-0.5873015522956848,0.6190477609634399,-0.6507936716079712,0.7460318803787231,1.3650795221328735,1.2063493728637695,1.3968255519866943
COMMERCIALhotel_building_mesh0130,train,12889,-0.5873015522956848,0.6190477609634399,-0.39682537317276,0.4285714626312256,-0.7460317611694336,0.777777910232544,1.2063493728637695,0.8253968358039856,1.5238096714019775
COMMERCIALhotel_building_mesh0139,train,3434,-0.3333333134651184,0.4603174924850464,-0.7460317611694336,0.777777910232544,-0.39682537317276,0.4285714626312256,0.7936508059501648,1.5238096714019775,0.8253968358039856
COMMERCIALhotel_building_mesh0162,test,266,-0.555555522441864,0.5873017311096191,-0.4285714030265808,0.4603174924850464,-0.7142857313156128,0.777777910232544,1.142857313156128,0.8888888955116272,1.4920636415481567
COMMERCIALhotel_building_mesh0215,train,5647,-0.6507936716079712,0.777777910232544,-0.3015872836112976,0.3333333730697632,-0.39682537317276,0.3968254327774048,1.4285715818405151,0.6349206566810608,0.7936508059501648
COMMERCIALhotel_building_mesh0295,train,7316,-0.7142857313156128,0.777777910232544,-0.39682537317276,0.4285714626312256,-0.3650793433189392,0.365079402923584,1.4920636415481567,0.8253968358039856,0.7301587462425232
COMMERCIALhotel_building_mesh0302,train,159,-0.7142857313156128,0.6507937908172607,-0.17460310459136963,0.11111116409301758,-0.7460317611694336,0.6825398206710815,1.3650795221328735,0.2857142686843872,1.4285715818405151
COMMERCIALhotel_building_mesh0328,train,4007,-0.6507936716079712,0.777777910232544,-0.39682537317276,0.3968254327774048,-0.7142857313156128,0.5555557012557983,1.4285715818405151,0.7936508059501648,1.2698414325714111
COMMERCIALhotel_building_mesh0461,train,251,-0.7460317611694336,0.777777910232544,-0.2698412537574768,0.365079402923584,-0.5873015522956848,0.4920635223388672,1.5238096714019775,0.6349206566810608,1.0793650150299072
COMMERCIALhotel_building_mesh0504,val,4107,-0.7460317611694336,0.777777910232544,-0.4920634627342224,0.5238096714019775,-0.7460317611694336,0.777777910232544,1.5238096714019775,1.0158731937408447,1.5238096714019775
COMMERCIALhotel_building_mesh0520,train,973,0.365079402923584,0.777777910232544,-0.3015872836112976,0.3333333730697632,-0.2698412537574768,-0.11111104488372803,0.41269850730895996,0.6349206566810608,0.15873020887374878
COMMERCIALhotel_building_mesh0555,train,50,-0.11111104488372803,0.17460322380065918,-0.7460317611694336,0.5555557012557983,-0.14285707473754883,0.20634925365447998,0.2857142686843872,1.301587462425232,0.3492063283920288
COMMERCIALhotel_building_mesh0678,train,3407,-0.39682537317276,0.3968254327774048,-0.7460317611694336,0.777777910232544,-0.3333333134651184,0.4285714626312256,0.7936508059501648,1.5238096714019775,0.761904776096344
COMMERCIALhotel_building_mesh0900,train,1408,-0.11111104488372803,0.14285719394683838,-0.7460317611694336,0.777777910232544,-0.17460310459136963,0.17460322380065918,0.2539682388305664,1.5238096714019775,0.3492063283920288
COMMERCIALhotel_building_mesh1154,train,177,-0.5238094925880432,0.7142858505249023,-0.7460317611694336,0.777777910232544,-0.4603174328804016,0.4920635223388672,1.2380952835083008,1.5238096714019775,0.9523809552192688
COMMERCIALhotel_building_mesh1211,train,10087,-0.6507936716079712,0.7142858505249023,-0.11111104488372803,0.14285719394683838,-0.6507936716079712,0.6507937908172607,1.3650795221328735,0.2539682388305664,1.301587462425232
COMMERCIALhotel_building_mesh1240,train,17984,-0.7460317611694336,0.777777910232544,-0.39682537317276,0.4285714626312256,-0.555555522441864,0.5873017311096191,1.5238096714019775,0.8253968358039856,1.142857313156128
COMMERCIALhotel_building_mesh1285,train,2128,-0.2698412537574768,0.2698413133621216,-0.7460317611694336,0.4285714626312256,-0.2698412537574768,0.2698413133621216,0.5396825671195984,1.1746032238006592,0.5396825671195984
COMMERCIALhouse_mesh0798,test,14092,-0.5238094925880432,0.5555557012557983,-0.23809516429901123,0.2698413133621216,-0.7460317611694336,0.5873017311096191,1.0793652534484863,0.5079364776611328,1.3333334922790527
COMMERCIALhouse_mesh2682,train,518,-0.6190475821495056,0.6507937908172607,-0.2698412537574768,0.3015873432159424,-0.682539701461792,0.7460318803787231,1.2698414325714111,0.5714285969734192,1.4285715818405151
COMMERCIALhouse_mesh3602,train,360,0.07936513423919678,0.777777910232544,-0.015872955322265625,0.04761910438537598,-0.7460317611694336,-0.3015872836112976,0.6984127759933472,0.0634920597076416,0.444444477558136
COMMERCIALhouse_mesh5334,train,9703,-0.7460317611694336,0.777777910232544,-0.20634913444519043,0.23809528350830078,-0.4920634627342224,0.5238096714019775,1.5238096714019775,0.4444444179534912,1.0158731937408447
COMMERCIALhouse_mesh6281,train,757,-0.7460317611694336,0.777777910232544,-0.23809516429901123,0.2698413133621216,-0.6190475821495056,0.6507937908172607,1.5238096714019775,0.5079364776611328,1.2698414325714111
COMMERCIALhouse_mesh6570,train,4593,-0.7460317611694336,0.777777910232544,-0.23809516429901123,0.2698413133621216,-0.6507936716079712,0.6825398206710815,1.5238096714019775,0.5079364776611328,1.3333334922790527
COMMERCIALhouse_mesh6823,val,2986,-0.5873015522956848,0.6825398206710815,-0.2698412537574768,0.3015873432159424,-0.5873015522956848,0.6507937908172607,1.2698414325714111,0.5714285969734192,1.2380952835083008
COMMERCIALhouse_mesh7536,train,704,-0.4285714030265808,0.20634925365447998,-0.14285707473754883,0.17460322380065918,-0.682539701461792,0.17460322380065918,0.6349206566810608,0.317460298538208,0.8571429252624512
COMMERCIALhouse_mesh7736,val,4121,-0.7460317611694336,0.777777910232544,-0.3015872836112976,0.3333333730697632,-0.17460310459136963,0.20634925365447998,1.5238096714019775,0.6349206566810608,0.3809523582458496
COMMERCIALmuseum_mesh0025,train,387,-0.17460310459136963,0.20634925365447998,-0.7460317611694336,0.777777910232544,-0.14285707473754883,0.20634925365447998,0.3809523582458496,1.5238096714019775,0.3492063283920288
COMMERCIALmuseum_mesh0079,train,2653,-0.6190475821495056,0.3015873432159424,-0.11111104488372803,0.14285719394683838,-0.5873015522956848,0.5238096714019775,0.920634925365448,0.2539682388305664,1.1111111640930176
COMMERCIALmuseum_mesh0112,train,237,-0.7142857313156128,0.7460318803787231,-0.3650793433189392,0.3968254327774048,-0.6190475821495056,0.6507937908172607,1.460317611694336,0.761904776096344,1.2698414325714111
COMMERCIALmuseum_mesh0336,train,6444,-0.7460317611694336,0.7142858505249023,-0.5238094925880432,0.5555557012557983,-0.6507936716079712,0.5873017311096191,1.460317611694336,1.0793652534484863,1.2380954027175903
COMMERCIALmuseum_mesh0339,train,167,-0.7460317611694336,0.7460318803787231,-0.14285707473754883,0.17460322380065918,-0.4603174328804016,0.5238096714019775,1.4920636415481567,0.317460298538208,0.9841271042823792
COMMERCIALmuseum_mesh1018,train,15739,-0.7460317611694336,0.777777910232544,-0.17460310459136963,0.4603174924850464,-0.6507936716079712,0.6825398206710815,1.5238096714019775,0.634920597076416,1.3333334922790527
COMMERCIALmuseum_mesh2219,train,149,-0.3015872836112976,0.20634925365447998,-0.20634913444519043,0.23809528350830078,-0.5873015522956848,0.3968254327774048,0.5079365372657776,0.4444444179534912,0.9841269850730896
COMMERCIALoffice_building_mesh0028,train,4265,-0.7142857313156128,0.777777910232544,-0.555555522441864,0.5873017311096191,-0.6190475821495056,0.6825398206710815,1.4920636415481567,1.142857313156128,1.3015873432159424
COMMERCIALoffice_building_mesh0038,train,2064,-0.555555522441864,0.3015873432159424,-0.07936501502990723,0.11111116409301758,-0.6507936716079712,0.3968254327774048,0.8571428656578064,0.1904761791229248,1.047619104385376
COMMERCIALoffice_building_mesh0057,train,864,-0.7460317611694336,0.7142858505249023,-0.23809516429901123,0.20634925365447998,-0.682539701461792,0.777777910232544,1.460317611694336,0.4444444179534912,1.460317611694336
COMMERCIALoffice_building_mesh0126,train,6847,-0.3333333134651184,0.365079402923584,-0.6190475821495056,0.6507937908172607,-0.4285714030265808,0.6825398206710815,0.6984127163887024,1.2698414325714111,1.1111111640930176
COMMERCIALoffice_building_mesh0160,train,351,-0.39682537317276,0.4285714626312256,-0.3015872836112976,0.23809528350830078,-0.7460317611694336,0.777777910232544,0.8253968358039856,0.5396825671195984,1.5238096714019775
COMMERCIALoffice_building_mesh0166,train,1789,-0.7460317611694336,0.777777910232544,-0.4603174328804016,0.4920635223388672,-0.4920634627342224,0.5238096714019775,1.5238096714019775,0.9523809552192688,1.0158731937408447
COMMERCIALoffice_building_mesh0197,train,7350,-0.5873015522956848,0.5873017311096191,-0.3015872836112976,0.3333333730697632,-0.7142857313156128,0.6190477609634399,1.1746032238006592,0.6349206566810608,1.3333334922790527
COMMERCIALoffice_building_mesh0234,train,8079,-0.20634913444519043,0.23809528350830078,-0.7460317611694336,0.777777910232544,-0.2698412537574768,0.2698413133621216,0.4444444179534912,1.5238096714019775,0.5396825671195984
COMMERCIALoffice_building_mesh0246,train,5717,-0.3333333134651184,0.3968254327774048,-0.7460317611694336,0.777777910232544,-0.2698412537574768,0.14285719394683838,0.7301587462425232,1.5238096714019775,0.4126984477043152
COMMERCIALoffice_building_mesh0249,train,332,-0.6507936716079712,0.6825398206710815,-0.7460317611694336,0.777777910232544,-0.4920634627342224,0.5238096714019775,1.3333334922790527,1.5238096714019775,1.0158731937408447
COMMERCIALoffice_building_mesh0274,val,10853,-0.11111104488372803,0.4603174924850464,-0.7460317611694336,0.777777910232544,-0.3015872836112976,0.14285719394683838,0.5714285373687744,1.5238096714019775,0.444444477558136
COMMERCIALoffice_building_mesh0330,train,206,-0.5238094925880432,0.4285714626312256,-0.4285714030265808,0.4603174924850464,-0.6190475821495056,0.6507937908172607,0.9523809552192688,0.8888888955116272,1.2698414325714111
COMMERCIALoffice_building_mesh0394,test,1507,-0.7142857313156128,0.7460318803787231,-0.14285707473754883,0.07936513423919678,-0.5873015522956848,0.5873017311096191,1.460317611694336,0.2222222089767456,1.1746032238006592
COMMERCIALoffice_building_mesh0490,train,426,-0.7460317611694336,0.777777910232544,-0.3333333134651184,0.365079402923584,-0.7142857313156128,0.777777910232544,1.5238096714019775,0.6984127163887024,1.4920636415481567
COMMERCIALoffice_building_mesh0512,train,469,-0.7460317611694336,0.777777910232544,-0.39682537317276,0.4285714626312256,-0.39682537317276,0.4285714626312256,1.5238096714019775,0.8253968358039856,0.8253968358039856
COMMERCIALoffice_building_mesh0604,test,11998,-0.4285714030265808,0.17460322380065918,-0.7460317611694336,0.777777910232544,-0.2698412537574768,0.3333333730697632,0.60317462682724,1.5238096714019775,0.60317462682724
COMMERCIALoffice_building_mesh0640,val,11,-0.07936501502990723,0.11111116409301758,0.17460322380065918,0.7142858505249023,-0.07936501502990723,0.11111116409301758,0.1904761791229248,0.5396826267242432,0.1904761791229248
COMMERCIALoffice_building_mesh0781,train,83,-0.7460317611694336,0.777777910232544,-0.4603174328804016,0.4285714626312256,-0.4920634627342224,0.5555557012557983,1.5238096714019775,0.8888888955116272,1.047619104385376
COMMERCIALoffice_building_mesh0843,train,247,-0.17460310459136963,0.23809528350830078,-0.7460317611694336,0.7142858505249023,-0.23809516429901123,0.2698413133621216,0.4126983880996704,1.460317611694336,0.5079364776611328
COMMERCIALoffice_building_mesh0853,train,32892,-0.7460317611694336,0.777777910232544,-0.6190475821495056,0.6507937908172607,-0.4920634627342224,0.5238096714019775,1.5238096714019775,1.2698414325714111,1.0158731937408447
COMMERCIALoffice_building_mesh0856,train,6934,-0.39682537317276,0.4285714626312256,-0.3333333134651184,0.365079402923584,-0.7460317611694336,0.777777910232544,0.8253968358039856,0.6984127163887024,1.5238096714019775
COMMERCIALoffice_building_mesh0884,train,124,-0.4603174328804016,0.4920635223388672,-0.20634913444519043,0.20634925365447998,-0.23809516429901123,0.5873017311096191,0.9523809552192688,0.4126983880996704,0.8253968954086304
COMMERCIALoffice_building_mesh0978,train,874,-0.7142857313156128,0.5873017311096191,-0.2698412537574768,0.3015873432159424,-0.7460317611694336,0.7460318803787231,1.301587462425232,0.5714285969734192,1.4920636415481567
COMMERCIALoffice_building_mesh1103,train,145,-0.3333333134651184,0.4285714626312256,-0.7460317611694336,0.6507937908172607,-0.4285714030265808,0.20634925365447998,0.761904776096344,1.3968255519866943,0.6349206566810608
COMMERCIALoffice_building_mesh1119,val,11516,-0.5238094925880432,0.5555557012557983,-0.20634913444519043,0.23809528350830078,-0.7460317611694336,0.777777910232544,1.0793652534484863,0.4444444179534912,1.5238096714019775
COMMERCIALoffice_building_mesh1242,train,32744,-0.6190475821495056,0.6507937908172607,-0.7460317611694336,0.777777910232544,-0.682539701461792,0.6825398206710815,1.2698414325714111,1.5238096714019775,1.3650795221328735
COMMERCIALoffice_building_mesh1259,train,1746,-0.20634913444519043,0.23809528350830078,-0.7460317611694336,0.7460318803787231,-0.11111104488372803,0.14285719394683838,0.4444444179534912,1.4920636415481567,0.2539682388305664
COMMERCIALoffice_building_mesh1322,val,1473,-0.23809516429901123,0.2698413133621216,-0.23809516429901123,0.14285719394683838,-0.6190475821495056,0.777777910232544,0.5079364776611328,0.3809523582458496,1.3968255519866943
COMMERCIALoffice_building_mesh1345,train,188,-0.7460317611694336,0.777777910232544,-0.015872955322265625,0.04761910438537598,-0.3650793433189392,0.4285714626312256,1.5238096714019775,0.0634920597076416,0.7936508059501648
COMMERCIALoffice_building_mesh1502,train,208,-0.2698412537574768,0.3015873432159424,-0.7460317611694336,0.777777910232544,-0.2698412537574768,0.3015873432159424,0.5714285969734192,1.5238096714019775,0.5714285969734192
COMMERCIALoffice_building_mesh1571,val,561,-0.7460317611694336,0.777777910232544,-0.5238094925880432,0.5555557012557983,-0.7460317611694336,0.777777910232544,1.5238096714019775,1.0793652534484863,1.5238096714019775
COMMERCIALoffice_building_mesh1582,val,1676,-0.6507936716079712,0.777777910232544,-0.14285707473754883,0.17460322380065918,-0.5238094925880432,0.5555557012557983,1.4285715818405151,0.317460298538208,1.0793652534484863
COMMERCIALoffice_building_mesh1616,train,3811,-0.7460317611694336,0.777777910232544,-0.14285707473754883,0.17460322380065918,-0.5238094925880432,0.5555557012557983,1.5238096714019775,0.317460298538208,1.0793652534484863
COMMERCIALoffice_building_mesh1702,test,53,-0.39682537317276,0.365079402923584,-0.6507936716079712,0.5873017311096191,-0.4603174328804016,0.4920635223388672,0.761904776096344,1.2380954027175903,0.9523809552192688
COMMERCIALoffice_building_mesh1767,train,54,-0.14285707473754883,0.17460322380065918,-0.7142857313156128,0.5873017311096191,-0.07936501502990723,0.11111116409301758,0.317460298538208,1.301587462425232,0.1904761791229248
COMMERCIALoffice_building_mesh1785,train,21573,-0.3015872836112976,0.5873017311096191,-0.682539701461792,0.7142858505249023,-0.3015872836112976,0.6190477609634399,0.8888890147209167,1.3968255519866943,0.9206350445747375
COMMERCIALoffice_building_mesh1837,test,1925,-0.3015872836112976,0.4603174924850464,-0.07936501502990723,0.11111116409301758,-0.2698412537574768,0.20634925365447998,0.761904776096344,0.1904761791229248,0.4761905074119568
COMMERCIALoffice_building_mesh1861,train,84,-0.7460317611694336,0.777777910232544,-0.4285714030265808,0.4920635223388672,-0.4603174328804016,0.4920635223388672,1.5238096714019775,0.920634925365448,0.9523809552192688
COMMERCIALoffice_building_mesh1875,train,1320,-0.7142857313156128,0.7460318803787231,-0.2698412537574768,0.3015873432159424,-0.6190475821495056,0.6507937908172607,1.460317611694336,0.5714285969734192,1.2698414325714111
COMMERCIALoffice_building_mesh2060,train,33321,-0.39682537317276,0.4285714626312256,-0.6190475821495056,0.6507937908172607,-0.6507936716079712,0.6825398206710815,0.8253968358039856,1.2698414325714111,1.3333334922790527
COMMERCIALoffice_building_mesh2098,val,621,-0.4603174328804016,0.5555557012557983,-0.5873015522956848,0.6190477609634399,-0.555555522441864,0.5555557012557983,1.0158731937408447,1.2063493728637695,1.1111111640930176
COMMERCIALoffice_building_mesh2128,train,1011,-0.682539701461792,0.777777910232544,-0.11111104488372803,0.20634925365447998,-0.4285714030265808,0.4603174924850464,1.460317611694336,0.317460298538208,0.8888888955116272
COMMERCIALoffice_building_mesh2148,train,22969,-0.7460317611694336,0.777777910232544,-0.3650793433189392,0.3968254327774048,-0.6190475821495056,0.6507937908172607,1.5238096714019775,0.761904776096344,1.2698414325714111
COMMERCIALoffice_building_mesh2206,train,3089,-0.14285707473754883,0.17460322380065918,-0.11111104488372803,0.14285719394683838,-0.7460317611694336,0.7460318803787231,0.317460298538208,0.2539682388305664,1.4920636415481567
COMMERCIALoffice_building_mesh2227,train,1895,-0.11111104488372803,0.20634925365447998,-0.7460317611694336,0.777777910232544,-0.11111104488372803,0.17460322380065918,0.317460298538208,1.5238096714019775,0.2857142686843872
COMMERCIALoffice_building_mesh2247,train,11015,-0.7460317611694336,0.777777910232544,-0.5873015522956848,0.4920635223388672,-0.3650793433189392,0.3968254327774048,1.5238096714019775,1.0793650150299072,0.761904776096344
COMMERCIALoffice_building_mesh2261,train,1169,-0.3650793433189392,0.3968254327774048,-0.7460317611694336,0.777777910232544,-0.3650793433189392,0.3968254327774048,0.761904776096344,1.5238096714019775,0.761904776096344
COMMERCIALoffice_building_mesh2383,train,9266,-0.3650793433189392,0.3968254327774048,-0.23809516429901123,0.2698413133621216,-0.7142857313156128,0.777777910232544,0.761904776096344,0.5079364776611328,1.4920636415481567
COMMERCIALoffice_building_mesh2487,val,142,-0.2698412537574768,0.3015873432159424,-0.7460317611694336,0.777777910232544,-0.3015872836112976,0.3333333730697632,0.5714285969734192,1.5238096714019775,0.6349206566810608
COMMERCIALoffice_building_mesh2529,val,885,-0.7460317611694336,0.777777910232544,-0.20634913444519043,0.23809528350830078,-0.682539701461792,0.7142858505249023,1.5238096714019775,0.4444444179534912,1.3968255519866943
COMMERCIALoffice_building_mesh2574,val,7350,-0.3333333134651184,0.3333333730697632,-0.7460317611694336,0.777777910232544,-0.3333333134651184,0.365079402923584,0.6666666865348816,1.5238096714019775,0.6984127163887024
COMMERCIALoffice_building_mesh2604,train,301,-0.14285707473754883,0.20634925365447998,-0.7460317611694336,0.6507937908172607,-0.20634913444519043,0.23809528350830078,0.3492063283920288,1.3968255519866943,0.4444444179534912
COMMERCIALoffice_building_mesh2835,train,2737,-0.4285714030265808,0.4285714626312256,-0.07936501502990723,0.14285719394683838,-0.2698412537574768,0.6190477609634399,0.8571428656578064,0.2222222089767456,0.8888890147209167
COMMERCIALoffice_building_mesh2859,train,21911,-0.4920634627342224,0.5238096714019775,-0.7460317611694336,0.777777910232544,-0.4285714030265808,0.4603174924850464,1.0158731937408447,1.5238096714019775,0.8888888955116272
COMMERCIALoffice_building_mesh2982,test,632,-0.5873015522956848,0.6190477609634399,-0.3650793433189392,0.3968254327774048,-0.7460317611694336,0.7460318803787231,1.2063493728637695,0.761904776096344,1.4920636415481567
COMMERCIALoffice_building_mesh3102,train,18355,-0.4285714030265808,0.3968254327774048,-0.39682537317276,0.4285714626312256,-0.7460317611694336,0.7460318803787231,0.8253968358039856,0.8253968358039856,1.4920636415481567
COMMERCIALoffice_building_mesh3109,train,258,-0.7460317611694336,0.777777910232544,-0.20634913444519043,0.23809528350830078,-0.20634913444519043,0.20634925365447998,1.5238096714019775,0.4444444179534912,0.4126983880996704
COMMERCIALoffice_building_mesh3164,val,2350,-0.682539701461792,0.7142858505249023,-0.5873015522956848,0.5873017311096191,-0.682539701461792,0.7142858505249023,1.3968255519866943,1.1746032238006592,1.3968255519866943
COMMERCIALoffice_building_mesh3273,train,9,0.6825398206710815,0.777777910232544,-0.047618985176086426,0.07936513423919678,0.04761910438537598,0.14285719394683838,0.0952380895614624,0.1269841194152832,0.0952380895614624
COMMERCIALoffice_building_mesh3311,train,169,-0.7142857313156128,0.17460322380065918,-0.20634913444519043,0.23809528350830078,-0.555555522441864,0.6507937908172607,0.888888955116272,0.4444444179534912,1.2063493728637695
COMMERCIALoffice_building_mesh3586,train,4164,-0.7142857313156128,0.777777910232544,-0.555555522441864,0.5873017311096191,-0.5873015522956848,0.6507937908172607,1.4920636415481567,1.142857313156128,1.2380952835083008
COMMERCIALoffice_building_mesh3616,train,1955,-0.2698412537574768,0.14285719394683838,-0.23809516429901123,0.3015873432159424,-0.682539701461792,0.5238096714019775,0.4126984477043152,0.5396825075149536,1.2063493728637695
COMMERCIALoffice_building_mesh3618,train,5780,-0.2698412537574768,0.3015873432159424,-0.7460317611694336,0.777777910232544,-0.20634913444519043,0.23809528350830078,0.5714285969734192,1.5238096714019775,0.4444444179534912
COMMERCIALoffice_building_mesh3619,train,4130,-0.20634913444519043,0.23809528350830078,-0.7460317611694336,0.777777910232544,-0.20634913444519043,0.20634925365447998,0.4444444179534912,1.5238096714019775,0.4126983880996704
COMMERCIALoffice_building_mesh3666,test,7828,-0.7460317611694336,0.777777910232544,-0.23809516429901123,0.2698413133621216,-0.682539701461792,0.7142858505249023,1.5238096714019775,0.5079364776611328,1.3968255519866943
COMMERCIALoffice_building_mesh3729,train,224,-0.20634913444519043,0.23809528350830078,-0.047618985176086426,0.07936513423919678,-0.7460317611694336,0.777777910232544,0.4444444179534912,0.1269841194152832,1.5238096714019775
COMMERCIALpalace_mesh0584,train,7591,-0.7460317611694336,0.777777910232544,-0.2698412537574768,0.3015873432159424,-0.23809516429901123,0.2698413133621216,1.5238096714019775,0.5714285969734192,0.5079364776611328
COMMERCIALpalace_mesh0662,train,3277,-0.555555522441864,0.5873017311096191,-0.5873015522956848,0.6190477609634399,-0.5873015522956848,0.6190477609634399,1.142857313156128,1.2063493728637695,1.2063493728637695
COMMERCIALpalace_mesh0686,test,9928,-0.7460317611694336,0.7460318803787231,-0.5238094925880432,0.5555557012557983,-0.5238094925880432,0.5555557012557983,1.4920636415481567,1.0793652534484863,1.0793652534484863
COMMERCIALpalace_mesh1011,train,10614,-0.6190475821495056,0.5238096714019775,-0.20634913444519043,0.23809528350830078,-0.555555522441864,0.6507937908172607,1.142857313156128,0.4444444179534912,1.2063493728637695
COMMERCIALpalace_mesh1075,test,12179,-0.7142857313156128,0.777777910232544,-0.23809516429901123,0.2698413133621216,-0.7460317611694336,0.777777910232544,1.4920636415481567,0.5079364776611328,1.5238096714019775
COMMERCIALpalace_mesh1097,train,25576,-0.5873015522956848,0.6190477609634399,-0.7460317611694336,0.777777910232544,-0.555555522441864,0.5555557012557983,1.2063493728637695,1.5238096714019775,1.1111111640930176
COMMERCIALpalace_mesh1272,train,6665,-0.682539701461792,0.7460318803787231,-0.11111104488372803,0.20634925365447998,-0.6507936716079712,0.6190477609634399,1.4285715818405151,0.317460298538208,1.2698414325714111
COMMERCIALpalace_mesh1314,train,365,-0.5238094925880432,0.6507937908172607,-0.4285714030265808,0.4285714626312256,-0.7460317611694336,0.7142858505249023,1.1746032238006592,0.8571428656578064,1.460317611694336
COMMERCIALpalace_mesh1393,val,106,-0.4920634627342224,-0.3650793433189392,-0.07936501502990723,0.14285719394683838,0.07936513423919678,0.23809528350830078,0.1269841194152832,0.2222222089767456,0.158730149269104
COMMERCIALschool_building_mesh0043,test,16879,-0.7460317611694336,0.777777910232544,-0.7142857313156128,0.5238096714019775,-0.7460317611694336,0.777777910232544,1.5238096714019775,1.2380954027175903,1.5238096714019775
COMMERCIALtemple_mesh0758,train,382,-0.07936501502990723,0.4920635223388672,-0.20634913444519043,0.20634925365447998,-0.3333333134651184,0.4603174924850464,0.5714285373687744,0.4126983880996704,0.7936508059501648
COMMERCIALtemple_mesh0760,train,818,-0.2698412537574768,0.3015873432159424,-0.14285707473754883,0.17460322380065918,-0.7460317611694336,0.777777910232544,0.5714285969734192,0.317460298538208,1.5238096714019775
COMMERCIALvilla_mesh0846,train,6798,-0.39682537317276,0.4285714626312256,-0.7460317611694336,0.777777910232544,-0.3015872836112976,0.3333333730697632,0.8253968358039856,1.5238096714019775,0.6349206566810608
COMMERCIALvilla_mesh2315,train,1747,-0.3650793433189392,0.3968254327774048,-0.2698412537574768,0.3015873432159424,-0.7460317611694336,0.777777910232544,0.761904776096344,0.5714285969734192,1.5238096714019775
COMMERCIALvilla_mesh2324,train,4648,-0.7460317611694336,0.777777910232544,-0.17460310459136963,0.20634925365447998,-0.5238094925880432,0.5555557012557983,1.5238096714019775,0.3809523582458496,1.0793652534484863
PUBLICcastle_mesh0120,train,151,-0.7460317611694336,0.777777910232544,-0.39682537317276,0.4920635223388672,-0.555555522441864,0.5873017311096191,1.5238096714019775,0.8888888955116272,1.142857313156128
PUBLICcastle_mesh2399,train,9766,-0.7460317611694336,0.7460318803787231,-0.4920634627342224,0.23809528350830078,-0.6190475821495056,0.6507937908172607,1.4920636415481567,0.7301587462425232,1.2698414325714111
PUBLICcastle_mesh2583,train,234,-0.4603174328804016,0.5873017311096191,-0.047618985176086426,0.07936513423919678,-0.6190475821495056,0.6190477609634399,1.047619104385376,0.1269841194152832,1.2380952835083008
PUBLICcastle_mesh3057,train,314,-0.555555522441864,0.5555557012557983,-0.4603174328804016,0.4285714626312256,-0.682539701461792,0.777777910232544,1.1111111640930176,0.8888888955116272,1.460317611694336
PUBLICcastle_mesh3328,train,12,0.5238096714019775,0.6825398206710815,0.015873074531555176,0.04761910438537598,-0.7460317611694336,-0.5873015522956848,0.158730149269104,0.0317460298538208,0.15873020887374878
PUBLICchurch_mesh2363,train,3530,-0.7460317611694336,0.777777910232544,-0.17460310459136963,0.20634925365447998,-0.6190475821495056,0.6507937908172607,1.5238096714019775,0.3809523582458496,1.2698414325714111
PUBLICcity_hall_mesh0451,test,6450,-0.3333333134651184,0.2698413133621216,-0.11111104488372803,0.14285719394683838,-0.7460317611694336,0.777777910232544,0.60317462682724,0.2539682388305664,1.5238096714019775
PUBLICcity_hall_mesh0607,train,211,-0.6190475821495056,0.6507937908172607,-0.17460310459136963,0.17460322380065918,-0.7460317611694336,0.7460318803787231,1.2698414325714111,0.3492063283920288,1.4920636415481567
PUBLICfactory_mesh0697,train,365,-0.6190475821495056,0.7460318803787231,-0.11111104488372803,0.14285719394683838,-0.6507936716079712,0.6825398206710815,1.365079402923584,0.2539682388305664,1.3333334922790527
PUBLICfactory_mesh0802,train,1254,-0.5873015522956848,0.365079402923584,-0.047618985176086426,0.07936513423919678,-0.5238094925880432,0.2698413133621216,0.9523809552192688,0.1269841194152832,0.7936508059501648
PUBLIChotel_building_mesh0246,train,320,-0.7142857313156128,0.777777910232544,-0.17460310459136963,0.17460322380065918,-0.2698412537574768,0.14285719394683838,1.4920636415481567,0.3492063283920288,0.4126984477043152
PUBLIChotel_building_mesh0365,train,692,-0.3015872836112976,0.777777910232544,-0.17460310459136963,0.17460322380065918,-0.6507936716079712,0.777777910232544,1.0793652534484863,0.3492063283920288,1.4285715818405151
PUBLIChotel_building_mesh0895,train,260,-0.7460317611694336,0.7460318803787231,-0.23809516429901123,0.23809528350830078,-0.555555522441864,0.4920635223388672,1.4920636415481567,0.476190447807312,1.047619104385376
PUBLIChouse_mesh0094,train,230,-0.3015872836112976,0.3333333730697632,-0.015872955322265625,0.04761910438537598,-0.5238094925880432,0.6190477609634399,0.6349206566810608,0.0634920597076416,1.142857313156128
PUBLIChouse_mesh3576,train,614,-0.6190475821495056,0.6507937908172607,-0.07936501502990723,0.11111116409301758,-0.682539701461792,0.777777910232544,1.2698414325714111,0.1904761791229248,1.460317611694336
PUBLICmonastery_mesh0235,val,249,-0.6190475821495056,0.6825398206710815,-0.047618985176086426,0.23809528350830078,-0.7460317611694336,0.6825398206710815,1.3015873432159424,0.2857142686843872,1.4285715818405151
PUBLICmuseum_mesh0046,train,8368,-0.7460317611694336,0.7460318803787231,-0.2698412537574768,0.3015873432159424,-0.6190475821495056,0.6507937908172607,1.4920636415481567,0.5714285969734192,1.2698414325714111
PUBLICmuseum_mesh0050,train,469,-0.7460317611694336,0.777777910232544,-0.2698412537574768,0.20634925365447998,-0.5873015522956848,0.6190477609634399,1.5238096714019775,0.4761905074119568,1.2063493728637695
PUBLICmuseum_mesh0082,val,6243,-0.7460317611694336,0.777777910232544,-0.11111104488372803,0.11111116409301758,-0.5873015522956848,0.5555557012557983,1.5238096714019775,0.2222222089767456,1.142857313156128
PUBLICmuseum_mesh0147,train,152,-0.4920634627342224,0.777777910232544,-0.14285707473754883,0.20634925365447998,-0.682539701461792,0.6825398206710815,1.2698414325714111,0.3492063283920288,1.3650795221328735
PUBLICmuseum_mesh0409,train,67,-0.20634913444519043,0.2698413133621216,-0.015872955322265625,0.07936513423919678,-0.7460317611694336,0.7460318803787231,0.476190447807312,0.0952380895614624,1.4920636415481567
PUBLICmuseum_mesh0501,train,3456,-0.5238094925880432,0.5555557012557983,-0.07936501502990723,0.11111116409301758,-0.7460317611694336,0.6507937908172607,1.0793652534484863,0.1904761791229248,1.3968255519866943
PUBLICmuseum_mesh0739,val,331,-0.3650793433189392,0.365079402923584,-0.047618985176086426,0.07936513423919678,-0.7460317611694336,0.4920635223388672,0.7301587462425232,0.1269841194152832,1.2380952835083008
PUBLICmuseum_mesh0812,test,1031,-0.5238094925880432,0.6507937908172607,-0.4603174328804016,0.3968254327774048,-0.7460317611694336,0.7460318803787231,1.1746032238006592,0.8571428656578064,1.4920636415481567
PUBLICmuseum_mesh2262,train,230,-0.7460317611694336,0.777777910232544,-0.14285707473754883,0.17460322380065918,-0.7142857313156128,0.7460318803787231,1.5238096714019775,0.317460298538208,1.460317611694336
PUBLICmuseum_mesh2295,val,3184,-0.7460317611694336,0.777777910232544,-0.3333333134651184,0.365079402923584,-0.682539701461792,0.6825398206710815,1.5238096714019775,0.6984127163887024,1.3650795221328735
PUBLICoffice_building_mesh0008,train,4049,-0.4285714030265808,0.4603174924850464,-0.047618985176086426,0.07936513423919678,-0.7142857313156128,0.7460318803787231,0.8888888955116272,0.1269841194152832,1.460317611694336
PUBLICoffice_building_mesh0223,train,4625,-0.3015872836112976,0.3333333730697632,-0.07936501502990723,0.11111116409301758,-0.7460317611694336,0.777777910232544,0.6349206566810608,0.1904761791229248,1.5238096714019775
PUBLICoffice_building_mesh0225,train,160,-0.7142857313156128,0.7460318803787231,-0.07936501502990723,0.07936513423919678,-0.7460317611694336,0.777777910232544,1.460317611694336,0.158730149269104,1.5238096714019775
PUBLICoffice_building_mesh0248,train,328,-0.682539701461792,0.7142858505249023,-0.5238094925880432,0.5555557012557983,-0.7142857313156128,0.7460318803787231,1.3968255519866943,1.0793652534484863,1.460317611694336
PUBLICoffice_building_mesh2009,train,2937,-0.555555522441864,0.5873017311096191,-0.17460310459136963,0.20634925365447998,-0.7460317611694336,0.777777910232544,1.142857313156128,0.3809523582458496,1.5238096714019775
PUBLICoffice_building_mesh2632,test,296,-0.7460317611694336,0.7460318803787231,-0.23809516429901123,0.2698413133621216,-0.7460317611694336,0.777777910232544,1.4920636415481567,0.5079364776611328,1.5238096714019775
PUBLICoffice_building_mesh3131,train,284,0.11111116409301758,0.6507937908172607,-0.015872955322265625,0.04761910438537598,-0.7460317611694336,-0.047618985176086426,0.5396826267242432,0.0634920597076416,0.6984127759933472
PUBLICoffice_building_mesh3229,test,11609,-0.682539701461792,0.777777910232544,-0.20634913444519043,0.2698413133621216,-0.682539701461792,0.5555557012557983,1.460317611694336,0.476190447807312,1.2380954027175903
PUBLICoffice_building_mesh3669,train,261,-0.7142857313156128,0.7460318803787231,-0.17460310459136963,0.20634925365447998,-0.682539701461792,0.7142858505249023,1.460317611694336,0.3809523582458496,1.3968255519866943
PUBLICpalace_mesh0085,train,251,-0.7142857313156128,0.7460318803787231,-0.3015872836112976,0.11111116409301758,-0.5873015522956848,0.6507937908172607,1.460317611694336,0.4126984477043152,1.2380952835083008
PUBLICpalace_mesh0682,train,573,-0.7142857313156128,0.7142858505249023,-0.047618985176086426,0.07936513423919678,-0.7460317611694336,0.777777910232544,1.4285715818405151,0.1269841194152832,1.5238096714019775
PUBLICpalace_mesh0858,train,452,-0.7460317611694336,0.777777910232544,-0.3015872836112976,0.2698413133621216,-0.5238094925880432,0.5238096714019775,1.5238096714019775,0.5714285969734192,1.047619104385376
PUBLICpalace_mesh0900,train,3478,-0.4285714030265808,0.4603174924850464,-0.39682537317276,0.365079402923584,-0.7460317611694336,0.7460318803787231,0.8888888955116272,0.761904776096344,1.4920636415481567
PUBLICpalace_mesh0982,train,362,-0.7142857313156128,0.7460318803787231,-0.23809516429901123,0.23809528350830078,-0.6190475821495056,0.6507937908172607,1.460317611694336,0.476190447807312,1.2698414325714111
PUBLICpalace_mesh1165,train,149,-0.7460317611694336,0.4285714626312256,-0.015872955322265625,0.04761910438537598,-0.3015872836112976,0.3333333730697632,1.1746032238006592,0.0634920597076416,0.6349206566810608
PUBLICpalace_mesh1398,train,6153,-0.6190475821495056,0.6825398206710815,-0.14285707473754883,0.17460322380065918,-0.7142857313156128,0.777777910232544,1.3015873432159424,0.317460298538208,1.4920636415481567
PUBLICpalace_mesh1461,test,408,-0.682539701461792,0.7142858505249023,-0.11111104488372803,0.20634925365447998,-0.7460317611694336,0.777777910232544,1.3968255519866943,0.317460298538208,1.5238096714019775
PUBLICpalace_mesh1475,train,8120,-0.7142857313156128,0.7460318803787231,-0.20634913444519043,0.17460322380065918,-0.7460317611694336,0.777777910232544,1.460317611694336,0.3809523582458496,1.5238096714019775
PUBLICpalace_mesh1493,train,522,-0.7460317611694336,0.777777910232544,-0.2698412537574768,0.3015873432159424,-0.4920634627342224,0.5238096714019775,1.5238096714019775,0.5714285969734192,1.0158731937408447
PUBLICschool_building_mesh0034,test,248,-0.7142857313156128,0.6825398206710815,-0.17460310459136963,0.20634925365447998,-0.39682537317276,0.5555557012557983,1.3968255519866943,0.3809523582458496,0.9523810744285583
PUBLICschool_building_mesh0082,test,617,-0.7460317611694336,0.777777910232544,-0.17460310459136963,0.20634925365447998,-0.5238094925880432,0.5555557012557983,1.5238096714019775,0.3809523582458496,1.0793652534484863
PUBLICschool_building_mesh0155,train,8401,-0.7460317611694336,0.7142858505249023,-0.17460310459136963,0.20634925365447998,-0.6190475821495056,0.7460318803787231,1.460317611694336,0.3809523582458496,1.365079402923584
PUBLICschool_building_mesh0260,train,6451,-0.4920634627342224,0.5238096714019775,-0.14285707473754883,0.17460322380065918,-0.7460317611694336,0.777777910232544,1.0158731937408447,0.317460298538208,1.5238096714019775
PUBLICschool_building_mesh0344,train,2013,-0.5873015522956848,0.7460318803787231,-0.23809516429901123,0.2698413133621216,-0.7142857313156128,0.777777910232544,1.3333334922790527,0.5079364776611328,1.4920636415481567
PUBLICschool_building_mesh0889,train,266,-0.7460317611694336,0.7142858505249023,-0.11111104488372803,0.17460322380065918,-0.39682537317276,0.4285714626312256,1.460317611694336,0.2857142686843872,0.8253968358039856
PUBLICschool_building_mesh1131,val,1274,-0.7460317611694336,0.777777910232544,-0.047618985176086426,0.07936513423919678,-0.5238094925880432,0.5555557012557983,1.5238096714019775,0.1269841194152832,1.0793652534484863
PUBLICschool_building_mesh1289,train,6696,-0.5873015522956848,0.6190477609634399,-0.7460317611694336,0.5238096714019775,-0.5873015522956848,0.6190477609634399,1.2063493728637695,1.2698414325714111,1.2063493728637695
PUBLICvilla_mesh3962,val,6757,-0.7460317611694336,0.777777910232544,-0.3650793433189392,0.3968254327774048,-0.7460317611694336,0.777777910232544,1.5238096714019775,0.761904776096344,1.5238096714019775
PUBLICvilla_mesh5783,train,95,-0.5238094925880432,0.4920635223388672,-0.2698412537574768,0.3015873432159424,-0.7142857313156128,0.777777910232544,1.0158729553222656,0.5714285969734192,1.4920636415481567
PUBLICvilla_mesh6414,train,5410,-0.7142857313156128,0.7460318803787231,-0.20634913444519043,0.20634925365447998,-0.5873015522956848,0.6190477609634399,1.460317611694336,0.4126983880996704,1.2063493728637695
RELIGIOUScastle_mesh0107,train,4502,-0.5873015522956848,0.6190477609634399,-0.2698412537574768,0.20634925365447998,-0.7460317611694336,0.777777910232544,1.2063493728637695,0.4761905074119568,1.5238096714019775
RELIGIOUScastle_mesh0349,train,599,-0.6190475821495056,0.6507937908172607,-0.6507936716079712,0.5873017311096191,-0.7142857313156128,0.6190477609634399,1.2698414325714111,1.2380954027175903,1.3333334922790527
RELIGIOUScastle_mesh0692,train,410,-0.3015872836112976,0.20634925365447998,-0.17460310459136963,0.17460322380065918,-0.555555522441864,0.3333333730697632,0.5079365372657776,0.3492063283920288,0.8888888955116272
RELIGIOUScastle_mesh3136,train,990,-0.39682537317276,0.4285714626312256,-0.3650793433189392,0.365079402923584,-0.7460317611694336,0.14285719394683838,0.8253968358039856,0.7301587462425232,0.888888955116272
RELIGIOUScastle_mesh3372,train,94,-0.2698412537574768,0.17460322380065918,-0.17460310459136963,0.17460322380065918,-0.4285714030265808,0.04761910438537598,0.444444477558136,0.3492063283920288,0.4761905074119568
RELIGIOUScathedral_mesh0045,test,331,-0.4920634627342224,0.6190477609634399,-0.3333333134651184,0.3015873432159424,-0.2698412537574768,0.17460322380065918,1.1111111640930176,0.6349206566810608,0.444444477558136
RELIGIOUScathedral_mesh0049,train,251,-0.7142857313156128,0.777777910232544,-0.555555522441864,0.4920635223388672,-0.7460317611694336,0.7460318803787231,1.4920636415481567,1.047619104385376,1.4920636415481567
RELIGIOUScathedral_mesh0066,test,490,-0.3015872836112976,0.4285714626312256,-0.39682537317276,0.3333333730697632,-0.7460317611694336,0.6507937908172607,0.7301587462425232,0.7301587462425232,1.3968255519866943
RELIGIOUScathedral_mesh0085,train,4764,-0.20634913444519043,0.3015873432159424,-0.7142857313156128,0.6190477609634399,-0.5238094925880432,0.3968254327774048,0.5079364776611328,1.3333334922790527,0.920634925365448
RELIGIOUScathedral_mesh0227,train,9550,-0.555555522441864,0.5873017311096191,-0.4603174328804016,0.5238096714019775,-0.4920634627342224,0.5555557012557983,1.142857313156128,0.9841271042823792,1.047619104385376
RELIGIOUScathedral_mesh0231,train,3709,-0.5873015522956848,0.3968254327774048,-0.3650793433189392,0.3968254327774048,-0.4285714030265808,0.365079402923584,0.9841269850730896,0.761904776096344,0.7936508059501648
RELIGIOUScathedral_mesh0233,train,2826,-0.4603174328804016,0.23809528350830078,-0.23809516429901123,0.23809528350830078,-0.20634913444519043,0.4920635223388672,0.6984127163887024,0.476190447807312,0.6984126567840576
RELIGIOUScathedral_mesh0289,train,422,-0.7460317611694336,0.777777910232544,-0.4285714030265808,0.2698413133621216,-0.5873015522956848,0.6190477609634399,1.5238096714019775,0.6984127163887024,1.2063493728637695
RELIGIOUScathedral_mesh0301,train,651,-0.7460317611694336,0.7460318803787231,-0.4920634627342224,0.4285714626312256,-0.3333333134651184,0.365079402923584,1.4920636415481567,0.920634925365448,0.6984127163887024
RELIGIOUScathedral_mesh0339,test,363,-0.7460317611694336,0.4920635223388672,-0.4920634627342224,0.3015873432159424,-0.3650793433189392,0.3968254327774048,1.2380952835083008,0.7936508059501648,0.761904776096344
RELIGIOUScathedral_mesh0357,train,8105,-0.3333333134651184,0.365079402923584,-0.7460317611694336,0.777777910232544,-0.5238094925880432,0.5555557012557983,0.6984127163887024,1.5238096714019775,1.0793652534484863
RELIGIOUScathedral_mesh0363,train,598,-0.7460317611694336,0.777777910232544,-0.5873015522956848,0.5238096714019775,-0.5238094925880432,0.5555557012557983,1.5238096714019775,1.1111111640930176,1.0793652534484863
RELIGIOUScathedral_mesh0494,train,7009,-0.682539701461792,0.6825398206710815,-0.555555522441864,0.5238096714019775,-0.2698412537574768,0.3968254327774048,1.3650795221328735,1.0793652534484863,0.6666666865348816
RELIGIOUScathedral_mesh0541,val,476,-0.7142857313156128,0.7460318803787231,-0.6190475821495056,0.6507937908172607,-0.4285714030265808,0.4285714626312256,1.460317611694336,1.2698414325714111,0.8571428656578064
RELIGIOUScathedral_mesh0593,train,16177,-0.7460317611694336,0.6825398206710815,-0.3015872836112976,0.3333333730697632,-0.4285714030265808,0.4603174924850464,1.4285715818405151,0.6349206566810608,0.8888888955116272
RELIGIOUScathedral_mesh0624,val,12769,-0.682539701461792,0.7142858505249023,-0.7460317611694336,0.5238096714019775,-0.4603174328804016,0.4920635223388672,1.3968255519866943,1.2698414325714111,0.9523809552192688
RELIGIOUScathedral_mesh0640,test,6719,-0.4603174328804016,0.4285714626312256,-0.4920634627342224,0.5873017311096191,-0.4603174328804016,0.4920635223388672,0.8888888955116272,1.0793652534484863,0.9523809552192688
RELIGIOUScathedral_mesh0647,train,2026,-0.39682537317276,0.4285714626312256,-0.5238094925880432,0.5238096714019775,-0.555555522441864,0.5873017311096191,0.8253968358039856,1.047619104385376,1.142857313156128
RELIGIOUScathedral_mesh0702,train,2566,-0.3650793433189392,0.3968254327774048,-0.3015872836112976,0.2698413133621216,-0.7460317611694336,0.7460318803787231,0.761904776096344,0.5714285969734192,1.4920636415481567
RELIGIOUScathedral_mesh0715,train,267,-0.7460317611694336,0.777777910232544,-0.555555522441864,0.3968254327774048,-0.3650793433189392,0.3968254327774048,1.5238096714019775,0.9523809552192688,0.761904776096344
RELIGIOUScathedral_mesh0754,train,1273,-0.7460317611694336,0.777777910232544,-0.20634913444519043,0.20634925365447998,-0.3650793433189392,0.3968254327774048,1.5238096714019775,0.4126983880996704,0.761904776096344
RELIGIOUScathedral_mesh0926,train,556,-0.7460317611694336,0.7460318803787231,-0.39682537317276,0.3333333730697632,-0.5873015522956848,0.5555557012557983,1.4920636415481567,0.7301587462425232,1.142857313156128
RELIGIOUScathedral_mesh0953,train,879,-0.6190475821495056,0.6825398206710815,-0.5873015522956848,0.5238096714019775,-0.7460317611694336,0.777777910232544,1.3015873432159424,1.1111111640930176,1.5238096714019775
RELIGIOUScathedral_mesh0960,train,398,-0.7460317611694336,0.365079402923584,-0.4285714030265808,0.365079402923584,-0.17460310459136963,0.4285714626312256,1.1111111640930176,0.7936508059501648,0.6031745672225952
RELIGIOUScathedral_mesh0963,train,214,-0.7460317611694336,0.777777910232544,-0.3015872836112976,0.5873017311096191,-0.23809516429901123,0.2698413133621216,1.5238096714019775,0.8888890147209167,0.5079364776611328
RELIGIOUScathedral_mesh0986,train,2439,-0.4603174328804016,0.4920635223388672,-0.6507936716079712,0.5873017311096191,-0.7460317611694336,0.777777910232544,0.9523809552192688,1.2380954027175903,1.5238096714019775
RELIGIOUScathedral_mesh0989,train,8094,-0.5873015522956848,0.5555557012557983,-0.7142857313156128,0.6825398206710815,-0.3015872836112976,0.3015873432159424,1.142857313156128,1.3968255519866943,0.60317462682724
RELIGIOUScathedral_mesh1005,train,7395,-0.6190475821495056,0.6825398206710815,-0.7460317611694336,0.6507937908172607,-0.6190475821495056,0.6507937908172607,1.3015873432159424,1.3968255519866943,1.2698414325714111
RELIGIOUScathedral_mesh1011,test,9827,-0.682539701461792,0.7142858505249023,-0.7460317611694336,0.6507937908172607,-0.5873015522956848,0.6190477609634399,1.3968255519866943,1.3968255519866943,1.2063493728637695
RELIGIOUSchurch_mesh0013,train,1177,-0.6507936716079712,0.6190477609634399,-0.7460317611694336,0.6825398206710815,-0.2698412537574768,0.3015873432159424,1.2698414325714111,1.4285715818405151,0.5714285969734192
RELIGIOUSchurch_mesh0023,train,318,-0.3015872836112976,0.3333333730697632,-0.4285714030265808,0.4603174924850464,-0.7460317611694336,0.777777910232544,0.6349206566810608,0.8888888955116272,1.5238096714019775
RELIGIOUSchurch_mesh0036,train,1892,-0.7460317611694336,0.777777910232544,-0.39682537317276,0.365079402923584,-0.4285714030265808,0.5555557012557983,1.5238096714019775,0.761904776096344,0.9841271042823792
RELIGIOUSchurch_mesh0061,val,489,-0.7460317611694336,0.777777910232544,-0.555555522441864,0.4603174924850464,-0.4603174328804016,0.4920635223388672,1.5238096714019775,1.0158729553222656,0.9523809552192688
RELIGIOUSchurch_mesh0081,train,6948,-0.7460317611694336,0.777777910232544,-0.20634913444519043,0.23809528350830078,-0.3650793433189392,0.3968254327774048,1.5238096714019775,0.4444444179534912,0.761904776096344
RELIGIOUSchurch_mesh0086,train,7337,-0.5873015522956848,0.6190477609634399,-0.3650793433189392,0.365079402923584,-0.7460317611694336,0.777777910232544,1.2063493728637695,0.7301587462425232,1.5238096714019775
RELIGIOUSchurch_mesh0091,train,510,-0.7460317611694336,0.777777910232544,-0.555555522441864,0.4920635223388672,-0.3015872836112976,0.3333333730697632,1.5238096714019775,1.047619104385376,0.6349206566810608
RELIGIOUSchurch_mesh0099,train,699,-0.4285714030265808,0.4285714626312256,-0.7142857313156128,0.7142858505249023,-0.7460317611694336,0.777777910232544,0.8571428656578064,1.4285715818405151,1.5238096714019775
RELIGIOUSchurch_mesh0112,val,466,-0.5873015522956848,0.6190477609634399,-0.555555522441864,0.4285714626312256,-0.7460317611694336,0.777777910232544,1.2063493728637695,0.9841269850730896,1.5238096714019775
RELIGIOUSchurch_mesh0114,train,186,-0.555555522441864,0.5555557012557983,-0.23809516429901123,0.17460322380065918,-0.7460317611694336,0.7460318803787231,1.1111111640930176,0.4126983880996704,1.4920636415481567
RELIGIOUSchurch_mesh0117,train,310,-0.7142857313156128,0.777777910232544,-0.4285714030265808,0.3968254327774048,-0.3650793433189392,0.4920635223388672,1.4920636415481567,0.8253968358039856,0.8571428656578064
RELIGIOUSchurch_mesh0122,train,572,-0.3015872836112976,0.3015873432159424,-0.6190475821495056,0.3968254327774048,-0.7460317611694336,0.7460318803787231,0.60317462682724,1.0158729553222656,1.4920636415481567
RELIGIOUSchurch_mesh0146,train,6484,-0.39682537317276,0.6825398206710815,-0.4285714030265808,0.4920635223388672,-0.555555522441864,0.5238096714019775,1.0793652534484863,0.920634925365448,1.0793652534484863
RELIGIOUSchurch_mesh0153,train,11901,-0.6190475821495056,0.5555557012557983,-0.3333333134651184,0.4285714626312256,-0.5873015522956848,0.5238096714019775,1.1746032238006592,0.761904776096344,1.1111111640930176
RELIGIOUSchurch_mesh0157,train,551,-0.7460317611694336,0.777777910232544,-0.3650793433189392,0.365079402923584,-0.4920634627342224,0.5238096714019775,1.5238096714019775,0.7301587462425232,1.0158731937408447
RELIGIOUSchurch_mesh0166,train,294,-0.3333333134651184,0.6507937908172607,-0.7460317611694336,0.5873017311096191,-0.2698412537574768,0.3968254327774048,0.9841271042823792,1.3333334922790527,0.6666666865348816
RELIGIOUSchurch_mesh0168,test,187,-0.4920634627342224,0.777777910232544,-0.2698412537574768,0.20634925365447998,-0.20634913444519043,0.23809528350830078,1.2698414325714111,0.4761905074119568,0.4444444179534912
RELIGIOUSchurch_mesh0170,train,495,-0.7460317611694336,0.777777910232544,-0.3015872836112976,0.3333333730697632,-0.4603174328804016,0.4920635223388672,1.5238096714019775,0.6349206566810608,0.9523809552192688
RELIGIOUSchurch_mesh0171,train,5582,-0.555555522441864,0.5873017311096191,-0.7460317611694336,0.6507937908172607,-0.20634913444519043,0.23809528350830078,1.142857313156128,1.3968255519866943,0.4444444179534912
RELIGIOUSchurch_mesh0173,train,703,-0.682539701461792,0.7142858505249023,-0.5873015522956848,0.3015873432159424,-0.7460317611694336,0.777777910232544,1.3968255519866943,0.8888888955116272,1.5238096714019775
RELIGIOUSchurch_mesh0180,train,323,-0.7142857313156128,0.777777910232544,-0.5873015522956848,0.4920635223388672,-0.3015872836112976,0.3015873432159424,1.4920636415481567,1.0793650150299072,0.60317462682724
RELIGIOUSchurch_mesh0185,train,6308,-0.5873015522956848,0.777777910232544,-0.5238094925880432,0.4920635223388672,-0.4603174328804016,0.777777910232544,1.365079402923584,1.0158729553222656,1.2380952835083008
RELIGIOUSchurch_mesh0187,train,2811,-0.7142857313156128,0.7142858505249023,-0.7460317611694336,0.7142858505249023,-0.4285714030265808,0.4603174924850464,1.4285715818405151,1.460317611694336,0.8888888955116272
RELIGIOUSchurch_mesh0188,train,11034,-0.5873015522956848,0.6507937908172607,-0.5873015522956848,0.5238096714019775,-0.4920634627342224,0.5238096714019775,1.2380952835083008,1.1111111640930176,1.0158731937408447
RELIGIOUSchurch_mesh0203,train,983,-0.7460317611694336,0.777777910232544,-0.4603174328804016,0.4920635223388672,-0.555555522441864,0.5873017311096191,1.5238096714019775,0.9523809552192688,1.142857313156128
RELIGIOUSchurch_mesh0224,train,559,-0.5238094925880432,0.5555557012557983,-0.7460317611694336,0.777777910232544,-0.4603174328804016,0.4920635223388672,1.0793652534484863,1.5238096714019775,0.9523809552192688
RELIGIOUSchurch_mesh0226,train,2478,-0.14285707473754883,0.6190477609634399,-0.3015872836112976,0.2698413133621216,-0.3333333134651184,0.20634925365447998,0.7619048357009888,0.5714285969734192,0.5396825671195984
RELIGIOUSchurch_mesh0229,train,443,-0.3650793433189392,0.3968254327774048,-0.3333333134651184,0.2698413133621216,-0.7460317611694336,0.777777910232544,0.761904776096344,0.60317462682724,1.5238096714019775
RELIGIOUSchurch_mesh0234,test,6788,-0.6190475821495056,0.777777910232544,-0.6507936716079712,0.6190477609634399,-0.3333333134651184,0.365079402923584,1.3968255519866943,1.2698414325714111,0.6984127163887024
RELIGIOUSchurch_mesh0252,train,753,-0.4603174328804016,0.4920635223388672,-0.6190475821495056,0.4920635223388672,-0.7460317611694336,0.777777910232544,0.9523809552192688,1.1111111640930176,1.5238096714019775
RELIGIOUSchurch_mesh0259,train,265,-0.23809516429901123,0.2698413133621216,-0.4920634627342224,0.3968254327774048,-0.4285714030265808,0.7460318803787231,0.5079364776611328,0.8888888955116272,1.1746032238006592
RELIGIOUSchurch_mesh0272,test,305,-0.7460317611694336,0.7460318803787231,-0.39682537317276,0.3015873432159424,-0.682539701461792,0.7142858505249023,1.4920636415481567,0.6984127163887024,1.3968255519866943
RELIGIOUSchurch_mesh0280,train,1917,-0.3650793433189392,0.3968254327774048,-0.4603174328804016,0.365079402923584,-0.7460317611694336,0.777777910232544,0.761904776096344,0.8253968358039856,1.5238096714019775
RELIGIOUSchurch_mesh0284,train,253,-0.4920634627342224,0.6825398206710815,-0.4603174328804016,0.5238096714019775,-0.6507936716079712,0.3968254327774048,1.1746032238006592,0.9841271042823792,1.047619104385376
RELIGIOUSchurch_mesh0286,train,3944,-0.6507936716079712,0.777777910232544,-0.23809516429901123,0.23809528350830078,-0.4603174328804016,0.5238096714019775,1.4285715818405151,0.476190447807312,0.9841271042823792
RELIGIOUSchurch_mesh0298,test,416,-0.682539701461792,0.777777910232544,-0.7142857313156128,0.5555557012557983,-0.39682537317276,0.365079402923584,1.460317611694336,1.2698414325714111,0.761904776096344
RELIGIOUSchurch_mesh0331,train,1202,-0.7460317611694336,0.777777910232544,-0.5873015522956848,0.5873017311096191,-0.555555522441864,0.5873017311096191,1.5238096714019775,1.1746032238006592,1.142857313156128
RELIGIOUSchurch_mesh0335,train,666,-0.047618985176086426,0.14285719394683838,-0.4920634627342224,0.3968254327774048,-0.07936501502990723,0.11111116409301758,0.1904761791229248,0.8888888955116272,0.1904761791229248
RELIGIOUSchurch_mesh0339,train,1573,-0.7460317611694336,0.7460318803787231,-0.555555522441864,0.5555557012557983,-0.2698412537574768,0.3015873432159424,1.4920636415481567,1.1111111640930176,0.5714285969734192
RELIGIOUSchurch_mesh0354,train,1156,-0.7460317611694336,0.7460318803787231,-0.4285714030265808,0.3333333730697632,-0.3650793433189392,0.3968254327774048,1.4920636415481567,0.761904776096344,0.761904776096344
RELIGIOUSchurch_mesh0376,train,455,-0.6507936716079712,0.777777910232544,-0.4920634627342224,0.4285714626312256,-0.4285714030265808,0.4603174924850464,1.4285715818405151,0.920634925365448,0.8888888955116272
RELIGIOUSchurch_mesh0411,train,1232,-0.7460317611694336,0.777777910232544,-0.5873015522956848,0.6190477609634399,-0.3333333134651184,0.365079402923584,1.5238096714019775,1.2063493728637695,0.6984127163887024
RELIGIOUSchurch_mesh0414,train,71,-0.7460317611694336,0.4285714626312256,-0.4920634627342224,0.4285714626312256,-0.3333333134651184,0.3015873432159424,1.1746032238006592,0.920634925365448,0.6349206566810608
RELIGIOUSchurch_mesh0423,train,10992,-0.3015872836112976,0.3333333730697632,-0.555555522441864,0.4603174924850464,-0.7460317611694336,0.7460318803787231,0.6349206566810608,1.0158729553222656,1.4920636415481567
RELIGIOUSchurch_mesh0427,train,1114,-0.7460317611694336,0.5873017311096191,-0.4603174328804016,0.3333333730697632,-0.39682537317276,0.4285714626312256,1.3333334922790527,0.7936508059501648,0.8253968358039856
RELIGIOUSchurch_mesh0446,train,169,-0.7460317611694336,0.777777910232544,-0.5238094925880432,0.5238096714019775,-0.3015872836112976,0.3333333730697632,1.5238096714019775,1.047619104385376,0.6349206566810608
RELIGIOUSchurch_mesh0447,train,209,-0.7142857313156128,0.777777910232544,-0.6507936716079712,0.6825398206710815,-0.5873015522956848,0.6507937908172607,1.4920636415481567,1.3333334922790527,1.2380952835083008
RELIGIOUSchurch_mesh0449,train,4127,-0.7460317611694336,0.777777910232544,-0.4285714030265808,0.4285714626312256,-0.4285714030265808,0.4603174924850464,1.5238096714019775,0.8571428656578064,0.8888888955116272
RELIGIOUSchurch_mesh0475,train,520,-0.7460317611694336,0.777777910232544,-0.07936501502990723,0.04761910438537598,-0.39682537317276,0.4603174924850464,1.5238096714019775,0.1269841194152832,0.8571428656578064
RELIGIOUSchurch_mesh0486,train,1245,-0.2698412537574768,0.3015873432159424,-0.39682537317276,0.365079402923584,-0.7460317611694336,0.777777910232544,0.5714285969734192,0.761904776096344,1.5238096714019775
RELIGIOUSchurch_mesh0491,train,396,-0.3333333134651184,0.365079402923584,-0.6190475821495056,0.3015873432159424,-0.7460317611694336,0.7142858505249023,0.6984127163887024,0.920634925365448,1.460317611694336
RELIGIOUSchurch_mesh0524,train,792,-0.3015872836112976,0.3015873432159424,-0.682539701461792,0.6507937908172607,-0.7460317611694336,0.777777910232544,0.60317462682724,1.3333334922790527,1.5238096714019775
RELIGIOUSchurch_mesh0536,train,7045,-0.7142857313156128,0.7460318803787231,-0.4285714030265808,0.365079402923584,-0.5238094925880432,0.5555557012557983,1.460317611694336,0.7936508059501648,1.0793652534484863
RELIGIOUSchurch_mesh0564,train,804,-0.7460317611694336,0.7460318803787231,-0.4285714030265808,0.4285714626312256,-0.3650793433189392,0.3968254327774048,1.4920636415481567,0.8571428656578064,0.761904776096344
RELIGIOUSchurch_mesh0568,train,14713,-0.4920634627342224,0.5238096714019775,-0.5238094925880432,0.3968254327774048,-0.7460317611694336,0.7142858505249023,1.0158731937408447,0.920634925365448,1.460317611694336
RELIGIOUSchurch_mesh0572,val,435,-0.6507936716079712,0.6825398206710815,-0.4920634627342224,0.4285714626312256,-0.7460317611694336,0.777777910232544,1.3333334922790527,0.920634925365448,1.5238096714019775
RELIGIOUSchurch_mesh0575,train,23323,-0.6190475821495056,0.6507937908172607,-0.7460317611694336,0.6825398206710815,-0.4603174328804016,0.4603174924850464,1.2698414325714111,1.4285715818405151,0.920634925365448
RELIGIOUSchurch_mesh0585,train,284,-0.4920634627342224,0.5238096714019775,-0.555555522441864,0.5238096714019775,-0.7460317611694336,0.777777910232544,1.0158731937408447,1.0793652534484863,1.5238096714019775
RELIGIOUSchurch_mesh0599,train,255,-0.6507936716079712,0.5555557012557983,-0.4603174328804016,0.4285714626312256,-0.555555522441864,0.7142858505249023,1.2063493728637695,0.8888888955116272,1.2698414325714111
RELIGIOUSchurch_mesh0606,test,6753,-0.7460317611694336,0.777777910232544,-0.3333333134651184,0.20634925365447998,-0.682539701461792,0.7142858505249023,1.5238096714019775,0.5396825671195984,1.3968255519866943
RELIGIOUSchurch_mesh0611,train,50280,-0.7142857313156128,0.7460318803787231,-0.7460317611694336,0.6507937908172607,-0.7142857313156128,0.7460318803787231,1.460317611694336,1.3968255519866943,1.460317611694336
RELIGIOUSchurch_mesh0612,train,31052,-0.7460317611694336,0.777777910232544,-0.6507936716079712,0.6825398206710815,-0.3650793433189392,0.3968254327774048,1.5238096714019775,1.3333334922790527,0.761904776096344
RELIGIOUSchurch_mesh0620,train,191,-0.7460317611694336,0.777777910232544,-0.682539701461792,0.5555557012557983,-0.3650793433189392,0.365079402923584,1.5238096714019775,1.2380954027175903,0.7301587462425232
RELIGIOUSchurch_mesh0623,train,398,-0.23809516429901123,0.2698413133621216,-0.7142857313156128,0.6507937908172607,-0.7142857313156128,0.6825398206710815,0.5079364776611328,1.3650795221328735,1.3968255519866943
RELIGIOUSchurch_mesh0627,train,420,-0.7142857313156128,0.6825398206710815,-0.39682537317276,0.4285714626312256,-0.682539701461792,0.7460318803787231,1.3968255519866943,0.8253968358039856,1.4285715818405151
RELIGIOUSchurch_mesh0643,val,4086,-0.7460317611694336,0.777777910232544,-0.6190475821495056,0.4920635223388672,-0.4920634627342224,0.5238096714019775,1.5238096714019775,1.1111111640930176,1.0158731937408447
RELIGIOUSchurch_mesh0649,train,165,-0.7142857313156128,0.6190477609634399,-0.555555522441864,0.4603174924850464,-0.39682537317276,0.3968254327774048,1.3333334922790527,1.0158729553222656,0.7936508059501648
RELIGIOUSchurch_mesh0654,train,8152,-0.7460317611694336,0.777777910232544,-0.4920634627342224,0.3968254327774048,-0.4920634627342224,0.5238096714019775,1.5238096714019775,0.8888888955116272,1.0158731937408447
RELIGIOUSchurch_mesh0660,train,399,-0.7460317611694336,0.6507937908172607,-0.5238094925880432,0.4603174924850464,-0.555555522441864,0.6190477609634399,1.3968255519866943,0.9841269850730896,1.1746032238006592
RELIGIOUSchurch_mesh0671,test,170,-0.23809516429901123,0.2698413133621216,-0.3333333134651184,0.23809528350830078,-0.7142857313156128,0.777777910232544,0.5079364776611328,0.5714285969734192,1.4920636415481567
RELIGIOUSchurch_mesh0681,train,7298,-0.39682537317276,0.4285714626312256,-0.682539701461792,0.7460318803787231,-0.39682537317276,0.4285714626312256,0.8253968358039856,1.4285715818405151,0.8253968358039856
RELIGIOUSchurch_mesh0683,train,286,-0.4920634627342224,0.5238096714019775,-0.682539701461792,0.7142858505249023,-0.682539701461792,0.777777910232544,1.0158731937408447,1.3968255519866943,1.460317611694336
RELIGIOUSchurch_mesh0684,train,1083,-0.6190475821495056,0.777777910232544,-0.555555522441864,0.5873017311096191,-0.3650793433189392,0.3968254327774048,1.3968255519866943,1.142857313156128,0.761904776096344
RELIGIOUSchurch_mesh0694,train,15699,-0.682539701461792,0.7460318803787231,-0.6190475821495056,0.6507937908172607,-0.4285714030265808,0.5238096714019775,1.4285715818405151,1.2698414325714111,0.9523810744285583
RELIGIOUSchurch_mesh0696,train,403,-0.3333333134651184,0.365079402923584,-0.7460317611694336,0.7460318803787231,-0.4285714030265808,0.4603174924850464,0.6984127163887024,1.4920636415481567,0.8888888955116272
RELIGIOUSchurch_mesh0705,train,618,-0.6190475821495056,0.6190477609634399,-0.4920634627342224,0.365079402923584,-0.7460317611694336,0.7142858505249023,1.2380952835083008,0.8571428656578064,1.460317611694336
RELIGIOUSchurch_mesh0718,train,17971,-0.7460317611694336,0.777777910232544,-0.5238094925880432,0.4920635223388672,-0.555555522441864,0.5873017311096191,1.5238096714019775,1.0158729553222656,1.142857313156128
RELIGIOUSchurch_mesh0728,train,4080,-0.7142857313156128,0.777777910232544,-0.20634913444519043,0.11111116409301758,-0.5238094925880432,0.5555557012557983,1.4920636415481567,0.317460298538208,1.0793652534484863
RELIGIOUSchurch_mesh0730,train,27292,-0.5238094925880432,0.5555557012557983,-0.6507936716079712,0.5873017311096191,-0.7460317611694336,0.777777910232544,1.0793652534484863,1.2380954027175903,1.5238096714019775
RELIGIOUSchurch_mesh0739,train,2995,-0.7460317611694336,0.777777910232544,-0.11111104488372803,0.6507937908172607,-0.4603174328804016,0.6825398206710815,1.5238096714019775,0.7619048357009888,1.142857313156128
RELIGIOUSchurch_mesh0748,test,294,-0.2698412537574768,0.3015873432159424,-0.6507936716079712,0.5873017311096191,-0.7460317611694336,0.777777910232544,0.5714285969734192,1.2380954027175903,1.5238096714019775
RELIGIOUSchurch_mesh0774,train,1941,-0.4603174328804016,0.4285714626312256,-0.23809516429901123,0.3015873432159424,-0.2698412537574768,0.2698413133621216,0.8888888955116272,0.5396825075149536,0.5396825671195984
RELIGIOUSchurch_mesh0778,train,1891,-0.5238094925880432,0.5238096714019775,-0.7460317611694336,0.5873017311096191,-0.4603174328804016,0.3015873432159424,1.047619104385376,1.3333334922790527,0.761904776096344
RELIGIOUSchurch_mesh0782,train,667,-0.7460317611694336,0.777777910232544,-0.7142857313156128,0.6825398206710815,-0.6507936716079712,0.6825398206710815,1.5238096714019775,1.3968255519866943,1.3333334922790527
RELIGIOUSchurch_mesh0785,train,1455,-0.7142857313156128,0.777777910232544,-0.6190475821495056,0.4603174924850464,-0.7142857313156128,0.777777910232544,1.4920636415481567,1.0793650150299072,1.4920636415481567
RELIGIOUSchurch_mesh0786,train,3834,-0.7460317611694336,0.777777910232544,-0.555555522441864,0.4285714626312256,-0.3650793433189392,0.3968254327774048,1.5238096714019775,0.9841269850730896,0.761904776096344
RELIGIOUSchurch_mesh0787,train,333,-0.3650793433189392,0.4285714626312256,-0.7460317611694336,0.6190477609634399,-0.4285714030265808,0.4603174924850464,0.7936508059501648,1.3650795221328735,0.8888888955116272
RELIGIOUSchurch_mesh0791,train,880,-0.4603174328804016,0.4920635223388672,-0.3015872836112976,0.3015873432159424,-0.7460317611694336,0.777777910232544,0.9523809552192688,0.60317462682724,1.5238096714019775
RELIGIOUSchurch_mesh0794,train,692,-0.682539701461792,0.6825398206710815,-0.7460317611694336,0.5873017311096191,-0.6507936716079712,0.7142858505249023,1.3650795221328735,1.3333334922790527,1.3650795221328735
RELIGIOUSchurch_mesh0799,train,23067,-0.7460317611694336,0.777777910232544,-0.682539701461792,0.5873017311096191,-0.4920634627342224,0.5238096714019775,1.5238096714019775,1.2698414325714111,1.0158731937408447
RELIGIOUSchurch_mesh0810,train,1148,-0.6507936716079712,0.6507937908172607,-0.7460317611694336,0.7142858505249023,-0.39682537317276,0.4285714626312256,1.301587462425232,1.460317611694336,0.8253968358039856
RELIGIOUSchurch_mesh0834,train,1640,-0.5873015522956848,0.6190477609634399,-0.7460317611694336,0.6190477609634399,-0.4285714030265808,0.4603174924850464,1.2063493728637695,1.3650795221328735,0.8888888955116272
RELIGIOUSchurch_mesh0835,train,165,-0.3333333134651184,0.3333333730697632,-0.3015872836112976,0.2698413133621216,-0.7142857313156128,0.6825398206710815,0.6666666865348816,0.5714285969734192,1.3968255519866943
RELIGIOUSchurch_mesh0887,train,280,-0.7460317611694336,0.777777910232544,-0.23809516429901123,0.23809528350830078,-0.682539701461792,0.6507937908172607,1.5238096714019775,0.476190447807312,1.3333334922790527
RELIGIOUSchurch_mesh0888,train,1179,-0.17460310459136963,0.4920635223388672,-0.11111104488372803,0.2698413133621216,-0.2698412537574768,0.23809528350830078,0.6666666269302368,0.3809523582458496,0.5079365372657776
RELIGIOUSchurch_mesh0892,train,435,-0.6507936716079712,-0.015872955322265625,-0.23809516429901123,0.3015873432159424,-0.3015872836112976,0.5555557012557983,0.6349207162857056,0.5396825075149536,0.857142984867096
RELIGIOUSchurch_mesh0919,train,1158,-0.7460317611694336,0.7460318803787231,-0.11111104488372803,0.14285719394683838,-0.17460310459136963,0.20634925365447998,1.4920636415481567,0.2539682388305664,0.3809523582458496
RELIGIOUSchurch_mesh0931,test,515,-0.555555522441864,0.4285714626312256,-0.14285707473754883,0.20634925365447998,-0.3650793433189392,0.3968254327774048,0.9841269850730896,0.3492063283920288,0.761904776096344
RELIGIOUSchurch_mesh0940,train,12210,-0.7460317611694336,0.777777910232544,-0.5238094925880432,0.4920635223388672,-0.4920634627342224,0.5238096714019775,1.5238096714019775,1.0158729553222656,1.0158731937408447
RELIGIOUSchurch_mesh0955,train,1426,-0.6190475821495056,0.6507937908172607,-0.5238094925880432,0.5238096714019775,-0.7142857313156128,0.777777910232544,1.2698414325714111,1.047619104385376,1.4920636415481567
RELIGIOUSchurch_mesh0971,train,2946,-0.7460317611694336,0.7460318803787231,-0.39682537317276,0.365079402923584,-0.555555522441864,0.5555557012557983,1.4920636415481567,0.761904776096344,1.1111111640930176
RELIGIOUSchurch_mesh0978,train,2260,-0.4920634627342224,0.6190477609634399,-0.5873015522956848,0.5238096714019775,-0.17460310459136963,0.17460322380065918,1.1111111640930176,1.1111111640930176,0.3492063283920288
RELIGIOUSchurch_mesh0981,train,11847,-0.39682537317276,0.4285714626312256,-0.682539701461792,0.7142858505249023,-0.5873015522956848,0.7142858505249023,0.8253968358039856,1.3968255519866943,1.3015873432159424
RELIGIOUSchurch_mesh0993,val,146,-0.17460310459136963,0.14285719394683838,-0.11111104488372803,0.11111116409301758,-0.23809516429901123,-0.047618985176086426,0.317460298538208,0.2222222089767456,0.1904761791229248
RELIGIOUSchurch_mesh1005,train,1956,-0.5238094925880432,0.5238096714019775,-0.17460310459136963,0.20634925365447998,-0.7460317611694336,0.3968254327774048,1.047619104385376,0.3809523582458496,1.1428571939468384
RELIGIOUSchurch_mesh1020,train,538,-0.3333333134651184,0.365079402923584,-0.7460317611694336,0.777777910232544,-0.3333333134651184,0.365079402923584,0.6984127163887024,1.5238096714019775,0.6984127163887024
RELIGIOUSchurch_mesh1029,test,189,-0.4920634627342224,0.5238096714019775,-0.7460317611694336,0.6825398206710815,-0.3333333134651184,0.3968254327774048,1.0158731937408447,1.4285715818405151,0.7301587462425232
RELIGIOUSchurch_mesh1037,test,102,-0.39682537317276,0.5873017311096191,-0.3015872836112976,0.3015873432159424,-0.7460317611694336,0.777777910232544,0.9841271042823792,0.60317462682724,1.5238096714019775
RELIGIOUSchurch_mesh1055,val,12730,-0.7460317611694336,0.777777910232544,-0.6190475821495056,0.6507937908172607,-0.5238094925880432,0.5555557012557983,1.5238096714019775,1.2698414325714111,1.0793652534484863
RELIGIOUSchurch_mesh1057,train,23721,-0.7460317611694336,0.777777910232544,-0.7460317611694336,0.777777910232544,-0.682539701461792,0.7460318803787231,1.5238096714019775,1.5238096714019775,1.4285715818405151
RELIGIOUSchurch_mesh1072,train,299,-0.7460317611694336,0.777777910232544,-0.11111104488372803,0.07936513423919678,-0.4920634627342224,0.5555557012557983,1.5238096714019775,0.1904761791229248,1.047619104385376
RELIGIOUSchurch_mesh1081,test,2732,-0.3015872836112976,0.3968254327774048,-0.14285707473754883,0.5238096714019775,-0.3333333134651184,0.3968254327774048,0.6984127163887024,0.6666667461395264,0.7301587462425232
RELIGIOUSchurch_mesh1096,train,16629,-0.7460317611694336,0.777777910232544,-0.5238094925880432,0.5555557012557983,-0.20634913444519043,0.7142858505249023,1.5238096714019775,1.0793652534484863,0.9206349849700928
RELIGIOUSchurch_mesh1110,train,988,-0.6507936716079712,0.6825398206710815,-0.5238094925880432,0.5238096714019775,-0.4285714030265808,0.4603174924850464,1.3333334922790527,1.047619104385376,0.8888888955116272
RELIGIOUSchurch_mesh1114,train,369,-0.7460317611694336,0.777777910232544,-0.23809516429901123,0.14285719394683838,-0.7460317611694336,0.6825398206710815,1.5238096714019775,0.3809523582458496,1.4285715818405151
RELIGIOUSchurch_mesh1116,train,550,-0.682539701461792,0.777777910232544,-0.3650793433189392,0.3333333730697632,-0.6190475821495056,0.7142858505249023,1.460317611694336,0.6984127163887024,1.3333334922790527
RELIGIOUSchurch_mesh1119,train,1082,-0.7460317611694336,0.777777910232544,-0.4285714030265808,0.4285714626312256,-0.5873015522956848,0.6190477609634399,1.5238096714019775,0.8571428656578064,1.2063493728637695
RELIGIOUSchurch_mesh1131,test,429,-0.7460317611694336,0.777777910232544,-0.682539701461792,0.5873017311096191,-0.7460317611694336,0.6190477609634399,1.5238096714019775,1.2698414325714111,1.3650795221328735
RELIGIOUSchurch_mesh1158,train,2012,-0.39682537317276,0.4285714626312256,-0.4920634627342224,0.4603174924850464,-0.39682537317276,0.4285714626312256,0.8253968358039856,0.9523809552192688,0.8253968358039856
RELIGIOUSchurch_mesh1192,train,25,0.5873017311096191,0.7460318803787231,-0.047618985176086426,0.07936513423919678,0.015873074531555176,0.14285719394683838,0.158730149269104,0.1269841194152832,0.1269841194152832
RELIGIOUSchurch_mesh1196,train,10283,-0.555555522441864,0.5238096714019775,-0.7460317611694336,0.5873017311096191,-0.3015872836112976,0.365079402923584,1.0793652534484863,1.3333334922790527,0.6666666865348816
RELIGIOUSchurch_mesh1219,train,267,-0.555555522441864,-0.11111104488372803,-0.20634913444519043,0.07936513423919678,-0.5238094925880432,-0.11111104488372803,0.444444477558136,0.2857142686843872,0.4126984477043152
RELIGIOUSchurch_mesh1224,train,464,-0.4920634627342224,0.5555557012557983,-0.7142857313156128,0.7142858505249023,-0.7460317611694336,0.7460318803787231,1.047619104385376,1.4285715818405151,1.4920636415481567
RELIGIOUSchurch_mesh1229,train,2037,-0.7460317611694336,0.777777910232544,-0.4603174328804016,0.4285714626312256,-0.3650793433189392,0.3968254327774048,1.5238096714019775,0.8888888955116272,0.761904776096344
RELIGIOUSchurch_mesh1270,train,3664,-0.5238094925880432,0.5873017311096191,-0.7460317611694336,0.5555557012557983,-0.4920634627342224,0.5238096714019775,1.1111111640930176,1.301587462425232,1.0158731937408447
RELIGIOUSchurch_mesh1271,train,331,-0.7460317611694336,0.777777910232544,-0.7142857313156128,0.6190477609634399,-0.5238094925880432,0.5873017311096191,1.5238096714019775,1.3333334922790527,1.1111111640930176
RELIGIOUSchurch_mesh1330,val,911,-0.6507936716079712,0.6825398206710815,-0.5873015522956848,0.4920635223388672,-0.7460317611694336,0.777777910232544,1.3333334922790527,1.0793650150299072,1.5238096714019775
RELIGIOUSchurch_mesh1333,test,5097,-0.6507936716079712,0.5238096714019775,-0.7460317611694336,0.7142858505249023,-0.4920634627342224,0.5238096714019775,1.1746033430099487,1.460317611694336,1.0158731937408447
RELIGIOUSchurch_mesh1345,train,1761,-0.11111104488372803,0.3015873432159424,-0.4285714030265808,0.3333333730697632,-0.23809516429901123,0.365079402923584,0.4126983880996704,0.761904776096344,0.6031745672225952
RELIGIOUSchurch_mesh1347,train,4603,-0.39682537317276,0.5238096714019775,-0.555555522441864,0.5873017311096191,-0.23809516429901123,0.4603174924850464,0.9206350445747375,1.142857313156128,0.6984126567840576
RELIGIOUSchurch_mesh1360,train,531,-0.682539701461792,0.7460318803787231,-0.3650793433189392,0.2698413133621216,-0.7460317611694336,0.777777910232544,1.4285715818405151,0.6349206566810608,1.5238096714019775
RELIGIOUSchurch_mesh1365,test,964,-0.4920634627342224,0.5238096714019775,-0.3650793433189392,0.3968254327774048,-0.7460317611694336,0.7460318803787231,1.0158731937408447,0.761904776096344,1.4920636415481567
RELIGIOUSchurch_mesh1379,train,382,-0.3015872836112976,0.3015873432159424,-0.3333333134651184,0.3015873432159424,-0.7142857313156128,0.7142858505249023,0.60317462682724,0.6349206566810608,1.4285715818405151
RELIGIOUSchurch_mesh1381,train,304,-0.6507936716079712,0.777777910232544,-0.5873015522956848,0.5555557012557983,-0.17460310459136963,0.20634925365447998,1.4285715818405151,1.142857313156128,0.3809523582458496
RELIGIOUSchurch_mesh1421,train,9838,-0.4920634627342224,0.3968254327774048,-0.6190475821495056,0.5238096714019775,-0.7460317611694336,0.6825398206710815,0.8888888955116272,1.142857313156128,1.4285715818405151
RELIGIOUSchurch_mesh1436,train,7591,-0.7460317611694336,0.777777910232544,-0.3333333134651184,0.3333333730697632,-0.5873015522956848,0.6190477609634399,1.5238096714019775,0.6666666865348816,1.2063493728637695
RELIGIOUSchurch_mesh1446,train,9039,-0.6507936716079712,0.6825398206710815,-0.7460317611694336,0.7142858505249023,-0.39682537317276,0.4285714626312256,1.3333334922790527,1.460317611694336,0.8253968358039856
RELIGIOUSchurch_mesh1461,train,194,-0.7460317611694336,0.7460318803787231,-0.682539701461792,0.6507937908172607,-0.5238094925880432,0.5555557012557983,1.4920636415481567,1.3333334922790527,1.0793652534484863
RELIGIOUSchurch_mesh1468,train,5354,-0.555555522441864,0.5555557012557983,-0.23809516429901123,0.2698413133621216,-0.6190475821495056,0.7460318803787231,1.1111111640930176,0.5079364776611328,1.365079402923584
RELIGIOUSchurch_mesh1469,test,1054,-0.4603174328804016,0.4920635223388672,-0.20634913444519043,0.20634925365447998,-0.7460317611694336,0.7460318803787231,0.9523809552192688,0.4126983880996704,1.4920636415481567
RELIGIOUSchurch_mesh1516,train,655,-0.3650793433189392,0.3968254327774048,-0.555555522441864,0.4285714626312256,-0.7460317611694336,0.777777910232544,0.761904776096344,0.9841269850730896,1.5238096714019775
RELIGIOUSchurch_mesh1528,train,2685,-0.5873015522956848,0.6190477609634399,-0.7460317611694336,0.6507937908172607,-0.555555522441864,0.5873017311096191,1.2063493728637695,1.3968255519866943,1.142857313156128
RELIGIOUSchurch_mesh1543,train,2815,-0.682539701461792,0.777777910232544,-0.5238094925880432,0.5238096714019775,-0.5238094925880432,0.5555557012557983,1.460317611694336,1.047619104385376,1.0793652534484863
RELIGIOUSchurch_mesh1572,train,1331,-0.7460317611694336,0.777777910232544,-0.4920634627342224,0.4920635223388672,-0.6507936716079712,0.6825398206710815,1.5238096714019775,0.9841269850730896,1.3333334922790527
RELIGIOUSchurch_mesh1574,train,2996,-0.7460317611694336,0.777777910232544,-0.5238094925880432,0.5555557012557983,-0.7460317611694336,0.7142858505249023,1.5238096714019775,1.0793652534484863,1.460317611694336
RELIGIOUSchurch_mesh1590,val,754,-0.5238094925880432,0.5555557012557983,-0.7460317611694336,0.7142858505249023,-0.6507936716079712,0.6507937908172607,1.0793652534484863,1.460317611694336,1.301587462425232
RELIGIOUSchurch_mesh1599,train,10169,-0.7460317611694336,0.777777910232544,-0.555555522441864,0.5555557012557983,-0.6190475821495056,0.6190477609634399,1.5238096714019775,1.1111111640930176,1.2380952835083008
RELIGIOUSchurch_mesh1612,test,277,-0.6190475821495056,0.5873017311096191,-0.17460310459136963,0.14285719394683838,-0.4603174328804016,0.5238096714019775,1.2063493728637695,0.317460298538208,0.9841271042823792
RELIGIOUSchurch_mesh1627,train,126,-0.682539701461792,0.5555557012557983,-0.555555522441864,0.4920635223388672,-0.2698412537574768,0.4603174924850464,1.2380954027175903,1.047619104385376,0.7301587462425232
RELIGIOUSchurch_mesh1658,test,73,-0.11111104488372803,0.14285719394683838,-0.3015872836112976,0.2698413133621216,-0.39682537317276,0.015873074531555176,0.2539682388305664,0.5714285969734192,0.4126984477043152
RELIGIOUSchurch_mesh1681,train,17645,-0.3333333134651184,0.365079402923584,-0.7460317611694336,0.6507937908172607,-0.6190475821495056,0.6507937908172607,0.6984127163887024,1.3968255519866943,1.2698414325714111
RELIGIOUSchurch_mesh1685,train,6525,-0.4285714030265808,0.4603174924850464,-0.20634913444519043,0.23809528350830078,-0.7460317611694336,0.777777910232544,0.8888888955116272,0.4444444179534912,1.5238096714019775
RELIGIOUSchurch_mesh1686,val,1465,-0.4603174328804016,0.6190477609634399,-0.555555522441864,0.5873017311096191,-0.4920634627342224,0.4920635223388672,1.0793652534484863,1.142857313156128,0.9841269850730896
RELIGIOUSchurch_mesh1692,train,918,-0.7460317611694336,-0.23809516429901123,-0.17460310459136963,0.20634925365447998,-0.11111104488372803,0.14285719394683838,0.5079365968704224,0.3809523582458496,0.2539682388305664
RELIGIOUSchurch_mesh1701,test,239,-0.4285714030265808,0.4603174924850464,-0.7460317611694336,0.3968254327774048,-0.7460317611694336,0.777777910232544,0.8888888955116272,1.1428571939468384,1.5238096714019775
RELIGIOUSchurch_mesh1705,train,398,-0.682539701461792,0.6825398206710815,-0.5873015522956848,0.6190477609634399,-0.682539701461792,0.7460318803787231,1.3650795221328735,1.2063493728637695,1.4285715818405151
RELIGIOUSchurch_mesh1707,train,8179,-0.7142857313156128,0.777777910232544,-0.39682537317276,0.4285714626312256,-0.4603174328804016,0.4920635223388672,1.4920636415481567,0.8253968358039856,0.9523809552192688
RELIGIOUSchurch_mesh1725,train,12896,-0.7460317611694336,0.777777910232544,-0.5238094925880432,0.4920635223388672,-0.39682537317276,0.4285714626312256,1.5238096714019775,1.0158729553222656,0.8253968358039856
RELIGIOUSchurch_mesh1740,train,1452,-0.7460317611694336,0.777777910232544,-0.7142857313156128,0.5555557012557983,-0.7142857313156128,0.7460318803787231,1.5238096714019775,1.2698414325714111,1.460317611694336
RELIGIOUSchurch_mesh1749,train,3157,-0.4285714030265808,0.6507937908172607,-0.3015872836112976,0.3333333730697632,-0.3333333134651184,0.3015873432159424,1.0793652534484863,0.6349206566810608,0.6349206566810608
RELIGIOUSchurch_mesh1755,train,2374,-0.5238094925880432,0.5555557012557983,-0.4285714030265808,0.4285714626312256,-0.7460317611694336,0.6507937908172607,1.0793652534484863,0.8571428656578064,1.3968255519866943
RELIGIOUSchurch_mesh1757,train,18531,-0.4920634627342224,0.5555557012557983,-0.682539701461792,0.6825398206710815,-0.7460317611694336,0.777777910232544,1.047619104385376,1.3650795221328735,1.5238096714019775
RELIGIOUSchurch_mesh1759,train,380,-0.6190475821495056,0.6507937908172607,-0.7460317611694336,0.7460318803787231,-0.3650793433189392,0.3968254327774048,1.2698414325714111,1.4920636415481567,0.761904776096344
RELIGIOUSchurch_mesh1768,train,494,-0.7460317611694336,0.777777910232544,-0.6190475821495056,0.5238096714019775,-0.6190475821495056,0.6190477609634399,1.5238096714019775,1.142857313156128,1.2380952835083008
RELIGIOUSchurch_mesh1815,train,4909,-0.7460317611694336,0.777777910232544,-0.5238094925880432,0.4603174924850464,-0.4603174328804016,0.5238096714019775,1.5238096714019775,0.9841269850730896,0.9841271042823792
RELIGIOUSchurch_mesh1818,test,19106,-0.4603174328804016,0.6190477609634399,-0.7460317611694336,0.5873017311096191,-0.5873015522956848,0.5238096714019775,1.0793652534484863,1.3333334922790527,1.1111111640930176
RELIGIOUSchurch_mesh1821,train,796,-0.6190475821495056,0.6507937908172607,-0.39682537317276,0.3968254327774048,-0.7142857313156128,0.6507937908172607,1.2698414325714111,0.7936508059501648,1.3650795221328735
RELIGIOUSchurch_mesh1828,train,1931,-0.7460317611694336,0.777777910232544,-0.7460317611694336,0.4285714626312256,-0.4920634627342224,0.5555557012557983,1.5238096714019775,1.1746032238006592,1.047619104385376
RELIGIOUSchurch_mesh1837,train,674,-0.4603174328804016,0.4920635223388672,-0.4920634627342224,0.4285714626312256,-0.7460317611694336,0.6507937908172607,0.9523809552192688,0.920634925365448,1.3968255519866943
RELIGIOUSchurch_mesh1847,train,1225,-0.6190475821495056,0.6825398206710815,-0.7460317611694336,0.5873017311096191,-0.5238094925880432,0.5555557012557983,1.3015873432159424,1.3333334922790527,1.0793652534484863
RELIGIOUSchurch_mesh1849,train,1610,-0.6507936716079712,0.6507937908172607,-0.7460317611694336,0.6825398206710815,-0.7142857313156128,0.7460318803787231,1.301587462425232,1.4285715818405151,1.460317611694336
RELIGIOUSchurch_mesh1908,train,2255,-0.7142857313156128,0.777777910232544,-0.7460317611694336,0.7142858505249023,-0.555555522441864,0.6190477609634399,1.4920636415481567,1.460317611694336,1.1746032238006592
RELIGIOUSchurch_mesh1919,train,13081,-0.7460317611694336,0.777777910232544,-0.6507936716079712,0.5873017311096191,-0.23809516429901123,0.2698413133621216,1.5238096714019775,1.2380954027175903,0.5079364776611328
RELIGIOUSchurch_mesh1926,train,305,-0.7142857313156128,0.777777910232544,-0.6190475821495056,0.5238096714019775,-0.4603174328804016,0.4920635223388672,1.4920636415481567,1.142857313156128,0.9523809552192688
RELIGIOUSchurch_mesh1935,train,4192,-0.4603174328804016,0.7460318803787231,-0.39682537317276,0.365079402923584,-0.555555522441864,0.4603174924850464,1.2063493728637695,0.761904776096344,1.0158729553222656
RELIGIOUSchurch_mesh1938,val,1132,-0.7460317611694336,0.777777910232544,-0.6507936716079712,0.6507937908172607,-0.6507936716079712,0.6507937908172607,1.5238096714019775,1.301587462425232,1.301587462425232
RELIGIOUSchurch_mesh1979,train,241,-0.5238094925880432,0.5238096714019775,-0.23809516429901123,0.23809528350830078,-0.7460317611694336,0.777777910232544,1.047619104385376,0.476190447807312,1.5238096714019775
RELIGIOUSchurch_mesh2002,train,479,-0.6190475821495056,0.6507937908172607,-0.4920634627342224,0.5238096714019775,-0.7460317611694336,0.777777910232544,1.2698414325714111,1.0158731937408447,1.5238096714019775
RELIGIOUSchurch_mesh2003,val,2597,-0.6507936716079712,0.7460318803787231,-0.3650793433189392,0.3015873432159424,-0.7460317611694336,0.777777910232544,1.3968255519866943,0.6666666865348816,1.5238096714019775
RELIGIOUSchurch_mesh2017,train,2234,-0.7460317611694336,0.777777910232544,-0.7142857313156128,0.7460318803787231,-0.5238094925880432,0.5555557012557983,1.5238096714019775,1.460317611694336,1.0793652534484863
RELIGIOUSchurch_mesh2058,train,1315,-0.7142857313156128,0.777777910232544,-0.682539701461792,0.5873017311096191,-0.5238094925880432,0.5555557012557983,1.4920636415481567,1.2698414325714111,1.0793652534484863
RELIGIOUSchurch_mesh2063,train,268,-0.7142857313156128,0.777777910232544,-0.7460317611694336,0.4920635223388672,-0.2698412537574768,0.365079402923584,1.4920636415481567,1.2380952835083008,0.6349206566810608
RELIGIOUSchurch_mesh2070,val,152,-0.4603174328804016,0.4920635223388672,-0.2698412537574768,0.07936513423919678,-0.7460317611694336,0.777777910232544,0.9523809552192688,0.3492063879966736,1.5238096714019775
RELIGIOUSchurch_mesh2095,train,385,-0.5873015522956848,0.5873017311096191,-0.2698412537574768,0.3333333730697632,-0.7142857313156128,0.777777910232544,1.1746032238006592,0.60317462682724,1.4920636415481567
RELIGIOUSchurch_mesh2141,test,11154,-0.6507936716079712,0.7142858505249023,-0.5873015522956848,0.4285714626312256,-0.4920634627342224,0.6825398206710815,1.3650795221328735,1.0158729553222656,1.1746032238006592
RELIGIOUSchurch_mesh2146,train,2095,-0.7142857313156128,0.7460318803787231,-0.5873015522956848,0.5873017311096191,-0.7460317611694336,0.777777910232544,1.460317611694336,1.1746032238006592,1.5238096714019775
RELIGIOUSchurch_mesh2147,train,806,-0.4920634627342224,0.5238096714019775,-0.3650793433189392,0.3968254327774048,-0.7460317611694336,0.777777910232544,1.0158731937408447,0.761904776096344,1.5238096714019775
RELIGIOUSchurch_mesh2150,test,8226,-0.7460317611694336,0.777777910232544,-0.4920634627342224,0.4920635223388672,-0.6507936716079712,0.6825398206710815,1.5238096714019775,0.9841269850730896,1.3333334922790527
RELIGIOUSchurch_mesh2156,train,9695,-0.6507936716079712,0.6825398206710815,-0.3015872836112976,0.20634925365447998,-0.7460317611694336,0.777777910232544,1.3333334922790527,0.5079365372657776,1.5238096714019775
RELIGIOUSchurch_mesh2159,train,17364,-0.555555522441864,0.5873017311096191,-0.7460317611694336,0.5873017311096191,-0.7142857313156128,0.7460318803787231,1.142857313156128,1.3333334922790527,1.460317611694336
RELIGIOUSchurch_mesh2175,train,11830,-0.4920634627342224,0.5238096714019775,-0.7460317611694336,0.7460318803787231,-0.682539701461792,0.7142858505249023,1.0158731937408447,1.4920636415481567,1.3968255519866943
RELIGIOUSchurch_mesh2194,train,979,-0.4285714030265808,0.4920635223388672,-0.4603174328804016,0.4603174924850464,-0.7460317611694336,0.777777910232544,0.920634925365448,0.920634925365448,1.5238096714019775
RELIGIOUSchurch_mesh2227,train,393,-0.3333333134651184,0.365079402923584,-0.7460317611694336,0.6190477609634399,-0.6507936716079712,0.6825398206710815,0.6984127163887024,1.3650795221328735,1.3333334922790527
RELIGIOUSchurch_mesh2243,train,3269,-0.4603174328804016,0.4603174924850464,-0.2698412537574768,0.2698413133621216,-0.39682537317276,0.777777910232544,0.920634925365448,0.5396825671195984,1.1746032238006592
RELIGIOUSchurch_mesh2251,train,97,0.23809528350830078,0.777777910232544,-0.17460310459136963,0.17460322380065918,-0.20634913444519043,0.20634925365447998,0.5396826267242432,0.3492063283920288,0.4126983880996704
RELIGIOUSchurch_mesh2268,val,4140,-0.4920634627342224,0.5238096714019775,-0.7142857313156128,0.6825398206710815,-0.7460317611694336,0.777777910232544,1.0158731937408447,1.3968255519866943,1.5238096714019775
RELIGIOUSchurch_mesh2305,train,13635,-0.6507936716079712,0.6825398206710815,-0.7460317611694336,0.6507937908172607,-0.4920634627342224,0.5555557012557983,1.3333334922790527,1.3968255519866943,1.047619104385376
RELIGIOUSchurch_mesh2318,train,15287,-0.6507936716079712,0.6825398206710815,-0.7460317611694336,0.6507937908172607,-0.4920634627342224,0.5238096714019775,1.3333334922790527,1.3968255519866943,1.0158731937408447
RELIGIOUSchurch_mesh2322,train,7183,-0.2698412537574768,0.3015873432159424,-0.3333333134651184,0.3333333730697632,-0.7460317611694336,0.777777910232544,0.5714285969734192,0.6666666865348816,1.5238096714019775
RELIGIOUSchurch_mesh2415,train,4914,-0.3333333134651184,0.365079402923584,-0.4603174328804016,0.4920635223388672,-0.7460317611694336,0.777777910232544,0.6984127163887024,0.9523809552192688,1.5238096714019775
RELIGIOUSchurch_mesh2418,train,303,-0.3650793433189392,0.3015873432159424,-0.2698412537574768,0.20634925365447998,-0.5873015522956848,0.4285714626312256,0.6666666865348816,0.4761905074119568,1.0158729553222656
RELIGIOUSchurch_mesh2430,train,3229,-0.6507936716079712,0.777777910232544,-0.5873015522956848,0.5555557012557983,-0.4285714030265808,0.4603174924850464,1.4285715818405151,1.142857313156128,0.8888888955116272
RELIGIOUSchurch_mesh2460,train,988,-0.555555522441864,0.5873017311096191,-0.7460317611694336,0.5873017311096191,-0.3015872836112976,0.3333333730697632,1.142857313156128,1.3333334922790527,0.6349206566810608
RELIGIOUSchurch_mesh2463,train,8517,-0.6507936716079712,0.6825398206710815,-0.5873015522956848,0.6507937908172607,-0.39682537317276,0.4285714626312256,1.3333334922790527,1.2380952835083008,0.8253968358039856
RELIGIOUSchurch_mesh2482,train,4160,-0.682539701461792,0.7142858505249023,-0.7142857313156128,0.6190477609634399,-0.7460317611694336,0.777777910232544,1.3968255519866943,1.3333334922790527,1.5238096714019775
RELIGIOUSchurch_mesh2485,val,2155,-0.7460317611694336,0.777777910232544,-0.4285714030265808,0.4603174924850464,-0.2698412537574768,0.3015873432159424,1.5238096714019775,0.8888888955116272,0.5714285969734192
RELIGIOUSchurch_mesh2497,train,694,-0.4285714030265808,0.4603174924850464,-0.3015872836112976,0.3333333730697632,-0.4285714030265808,0.777777910232544,0.8888888955116272,0.6349206566810608,1.2063493728637695
RELIGIOUSchurch_mesh2516,train,175,-0.3333333134651184,0.365079402923584,-0.7460317611694336,0.7460318803787231,-0.4920634627342224,0.5238096714019775,0.6984127163887024,1.4920636415481567,1.0158731937408447
RELIGIOUSchurch_mesh2532,test,311,-0.4920634627342224,0.5238096714019775,-0.682539701461792,0.5873017311096191,-0.7460317611694336,0.777777910232544,1.0158731937408447,1.2698414325714111,1.5238096714019775
RELIGIOUSchurch_mesh2533,train,179,-0.7460317611694336,0.777777910232544,-0.5238094925880432,0.4603174924850464,-0.7142857313156128,0.7460318803787231,1.5238096714019775,0.9841269850730896,1.460317611694336
RELIGIOUSchurch_mesh2542,train,437,-0.6507936716079712,0.5555557012557983,-0.7460317611694336,0.6507937908172607,-0.682539701461792,0.7142858505249023,1.2063493728637695,1.3968255519866943,1.3968255519866943
RELIGIOUSchurch_mesh2550,train,3028,-0.7460317611694336,0.7460318803787231,-0.7460317611694336,0.7460318803787231,-0.39682537317276,0.4285714626312256,1.4920636415481567,1.4920636415481567,0.8253968358039856
RELIGIOUSchurch_mesh2577,test,16379,-0.7142857313156128,0.777777910232544,-0.5873015522956848,0.5555557012557983,-0.7460317611694336,0.777777910232544,1.4920636415481567,1.142857313156128,1.5238096714019775
RELIGIOUSchurch_mesh2594,train,1112,-0.4603174328804016,0.4920635223388672,-0.682539701461792,0.6507937908172607,-0.7460317611694336,0.777777910232544,0.9523809552192688,1.3333334922790527,1.5238096714019775
RELIGIOUSchurch_mesh2607,train,27948,-0.7460317611694336,0.777777910232544,-0.7142857313156128,0.6507937908172607,-0.5238094925880432,0.5555557012557983,1.5238096714019775,1.3650795221328735,1.0793652534484863
RELIGIOUSchurch_mesh2617,train,1641,-0.14285707473754883,0.7142858505249023,-0.4603174328804016,0.4920635223388672,-0.6507936716079712,0.4603174924850464,0.8571429252624512,0.9523809552192688,1.1111111640930176
RELIGIOUSchurch_mesh2642,train,9225,-0.4603174328804016,0.4603174924850464,-0.682539701461792,0.5238096714019775,-0.7460317611694336,0.6190477609634399,0.920634925365448,1.2063493728637695,1.3650795221328735
RELIGIOUSchurch_mesh2676,train,370,-0.3333333134651184,0.3333333730697632,-0.3015872836112976,0.3333333730697632,-0.7460317611694336,0.777777910232544,0.6666666865348816,0.6349206566810608,1.5238096714019775
RELIGIOUSchurch_mesh2696,train,5862,-0.6190475821495056,0.6507937908172607,-0.7460317611694336,0.777777910232544,-0.39682537317276,0.3968254327774048,1.2698414325714111,1.5238096714019775,0.7936508059501648
RELIGIOUSchurch_mesh2707,train,3618,-0.7460317611694336,0.6507937908172607,-0.39682537317276,0.3333333730697632,-0.2698412537574768,0.3333333730697632,1.3968255519866943,0.7301587462425232,0.60317462682724
RELIGIOUSchurch_mesh2727,train,13952,-0.7460317611694336,0.777777910232544,-0.6507936716079712,0.6825398206710815,-0.3650793433189392,0.3968254327774048,1.5238096714019775,1.3333334922790527,0.761904776096344
RELIGIOUSchurch_mesh2776,train,158,-0.3650793433189392,0.4285714626312256,-0.2698412537574768,0.3015873432159424,-0.7460317611694336,0.777777910232544,0.7936508059501648,0.5714285969734192,1.5238096714019775
RELIGIOUSchurch_mesh2798,train,430,-0.5873015522956848,0.6190477609634399,-0.17460310459136963,0.17460322380065918,-0.7460317611694336,0.777777910232544,1.2063493728637695,0.3492063283920288,1.5238096714019775
RELIGIOUSchurch_mesh2817,train,579,-0.4285714030265808,0.4603174924850464,-0.7460317611694336,0.6825398206710815,-0.39682537317276,0.3968254327774048,0.8888888955116272,1.4285715818405151,0.7936508059501648
RELIGIOUSchurch_mesh2821,train,747,-0.7460317611694336,0.777777910232544,-0.682539701461792,0.6190477609634399,-0.3015872836112976,0.365079402923584,1.5238096714019775,1.301587462425232,0.6666666865348816
RELIGIOUSchurch_mesh2822,train,17967,-0.6507936716079712,0.6825398206710815,-0.7460317611694336,0.6507937908172607,-0.5238094925880432,0.5555557012557983,1.3333334922790527,1.3968255519866943,1.0793652534484863
RELIGIOUSchurch_mesh2844,test,188,-0.4920634627342224,0.6507937908172607,-0.4285714030265808,0.4285714626312256,-0.7460317611694336,0.4285714626312256,1.142857313156128,0.8571428656578064,1.1746032238006592
RELIGIOUSchurch_mesh2882,train,310,-0.7460317611694336,0.777777910232544,-0.4603174328804016,0.4603174924850464,-0.5873015522956848,0.6190477609634399,1.5238096714019775,0.920634925365448,1.2063493728637695
RELIGIOUSchurch_mesh2916,train,802,-0.7142857313156128,0.777777910232544,-0.7142857313156128,0.5238096714019775,-0.682539701461792,0.7142858505249023,1.4920636415481567,1.2380954027175903,1.3968255519866943
RELIGIOUSchurch_mesh2921,train,16604,-0.682539701461792,0.7142858505249023,-0.682539701461792,0.6190477609634399,-0.7460317611694336,0.777777910232544,1.3968255519866943,1.301587462425232,1.5238096714019775
RELIGIOUSchurch_mesh2924,test,670,-0.7460317611694336,0.777777910232544,-0.6507936716079712,0.4285714626312256,-0.4920634627342224,0.5555557012557983,1.5238096714019775,1.0793651342391968,1.047619104385376
RELIGIOUSchurch_mesh2926,train,191,-0.682539701461792,0.6825398206710815,-0.17460310459136963,0.20634925365447998,-0.4285714030265808,0.4603174924850464,1.3650795221328735,0.3809523582458496,0.8888888955116272
RELIGIOUSchurch_mesh2941,test,284,-0.5873015522956848,0.777777910232544,-0.3333333134651184,0.3333333730697632,-0.4920634627342224,0.5238096714019775,1.365079402923584,0.6666666865348816,1.0158731937408447
RELIGIOUSchurch_mesh2956,train,191,-0.555555522441864,0.5873017311096191,-0.7142857313156128,0.5873017311096191,-0.4285714030265808,0.4285714626312256,1.142857313156128,1.301587462425232,0.8571428656578064
RELIGIOUSchurch_mesh2958,train,181,-0.6190475821495056,0.7460318803787231,-0.682539701461792,0.5555557012557983,-0.3650793433189392,0.3968254327774048,1.365079402923584,1.2380954027175903,0.761904776096344
RELIGIOUSchurch_mesh2993,train,166,-0.7142857313156128,0.777777910232544,-0.555555522441864,0.5238096714019775,-0.20634913444519043,0.23809528350830078,1.4920636415481567,1.0793652534484863,0.4444444179534912
RELIGIOUSchurch_mesh3000,train,1375,-0.7460317611694336,0.777777910232544,-0.6507936716079712,0.5873017311096191,-0.4603174328804016,0.5238096714019775,1.5238096714019775,1.2380954027175903,0.9841271042823792
RELIGIOUSchurch_mesh3001,train,690,-0.4920634627342224,0.5238096714019775,-0.7460317611694336,0.6825398206710815,-0.5873015522956848,0.6507937908172607,1.0158731937408447,1.4285715818405151,1.2380952835083008
RELIGIOUSchurch_mesh3016,train,2608,-0.7460317611694336,0.777777910232544,-0.6507936716079712,0.5873017311096191,-0.4603174328804016,0.4920635223388672,1.5238096714019775,1.2380954027175903,0.9523809552192688
RELIGIOUSchurch_mesh3049,train,765,-0.7460317611694336,0.777777910232544,-0.682539701461792,0.6190477609634399,-0.39682537317276,0.3968254327774048,1.5238096714019775,1.301587462425232,0.7936508059501648
RELIGIOUSchurch_mesh3051,train,841,-0.682539701461792,0.5555557012557983,-0.5238094925880432,0.4285714626312256,-0.6190475821495056,0.5238096714019775,1.2380954027175903,0.9523809552192688,1.142857313156128
RELIGIOUSchurch_mesh3055,val,2160,-0.4603174328804016,0.4920635223388672,-0.7460317611694336,0.6507937908172607,-0.6190475821495056,0.6507937908172607,0.9523809552192688,1.3968255519866943,1.2698414325714111
RELIGIOUSchurch_mesh3065,train,28573,-0.7460317611694336,0.777777910232544,-0.4920634627342224,0.4603174924850464,-0.7460317611694336,0.777777910232544,1.5238096714019775,0.9523809552192688,1.5238096714019775
RELIGIOUSchurch_mesh3084,train,1039,-0.5238094925880432,0.4920635223388672,-0.4285714030265808,0.4285714626312256,-0.3015872836112976,0.3015873432159424,1.0158729553222656,0.8571428656578064,0.60317462682724
RELIGIOUSchurch_mesh3094,train,1671,-0.555555522441864,0.5873017311096191,-0.7460317611694336,0.5555557012557983,-0.23809516429901123,0.2698413133621216,1.142857313156128,1.301587462425232,0.5079364776611328
RELIGIOUSchurch_mesh3131,train,204,-0.7142857313156128,0.777777910232544,-0.3015872836112976,0.3015873432159424,-0.682539701461792,0.6825398206710815,1.4920636415481567,0.60317462682724,1.3650795221328735
RELIGIOUSchurch_mesh3135,test,39,-0.14285707473754883,0.3015873432159424,-0.11111104488372803,0.11111116409301758,-0.555555522441864,0.015873074531555176,0.4444444179534912,0.2222222089767456,0.5714285969734192
RELIGIOUSchurch_mesh3142,train,2401,-0.7460317611694336,0.777777910232544,-0.682539701461792,0.5555557012557983,-0.3333333134651184,0.3333333730697632,1.5238096714019775,1.2380954027175903,0.6666666865348816
RELIGIOUSchurch_mesh3162,test,1144,-0.2698412537574768,0.6825398206710815,-0.14285707473754883,0.14285719394683838,-0.5873015522956848,0.4285714626312256,0.9523810744285583,0.2857142686843872,1.0158729553222656
RELIGIOUSchurch_mesh3167,train,4036,-0.6507936716079712,0.5873017311096191,-0.4603174328804016,0.365079402923584,-0.3333333134651184,0.4603174924850464,1.2380954027175903,0.8253968358039856,0.7936508059501648
RELIGIOUSchurch_mesh3218,train,1183,-0.682539701461792,0.6825398206710815,-0.39682537317276,0.4285714626312256,-0.7460317611694336,0.777777910232544,1.3650795221328735,0.8253968358039856,1.5238096714019775
RELIGIOUSchurch_mesh3219,train,1230,-0.7460317611694336,0.777777910232544,-0.3650793433189392,0.3333333730697632,-0.4603174328804016,0.4920635223388672,1.5238096714019775,0.6984127163887024,0.9523809552192688
RELIGIOUSchurch_mesh3226,train,317,-0.7460317611694336,0.777777910232544,-0.17460310459136963,0.17460322380065918,-0.682539701461792,0.6825398206710815,1.5238096714019775,0.3492063283920288,1.3650795221328735
RELIGIOUScity_hall_mesh0188,train,559,-0.5873015522956848,0.5873017311096191,-0.4920634627342224,0.4285714626312256,-0.7460317611694336,0.7142858505249023,1.1746032238006592,0.920634925365448,1.460317611694336
RELIGIOUScity_hall_mesh0268,train,1331,-0.4920634627342224,0.5238096714019775,-0.7460317611694336,0.5873017311096191,-0.6507936716079712,0.6507937908172607,1.0158731937408447,1.3333334922790527,1.301587462425232
RELIGIOUScity_hall_mesh0443,train,2999,-0.7460317611694336,0.777777910232544,-0.23809516429901123,0.14285719394683838,-0.2698412537574768,0.3015873432159424,1.5238096714019775,0.3809523582458496,0.5714285969734192
RELIGIOUScity_hall_mesh0567,train,1173,-0.682539701461792,0.7142858505249023,-0.555555522441864,0.4920635223388672,-0.7460317611694336,0.777777910232544,1.3968255519866943,1.047619104385376,1.5238096714019775
RELIGIOUScity_hall_mesh0605,train,1656,-0.4285714030265808,0.7142858505249023,-0.20634913444519043,0.4285714626312256,-0.07936501502990723,0.777777910232544,1.142857313156128,0.634920597076416,0.8571429252624512
RELIGIOUScity_hall_mesh0623,train,9465,-0.6190475821495056,0.6507937908172607,-0.5238094925880432,0.4603174924850464,-0.7460317611694336,0.7460318803787231,1.2698414325714111,0.9841269850730896,1.4920636415481567
RELIGIOUScity_hall_mesh0625,train,509,-0.4920634627342224,0.4920635223388672,-0.555555522441864,0.5873017311096191,-0.7460317611694336,0.777777910232544,0.9841269850730896,1.142857313156128,1.5238096714019775
RELIGIOUScity_hall_mesh0633,train,175,-0.555555522441864,0.6190477609634399,-0.6190475821495056,0.365079402923584,-0.7460317611694336,0.777777910232544,1.1746032238006592,0.9841269850730896,1.5238096714019775
RELIGIOUSfactory_mesh1562,train,210,-0.6507936716079712,0.6825398206710815,-0.7460317611694336,0.6190477609634399,-0.555555522441864,0.5873017311096191,1.3333334922790527,1.3650795221328735,1.142857313156128
RELIGIOUShotel_building_mesh0335,train,7772,-0.3650793433189392,0.3968254327774048,-0.7460317611694336,0.5238096714019775,-0.3650793433189392,0.3968254327774048,0.761904776096344,1.2698414325714111,0.761904776096344
RELIGIOUShouse_mesh4068,train,575,-0.7460317611694336,0.777777910232544,-0.3333333134651184,0.2698413133621216,-0.7142857313156128,0.7460318803787231,1.5238096714019775,0.60317462682724,1.460317611694336
RELIGIOUShouse_mesh5060,train,4295,-0.4920634627342224,0.5238096714019775,-0.555555522441864,0.5238096714019775,-0.6507936716079712,0.7460318803787231,1.0158731937408447,1.0793652534484863,1.3968255519866943
RELIGIOUShouse_mesh5630,test,1364,-0.7142857313156128,0.4920635223388672,-0.14285707473754883,0.17460322380065918,-0.4603174328804016,0.7460318803787231,1.20634925365448,0.317460298538208,1.2063493728637695
RELIGIOUSmonastery_mesh0062,train,10961,-0.5238094925880432,0.6190477609634399,-0.7460317611694336,0.7142858505249023,-0.5238094925880432,0.5555557012557983,1.142857313156128,1.460317611694336,1.0793652534484863
RELIGIOUSmonastery_mesh0190,train,263,-0.7460317611694336,0.777777910232544,-0.5873015522956848,0.5238096714019775,-0.39682537317276,0.4920635223388672,1.5238096714019775,1.1111111640930176,0.8888888955116272
RELIGIOUSmonastery_mesh0197,train,177,-0.7460317611694336,0.777777910232544,-0.4920634627342224,0.365079402923584,-0.2698412537574768,0.3015873432159424,1.5238096714019775,0.8571428656578064,0.5714285969734192
RELIGIOUSmonastery_mesh0240,train,3218,-0.3015872836112976,0.3333333730697632,-0.7460317611694336,0.777777910232544,-0.3015872836112976,0.3333333730697632,0.6349206566810608,1.5238096714019775,0.6349206566810608
RELIGIOUSmonastery_mesh0244,train,14261,-0.7460317611694336,0.777777910232544,-0.3650793433189392,0.3968254327774048,-0.555555522441864,0.5873017311096191,1.5238096714019775,0.761904776096344,1.142857313156128
RELIGIOUSmonastery_mesh0253,train,18923,-0.5238094925880432,0.5555557012557983,-0.3650793433189392,0.777777910232544,-0.4920634627342224,0.5238096714019775,1.0793652534484863,1.142857313156128,1.0158731937408447
RELIGIOUSmosque_mesh0007,train,876,-0.7460317611694336,0.777777910232544,-0.23809516429901123,0.23809528350830078,-0.5238094925880432,0.5555557012557983,1.5238096714019775,0.476190447807312,1.0793652534484863
RELIGIOUSmosque_mesh0016,train,645,-0.7460317611694336,0.777777910232544,-0.4285714030265808,0.3968254327774048,-0.7460317611694336,0.777777910232544,1.5238096714019775,0.8253968358039856,1.5238096714019775
RELIGIOUSmosque_mesh0035,train,1605,-0.7142857313156128,0.777777910232544,-0.5873015522956848,0.5238096714019775,-0.7460317611694336,0.777777910232544,1.4920636415481567,1.1111111640930176,1.5238096714019775
RELIGIOUSmosque_mesh0045,train,821,-0.6190475821495056,0.6507937908172607,-0.7460317611694336,0.7460318803787231,-0.5873015522956848,0.6190477609634399,1.2698414325714111,1.4920636415481567,1.2063493728637695
RELIGIOUSmosque_mesh0057,train,3268,-0.6507936716079712,0.4920635223388672,-0.5238094925880432,0.5238096714019775,-0.3015872836112976,0.777777910232544,1.1428571939468384,1.047619104385376,1.0793652534484863
RELIGIOUSmosque_mesh0067,train,1641,-0.4603174328804016,0.4920635223388672,-0.4285714030265808,0.3968254327774048,-0.7460317611694336,0.777777910232544,0.9523809552192688,0.8253968358039856,1.5238096714019775
RELIGIOUSmosque_mesh0070,train,1119,-0.7460317611694336,0.6825398206710815,-0.20634913444519043,0.23809528350830078,-0.682539701461792,0.6507937908172607,1.4285715818405151,0.4444444179534912,1.3333334922790527
RELIGIOUSmosque_mesh0083,train,2508,-0.6190475821495056,0.6190477609634399,-0.17460310459136963,0.20634925365447998,-0.5238094925880432,0.4603174924850464,1.2380952835083008,0.3809523582458496,0.9841269850730896
RELIGIOUSmosque_mesh0087,train,2511,-0.4920634627342224,0.4603174924850464,-0.3333333134651184,0.3333333730697632,-0.7460317611694336,0.5238096714019775,0.9523809552192688,0.6666666865348816,1.2698414325714111
RELIGIOUSmosque_mesh0089,val,643,-0.3333333134651184,0.3333333730697632,-0.5238094925880432,0.5238096714019775,-0.6190475821495056,0.6507937908172607,0.6666666865348816,1.047619104385376,1.2698414325714111
RELIGIOUSmosque_mesh0098,val,1244,-0.555555522441864,0.6190477609634399,-0.7142857313156128,0.5873017311096191,-0.3333333134651184,0.4603174924850464,1.1746032238006592,1.301587462425232,0.7936508059501648
RELIGIOUSmosque_mesh0119,train,770,-0.6507936716079712,0.6825398206710815,-0.6190475821495056,0.6507937908172607,-0.7460317611694336,0.777777910232544,1.3333334922790527,1.2698414325714111,1.5238096714019775
RELIGIOUSmosque_mesh0143,train,519,-0.4285714030265808,0.7460318803787231,-0.07936501502990723,0.04761910438537598,-0.23809516429901123,0.20634925365447998,1.1746032238006592,0.1269841194152832,0.4444444179534912
RELIGIOUSmosque_mesh0146,train,729,-0.5873015522956848,0.6190477609634399,-0.7460317611694336,0.7142858505249023,-0.7142857313156128,0.7460318803787231,1.2063493728637695,1.460317611694336,1.460317611694336
RELIGIOUSmosque_mesh0147,train,3700,-0.7460317611694336,0.7142858505249023,-0.6507936716079712,0.4920635223388672,-0.7142857313156128,0.7460318803787231,1.460317611694336,1.1428571939468384,1.460317611694336
RELIGIOUSmosque_mesh0158,train,198,-0.3015872836112976,0.3333333730697632,-0.7460317611694336,0.7460318803787231,-0.4285714030265808,0.5238096714019775,0.6349206566810608,1.4920636415481567,0.9523810744285583
RELIGIOUSmosque_mesh0161,train,232,-0.682539701461792,0.7142858505249023,-0.3015872836112976,0.3015873432159424,-0.7460317611694336,0.777777910232544,1.3968255519866943,0.60317462682724,1.5238096714019775
RELIGIOUSmosque_mesh0164,test,119,-0.20634913444519043,0.4285714626312256,-0.07936501502990723,0.14285719394683838,-0.3015872836112976,0.23809528350830078,0.634920597076416,0.2222222089767456,0.5396825671195984
RELIGIOUSmosque_mesh0182,train,6139,-0.5238094925880432,0.5238096714019775,-0.23809516429901123,0.20634925365447998,-0.4603174328804016,0.6507937908172607,1.047619104385376,0.4444444179534912,1.1111111640930176
RELIGIOUSmosque_mesh0187,test,3447,-0.682539701461792,0.777777910232544,-0.6507936716079712,0.6507937908172607,-0.7460317611694336,0.777777910232544,1.460317611694336,1.301587462425232,1.5238096714019775
RELIGIOUSmosque_mesh0198,train,7862,-0.5873015522956848,0.6825398206710815,-0.3650793433189392,0.365079402923584,-0.6190475821495056,0.5873017311096191,1.2698414325714111,0.7301587462425232,1.2063493728637695
RELIGIOUSmosque_mesh0201,train,891,-0.6190475821495056,0.6507937908172607,-0.7460317611694336,0.777777910232544,-0.4285714030265808,0.4603174924850464,1.2698414325714111,1.5238096714019775,0.8888888955116272
RELIGIOUSmosque_mesh0211,val,235,-0.4920634627342224,0.5555557012557983,-0.7460317611694336,0.4920635223388672,-0.4920634627342224,0.5555557012557983,1.047619104385376,1.2380952835083008,1.047619104385376
RELIGIOUSmosque_mesh0212,train,449,-0.682539701461792,0.4920635223388672,-0.7142857313156128,0.6507937908172607,-0.4920634627342224,0.6825398206710815,1.1746032238006592,1.3650795221328735,1.1746032238006592
RELIGIOUSmosque_mesh0262,train,129,-0.14285707473754883,0.04761910438537598,-0.07936501502990723,0.07936513423919678,-0.07936501502990723,0.11111116409301758,0.1904761791229248,0.158730149269104,0.1904761791229248
RELIGIOUSmosque_mesh0276,train,4094,-0.7142857313156128,0.7460318803787231,-0.3333333134651184,0.365079402923584,-0.6507936716079712,0.6825398206710815,1.460317611694336,0.6984127163887024,1.3333334922790527
RELIGIOUSmosque_mesh0279,train,757,-0.17460310459136963,0.11111116409301758,-0.20634913444519043,0.17460322380065918,-0.015872955322265625,0.5873017311096191,0.2857142686843872,0.3809523582458496,0.6031746864318848
RELIGIOUSmosque_mesh0286,train,727,-0.7460317611694336,0.777777910232544,-0.39682537317276,0.3968254327774048,-0.5873015522956848,0.5238096714019775,1.5238096714019775,0.7936508059501648,1.1111111640930176
RELIGIOUSmosque_mesh0294,train,345,-0.7460317611694336,0.777777910232544,-0.5873015522956848,0.5873017311096191,-0.7460317611694336,0.777777910232544,1.5238096714019775,1.1746032238006592,1.5238096714019775
RELIGIOUSmosque_mesh0309,train,1276,-0.682539701461792,0.7142858505249023,-0.7460317611694336,0.777777910232544,-0.7142857313156128,0.7460318803787231,1.3968255519866943,1.5238096714019775,1.460317611694336
RELIGIOUSmosque_mesh0341,train,233,-0.3015872836112976,0.365079402923584,-0.7460317611694336,0.5873017311096191,-0.3650793433189392,0.20634925365447998,0.6666666865348816,1.3333334922790527,0.5714285969734192
RELIGIOUSmosque_mesh0346,train,1514,-0.4920634627342224,0.4920635223388672,-0.4920634627342224,0.3968254327774048,-0.7460317611694336,0.23809528350830078,0.9841269850730896,0.8888888955116272,0.9841270446777344
RELIGIOUSmosque_mesh0367,train,683,-0.3333333134651184,0.4285714626312256,-0.17460310459136963,0.17460322380065918,-0.2698412537574768,0.777777910232544,0.761904776096344,0.3492063283920288,1.047619104385376
RELIGIOUSmosque_mesh0370,train,301,-0.5873015522956848,0.6507937908172607,-0.23809516429901123,0.11111116409301758,-0.4920634627342224,0.5238096714019775,1.2380952835083008,0.3492063283920288,1.0158731937408447
RELIGIOUSmosque_mesh0371,val,76,-0.5238094925880432,0.5873017311096191,-0.11111104488372803,0.11111116409301758,-0.3015872836112976,0.7460318803787231,1.1111111640930176,0.2222222089767456,1.047619104385376
RELIGIOUSmosque_mesh0373,train,2321,-0.7460317611694336,0.777777910232544,-0.4285714030265808,0.3333333730697632,-0.7142857313156128,0.7460318803787231,1.5238096714019775,0.761904776096344,1.460317611694336
RELIGIOUSmosque_mesh0400,train,21901,-0.7460317611694336,0.777777910232544,-0.39682537317276,0.4285714626312256,-0.7142857313156128,0.7460318803787231,1.5238096714019775,0.8253968358039856,1.460317611694336
RELIGIOUSmosque_mesh0405,val,115,0.23809528350830078,0.7142858505249023,-0.17460310459136963,-0.015872955322265625,0.4603174924850464,0.777777910232544,0.47619056701660156,0.158730149269104,0.31746041774749756
RELIGIOUSmosque_mesh0414,val,545,-0.7460317611694336,0.777777910232544,-0.6190475821495056,0.4920635223388672,-0.682539701461792,0.777777910232544,1.5238096714019775,1.1111111640930176,1.460317611694336
RELIGIOUSmosque_mesh0426,train,1113,-0.3333333134651184,0.365079402923584,-0.4920634627342224,0.4285714626312256,-0.7460317611694336,0.777777910232544,0.6984127163887024,0.920634925365448,1.5238096714019775
RELIGIOUSmosque_mesh0441,val,1562,-0.4285714030265808,0.4285714626312256,-0.7460317611694336,0.6825398206710815,-0.4920634627342224,0.4920635223388672,0.8571428656578064,1.4285715818405151,0.9841269850730896
RELIGIOUSmosque_mesh0483,train,765,-0.555555522441864,0.5873017311096191,-0.17460310459136963,0.11111116409301758,-0.7460317611694336,0.3968254327774048,1.142857313156128,0.2857142686843872,1.1428571939468384
RELIGIOUSmosque_mesh0489,train,7987,-0.7460317611694336,0.3015873432159424,-0.4603174328804016,0.4603174924850464,-0.4920634627342224,0.5238096714019775,1.047619104385376,0.920634925365448,1.0158731937408447
RELIGIOUSmosque_mesh0493,train,4038,-0.7460317611694336,0.7142858505249023,-0.682539701461792,0.6825398206710815,-0.7460317611694336,0.7142858505249023,1.460317611694336,1.3650795221328735,1.460317611694336
RELIGIOUSmosque_mesh0508,val,657,-0.682539701461792,0.7460318803787231,-0.7142857313156128,0.6825398206710815,-0.6507936716079712,0.6507937908172607,1.4285715818405151,1.3968255519866943,1.301587462425232
RELIGIOUSmosque_mesh0581,train,1937,-0.682539701461792,0.777777910232544,-0.5873015522956848,0.5555557012557983,-0.3333333134651184,0.3968254327774048,1.460317611694336,1.142857313156128,0.7301587462425232
RELIGIOUSmosque_mesh0606,train,1874,-0.3650793433189392,0.3968254327774048,-0.7460317611694336,0.6825398206710815,-0.3650793433189392,0.3968254327774048,0.761904776096344,1.4285715818405151,0.761904776096344
RELIGIOUSmosque_mesh0639,val,1852,-0.6507936716079712,0.17460322380065918,-0.3015872836112976,0.20634925365447998,-0.6507936716079712,0.11111116409301758,0.8253968954086304,0.5079365372657776,0.7619048357009888
RELIGIOUSmosque_mesh0659,train,260,-0.3015872836112976,0.3015873432159424,-0.4285714030265808,0.4603174924850464,-0.23809516429901123,0.6190477609634399,0.60317462682724,0.8888888955116272,0.8571429252624512
RELIGIOUSmosque_mesh0665,train,6148,-0.23809516429901123,0.2698413133621216,-0.4603174328804016,0.4920635223388672,-0.7460317611694336,0.777777910232544,0.5079364776611328,0.9523809552192688,1.5238096714019775
RELIGIOUSmosque_mesh0687,train,597,-0.3333333134651184,0.4603174924850464,-0.7142857313156128,0.6507937908172607,-0.4603174328804016,0.5873017311096191,0.7936508059501648,1.3650795221328735,1.047619104385376
RELIGIOUSmosque_mesh0714,train,4936,-0.4603174328804016,0.4920635223388672,-0.3650793433189392,0.3333333730697632,-0.7460317611694336,0.7142858505249023,0.9523809552192688,0.6984127163887024,1.460317611694336
RELIGIOUSmosque_mesh0718,val,1199,-0.4285714030265808,0.4603174924850464,-0.3015872836112976,0.3333333730697632,-0.682539701461792,0.777777910232544,0.8888888955116272,0.6349206566810608,1.460317611694336
RELIGIOUSmosque_mesh0734,train,862,-0.11111104488372803,0.365079402923584,-0.7460317611694336,0.6507937908172607,-0.3333333134651184,0.20634925365447998,0.476190447807312,1.3968255519866943,0.5396825671195984
RELIGIOUSmosque_mesh0735,train,10786,-0.3333333134651184,0.365079402923584,-0.7460317611694336,0.6825398206710815,-0.4920634627342224,0.5238096714019775,0.6984127163887024,1.4285715818405151,1.0158731937408447
RELIGIOUSmosque_mesh0743,train,3473,-0.3333333134651184,0.3015873432159424,-0.7460317611694336,0.7460318803787231,-0.5238094925880432,0.6190477609634399,0.6349206566810608,1.4920636415481567,1.142857313156128
RELIGIOUSmosque_mesh0749,train,4646,-0.5238094925880432,0.5238096714019775,-0.6507936716079712,0.6190477609634399,-0.7460317611694336,0.777777910232544,1.047619104385376,1.2698414325714111,1.5238096714019775
RELIGIOUSmosque_mesh0750,train,33694,-0.7460317611694336,0.777777910232544,-0.6190475821495056,0.6190477609634399,-0.7460317611694336,0.777777910232544,1.5238096714019775,1.2380952835083008,1.5238096714019775
RELIGIOUSmosque_mesh0769,train,9445,-0.4920634627342224,0.5238096714019775,-0.7460317611694336,0.7142858505249023,-0.4920634627342224,0.5555557012557983,1.0158731937408447,1.460317611694336,1.047619104385376
RELIGIOUSmosque_mesh0771,train,7593,-0.5873015522956848,0.6507937908172607,-0.7460317611694336,0.5873017311096191,-0.555555522441864,0.5873017311096191,1.2380952835083008,1.3333334922790527,1.142857313156128
RELIGIOUSmosque_mesh0788,train,12018,-0.5238094925880432,0.4920635223388672,-0.7460317611694336,0.7142858505249023,-0.4603174328804016,0.4603174924850464,1.0158729553222656,1.460317611694336,0.920634925365448
RELIGIOUSmosque_mesh0789,val,6691,-0.4285714030265808,0.4603174924850464,-0.5238094925880432,0.4285714626312256,-0.7460317611694336,0.7460318803787231,0.8888888955116272,0.9523809552192688,1.4920636415481567
RELIGIOUSmosque_mesh0799,train,776,-0.7460317611694336,0.777777910232544,-0.3650793433189392,0.365079402923584,-0.7460317611694336,0.777777910232544,1.5238096714019775,0.7301587462425232,1.5238096714019775
RELIGIOUSmosque_mesh0811,train,14367,-0.7460317611694336,0.777777910232544,-0.6190475821495056,0.5873017311096191,-0.555555522441864,0.5873017311096191,1.5238096714019775,1.2063493728637695,1.142857313156128
RELIGIOUSmosque_mesh0812,train,543,-0.7460317611694336,0.777777910232544,-0.3333333134651184,0.3333333730697632,-0.6190475821495056,0.6507937908172607,1.5238096714019775,0.6666666865348816,1.2698414325714111
RELIGIOUSmosque_mesh0819,train,10564,-0.3650793433189392,0.3968254327774048,-0.7460317611694336,0.6825398206710815,-0.4920634627342224,0.5238096714019775,0.761904776096344,1.4285715818405151,1.0158731937408447
RELIGIOUSmosque_mesh0823,train,7240,-0.3015872836112976,0.3333333730697632,-0.7460317611694336,0.6825398206710815,-0.3650793433189392,0.3968254327774048,0.6349206566810608,1.4285715818405151,0.761904776096344
RELIGIOUSmosque_mesh0839,train,970,-0.7142857313156128,0.7460318803787231,-0.20634913444519043,0.20634925365447998,-0.7460317611694336,0.777777910232544,1.460317611694336,0.4126983880996704,1.5238096714019775
RELIGIOUSmuseum_mesh1180,test,352,-0.555555522441864,0.5555557012557983,-0.20634913444519043,0.23809528350830078,-0.7460317611694336,0.7142858505249023,1.1111111640930176,0.4444444179534912,1.460317611694336
RELIGIOUSmuseum_mesh1645,train,269,-0.7460317611694336,0.777777910232544,-0.2698412537574768,0.14285719394683838,-0.2698412537574768,0.3015873432159424,1.5238096714019775,0.4126984477043152,0.5714285969734192
RELIGIOUSmuseum_mesh2349,test,8437,-0.4920634627342224,0.4285714626312256,-0.6190475821495056,0.5238096714019775,-0.5238094925880432,0.6507937908172607,0.920634925365448,1.142857313156128,1.1746032238006592
RELIGIOUSmuseum_mesh2420,train,1326,-0.6190475821495056,0.6507937908172607,-0.7460317611694336,0.777777910232544,-0.4285714030265808,0.4920635223388672,1.2698414325714111,1.5238096714019775,0.920634925365448
RELIGIOUSmuseum_mesh2444,train,12247,-0.7460317611694336,0.7460318803787231,-0.6507936716079712,0.5873017311096191,-0.4285714030265808,0.4603174924850464,1.4920636415481567,1.2380954027175903,0.8888888955116272
RELIGIOUSoffice_building_mesh1049,train,254,-0.555555522441864,0.5873017311096191,-0.7460317611694336,0.777777910232544,-0.4920634627342224,0.3968254327774048,1.142857313156128,1.5238096714019775,0.8888888955116272
RELIGIOUSoffice_building_mesh1193,train,1050,-0.7460317611694336,0.777777910232544,-0.39682537317276,0.3968254327774048,-0.5238094925880432,0.5555557012557983,1.5238096714019775,0.7936508059501648,1.0793652534484863
RELIGIOUSoffice_building_mesh3369,train,776,-0.555555522441864,0.6190477609634399,-0.5873015522956848,0.5555557012557983,-0.7460317611694336,0.777777910232544,1.1746032238006592,1.142857313156128,1.5238096714019775
RELIGIOUSoffice_building_mesh3563,train,750,-0.7460317611694336,0.7460318803787231,-0.555555522441864,0.4920635223388672,-0.682539701461792,0.6825398206710815,1.4920636415481567,1.047619104385376,1.3650795221328735
RELIGIOUSpalace_mesh0061,train,4100,-0.6190475821495056,0.6507937908172607,-0.3015872836112976,0.2698413133621216,-0.7460317611694336,0.777777910232544,1.2698414325714111,0.5714285969734192,1.5238096714019775
RELIGIOUSpalace_mesh0215,train,1037,-0.682539701461792,0.7142858505249023,-0.7460317611694336,0.7460318803787231,-0.3015872836112976,0.3968254327774048,1.3968255519866943,1.4920636415481567,0.6984127163887024
RELIGIOUSpalace_mesh0291,train,1752,-0.7142857313156128,0.777777910232544,-0.17460310459136963,0.23809528350830078,-0.4920634627342224,0.6190477609634399,1.4920636415481567,0.4126983880996704,1.1111111640930176
RELIGIOUSpalace_mesh0337,train,6928,-0.7460317611694336,0.777777910232544,-0.555555522441864,0.5873017311096191,-0.3333333134651184,0.365079402923584,1.5238096714019775,1.142857313156128,0.6984127163887024
RELIGIOUSpalace_mesh0482,train,772,-0.6190475821495056,0.23809528350830078,-0.14285707473754883,0.3015873432159424,-0.6190475821495056,0.4603174924850464,0.8571428656578064,0.4444444179534912,1.0793650150299072
RELIGIOUSpalace_mesh0640,train,1220,-0.7460317611694336,0.777777910232544,-0.23809516429901123,0.17460322380065918,-0.5873015522956848,0.6190477609634399,1.5238096714019775,0.4126983880996704,1.2063493728637695
RELIGIOUSpalace_mesh0657,test,3996,-0.5873015522956848,0.6190477609634399,-0.6190475821495056,0.5873017311096191,-0.7460317611694336,0.777777910232544,1.2063493728637695,1.2063493728637695,1.5238096714019775
RELIGIOUSpalace_mesh0986,train,2387,-0.7460317611694336,0.6190477609634399,-0.5873015522956848,0.5873017311096191,-0.4603174328804016,0.4920635223388672,1.3650795221328735,1.1746032238006592,0.9523809552192688
RELIGIOUSpalace_mesh1026,train,19491,-0.682539701461792,0.7142858505249023,-0.7460317611694336,0.6825398206710815,-0.5238094925880432,0.5555557012557983,1.3968255519866943,1.4285715818405151,1.0793652534484863
RELIGIOUSpalace_mesh1125,train,11225,-0.7460317611694336,0.777777910232544,-0.6190475821495056,0.6190477609634399,-0.6190475821495056,0.6507937908172607,1.5238096714019775,1.2380952835083008,1.2698414325714111
RELIGIOUSpalace_mesh1154,train,10482,-0.39682537317276,0.4285714626312256,-0.7460317611694336,0.7142858505249023,-0.3333333134651184,0.365079402923584,0.8253968358039856,1.460317611694336,0.6984127163887024
RELIGIOUSpalace_mesh1447,train,16339,-0.6507936716079712,0.7142858505249023,-0.4285714030265808,0.4285714626312256,-0.7142857313156128,0.7460318803787231,1.3650795221328735,0.8571428656578064,1.460317611694336
RELIGIOUSschool_building_mesh0233,test,1104,-0.7142857313156128,0.777777910232544,-0.5873015522956848,0.5238096714019775,-0.39682537317276,0.4285714626312256,1.4920636415481567,1.1111111640930176,0.8253968358039856
RELIGIOUSschool_building_mesh0454,test,329,-0.7460317611694336,0.777777910232544,-0.23809516429901123,0.23809528350830078,-0.23809516429901123,0.3015873432159424,1.5238096714019775,0.476190447807312,0.5396825075149536
RELIGIOUSschool_building_mesh0643,val,1122,-0.7460317611694336,0.777777910232544,-0.5873015522956848,0.4603174924850464,-0.5238094925880432,0.5555557012557983,1.5238096714019775,1.047619104385376,1.0793652534484863
RELIGIOUSschool_building_mesh0745,train,2031,-0.555555522441864,0.6190477609634399,-0.7142857313156128,0.6825398206710815,-0.682539701461792,0.7142858505249023,1.1746032238006592,1.3968255519866943,1.3968255519866943
RELIGIOUSschool_building_mesh0773,test,355,-0.3650793433189392,0.3968254327774048,-0.3333333134651184,0.3333333730697632,-0.7460317611694336,0.7460318803787231,0.761904776096344,0.6666666865348816,1.4920636415481567
RELIGIOUSschool_building_mesh0799,train,348,-0.682539701461792,0.7460318803787231,-0.3015872836112976,0.2698413133621216,-0.6190475821495056,0.6507937908172607,1.4285715818405151,0.5714285969734192,1.2698414325714111
RELIGIOUSschool_building_mesh0855,train,498,-0.7460317611694336,0.777777910232544,-0.3650793433189392,0.3333333730697632,-0.2698412537574768,0.4285714626312256,1.5238096714019775,0.6984127163887024,0.6984127163887024
RELIGIOUSschool_building_mesh0880,train,1275,-0.7460317611694336,0.777777910232544,-0.4285714030265808,0.4603174924850464,-0.7460317611694336,0.777777910232544,1.5238096714019775,0.8888888955116272,1.5238096714019775
RELIGIOUSschool_building_mesh1194,test,343,-0.7460317611694336,0.7460318803787231,-0.4285714030265808,0.4285714626312256,-0.4285714030265808,0.4603174924850464,1.4920636415481567,0.8571428656578064,0.8888888955116272
RELIGIOUStemple_mesh0026,train,1915,-0.7460317611694336,0.777777910232544,-0.3333333134651184,0.17460322380065918,-0.3650793433189392,0.3968254327774048,1.5238096714019775,0.5079365372657776,0.761904776096344
RELIGIOUStemple_mesh0142,train,479,-0.4285714030265808,0.5238096714019775,-0.3650793433189392,0.2698413133621216,-0.7460317611694336,0.777777910232544,0.9523810744285583,0.6349206566810608,1.5238096714019775
RELIGIOUStemple_mesh0148,train,4636,-0.7460317611694336,0.777777910232544,-0.39682537317276,0.4285714626312256,-0.4285714030265808,0.4603174924850464,1.5238096714019775,0.8253968358039856,0.8888888955116272
RELIGIOUStemple_mesh0162,val,9682,-0.4285714030265808,0.4603174924850464,-0.4603174328804016,0.3015873432159424,-0.7460317611694336,0.777777910232544,0.8888888955116272,0.761904776096344,1.5238096714019775
RELIGIOUStemple_mesh0174,train,512,-0.7460317611694336,0.777777910232544,-0.4603174328804016,0.2698413133621216,-0.3650793433189392,0.4285714626312256,1.5238096714019775,0.7301587462425232,0.7936508059501648
RELIGIOUStemple_mesh0227,train,823,-0.682539701461792,0.7142858505249023,-0.3015872836112976,0.20634925365447998,-0.7460317611694336,0.777777910232544,1.3968255519866943,0.5079365372657776,1.5238096714019775
RELIGIOUStemple_mesh0245,train,2184,-0.7460317611694336,0.777777910232544,-0.23809516429901123,0.3015873432159424,-0.682539701461792,0.777777910232544,1.5238096714019775,0.5396825075149536,1.460317611694336
RELIGIOUStemple_mesh0265,train,730,-0.3333333134651184,0.365079402923584,-0.7460317611694336,0.6507937908172607,-0.3333333134651184,0.365079402923584,0.6984127163887024,1.3968255519866943,0.6984127163887024
RELIGIOUStemple_mesh0266,train,1901,-0.4920634627342224,0.4603174924850464,-0.11111104488372803,0.4285714626312256,-0.14285707473754883,0.4285714626312256,0.9523809552192688,0.5396825075149536,0.5714285373687744
RELIGIOUStemple_mesh0287,val,2083,-0.7460317611694336,0.777777910232544,-0.6507936716079712,0.4920635223388672,-0.4285714030265808,0.4603174924850464,1.5238096714019775,1.1428571939468384,0.8888888955116272
RELIGIOUStemple_mesh0396,train,501,-0.7460317611694336,0.777777910232544,-0.5238094925880432,0.4920635223388672,-0.5238094925880432,0.5555557012557983,1.5238096714019775,1.0158729553222656,1.0793652534484863
RELIGIOUStemple_mesh0399,train,1338,-0.7142857313156128,0.7460318803787231,-0.3650793433189392,0.14285719394683838,-0.7142857313156128,0.7460318803787231,1.460317611694336,0.5079365372657776,1.460317611694336
RELIGIOUStemple_mesh0428,train,1997,-0.4285714030265808,0.6190477609634399,-0.3015872836112976,0.3015873432159424,-0.17460310459136963,0.777777910232544,1.047619104385376,0.60317462682724,0.9523810148239136
RELIGIOUStemple_mesh0823,train,2917,-0.682539701461792,0.7142858505249023,-0.5873015522956848,0.6190477609634399,-0.7460317611694336,0.11111116409301758,1.3968255519866943,1.2063493728637695,0.8571429252624512
RELIGIOUStemple_mesh0913,train,4426,-0.4603174328804016,0.6190477609634399,-0.39682537317276,0.2698413133621216,-0.6190475821495056,0.5873017311096191,1.0793652534484863,0.6666666865348816,1.2063493728637695
RELIGIOUStemple_mesh1032,train,2963,-0.4603174328804016,0.3015873432159424,-0.23809516429901123,0.5555557012557983,-0.4285714030265808,0.6507937908172607,0.761904776096344,0.7936508655548096,1.0793652534484863
RELIGIOUStemple_mesh1096,val,9521,-0.7460317611694336,0.777777910232544,-0.20634913444519043,0.23809528350830078,-0.7460317611694336,0.777777910232544,1.5238096714019775,0.4444444179534912,1.5238096714019775
RELIGIOUStemple_mesh1165,train,2482,-0.7142857313156128,0.777777910232544,-0.6190475821495056,0.5238096714019775,-0.5873015522956848,0.6190477609634399,1.4920636415481567,1.142857313156128,1.2063493728637695
RELIGIOUStemple_mesh1192,train,4023,-0.5238094925880432,0.5555557012557983,-0.17460310459136963,0.17460322380065918,-0.7460317611694336,0.777777910232544,1.0793652534484863,0.3492063283920288,1.5238096714019775
RELIGIOUStemple_mesh1238,train,1717,-0.7460317611694336,0.777777910232544,-0.23809516429901123,0.17460322380065918,-0.4920634627342224,0.5238096714019775,1.5238096714019775,0.4126983880996704,1.0158731937408447
RELIGIOUStemple_mesh1300,train,3523,-0.5238094925880432,0.5555557012557983,-0.17460310459136963,0.17460322380065918,-0.7460317611694336,0.777777910232544,1.0793652534484863,0.3492063283920288,1.5238096714019775
RELIGIOUStemple_mesh1314,train,2946,-0.3015872836112976,0.3333333730697632,-0.23809516429901123,0.23809528350830078,-0.682539701461792,0.4603174924850464,0.6349206566810608,0.476190447807312,1.1428571939468384
RELIGIOUStemple_mesh1315,train,537,-0.682539701461792,0.777777910232544,-0.4285714030265808,0.3015873432159424,-0.6507936716079712,0.6507937908172607,1.460317611694336,0.7301587462425232,1.301587462425232
RELIGIOUStemple_mesh1519,val,24868,-0.7460317611694336,0.777777910232544,-0.7460317611694336,0.777777910232544,-0.3333333134651184,0.365079402923584,1.5238096714019775,1.5238096714019775,0.6984127163887024
RELIGIOUStemple_mesh1585,val,3676,-0.7460317611694336,0.777777910232544,-0.3015872836112976,0.3333333730697632,-0.7460317611694336,0.777777910232544,1.5238096714019775,0.6349206566810608,1.5238096714019775
RELIGIOUStemple_mesh1631,train,8434,-0.7460317611694336,0.7460318803787231,-0.3650793433189392,0.3333333730697632,-0.4285714030265808,0.4603174924850464,1.4920636415481567,0.6984127163887024,0.8888888955116272
RELIGIOUStemple_mesh1731,train,14106,-0.555555522441864,0.6190477609634399,-0.7460317611694336,0.6507937908172607,-0.7142857313156128,0.7460318803787231,1.1746032238006592,1.3968255519866943,1.460317611694336
RELIGIOUStemple_mesh1847,train,704,-0.7142857313156128,0.777777910232544,-0.6507936716079712,0.5238096714019775,-0.5873015522956848,0.6190477609634399,1.4920636415481567,1.1746033430099487,1.2063493728637695
RELIGIOUStemple_mesh1871,train,3664,-0.7460317611694336,0.3333333730697632,-0.4285714030265808,0.4603174924850464,-0.39682537317276,0.777777910232544,1.0793651342391968,0.8888888955116272,1.1746032238006592
RELIGIOUStemple_mesh1885,train,723,-0.047618985176086426,0.3015873432159424,-0.11111104488372803,0.3968254327774048,-0.7460317611694336,0.777777910232544,0.3492063283920288,0.5079364776611328,1.5238096714019775
RELIGIOUStemple_mesh1905,val,8692,-0.7460317611694336,0.777777910232544,-0.555555522441864,0.4603174924850464,-0.7460317611694336,0.7460318803787231,1.5238096714019775,1.0158729553222656,1.4920636415481567
RELIGIOUStemple_mesh1913,train,1419,-0.6190475821495056,0.6825398206710815,-0.7460317611694336,0.6190477609634399,-0.6507936716079712,0.6507937908172607,1.3015873432159424,1.3650795221328735,1.301587462425232
RELIGIOUStemple_mesh1935,train,6854,-0.7460317611694336,0.5555557012557983,-0.3333333134651184,0.3015873432159424,-0.4285714030265808,0.4603174924850464,1.301587462425232,0.6349206566810608,0.8888888955116272
RELIGIOUStemple_mesh1956,val,592,-0.5873015522956848,0.6507937908172607,-0.11111104488372803,0.14285719394683838,-0.7142857313156128,0.6825398206710815,1.2380952835083008,0.2539682388305664,1.3968255519866943
RELIGIOUStemple_mesh1968,train,137,-0.4920634627342224,0.5238096714019775,-0.7460317611694336,0.7460318803787231,-0.39682537317276,0.4285714626312256,1.0158731937408447,1.4920636415481567,0.8253968358039856
RELIGIOUStemple_mesh1971,train,327,-0.4603174328804016,0.6190477609634399,-0.4285714030265808,0.3968254327774048,-0.555555522441864,0.5238096714019775,1.0793652534484863,0.8253968358039856,1.0793652534484863
RELIGIOUStemple_mesh1992,train,3776,-0.7460317611694336,0.777777910232544,-0.3015872836112976,0.23809528350830078,-0.39682537317276,0.4285714626312256,1.5238096714019775,0.5396825671195984,0.8253968358039856
RELIGIOUStemple_mesh1993,train,8714,-0.5238094925880432,0.5555557012557983,-0.4285714030265808,0.4603174924850464,-0.7460317611694336,0.777777910232544,1.0793652534484863,0.8888888955116272,1.5238096714019775
RELIGIOUStemple_mesh2073,train,1399,-0.7460317611694336,0.777777910232544,-0.4285714030265808,0.365079402923584,-0.6190475821495056,0.6507937908172607,1.5238096714019775,0.7936508059501648,1.2698414325714111
RELIGIOUSvilla_mesh1437,train,2895,-0.555555522441864,0.6825398206710815,-0.23809516429901123,0.20634925365447998,-0.39682537317276,0.3333333730697632,1.2380952835083008,0.4444444179534912,0.7301587462425232
RELIGIOUSvilla_mesh5382,train,8911,-0.5873015522956848,0.6190477609634399,-0.4285714030265808,0.365079402923584,-0.7460317611694336,0.777777910232544,1.2063493728637695,0.7936508059501648,1.5238096714019775
RESIDENTIALcastle_mesh0771,train,4449,-0.6190475821495056,0.6507937908172607,-0.39682537317276,0.3968254327774048,-0.7460317611694336,0.777777910232544,1.2698414325714111,0.7936508059501648,1.5238096714019775
RESIDENTIALcastle_mesh1086,train,520,-0.3015872836112976,0.14285719394683838,-0.047618985176086426,0.07936513423919678,-0.23809516429901123,0.2698413133621216,0.444444477558136,0.1269841194152832,0.5079364776611328
RESIDENTIALcastle_mesh2168,train,14310,-0.5238094925880432,0.5555557012557983,-0.23809516429901123,0.2698413133621216,-0.7460317611694336,0.777777910232544,1.0793652534484863,0.5079364776611328,1.5238096714019775
RESIDENTIALcastle_mesh2926,val,809,-0.5873015522956848,0.6825398206710815,-0.39682537317276,0.3968254327774048,-0.4920634627342224,0.4920635223388672,1.2698414325714111,0.7936508059501648,0.9841269850730896
RESIDENTIALcastle_mesh2942,val,381,-0.39682537317276,0.4285714626312256,-0.2698412537574768,0.3015873432159424,-0.7460317611694336,0.777777910232544,0.8253968358039856,0.5714285969734192,1.5238096714019775
RESIDENTIALcastle_mesh3050,train,899,-0.3333333134651184,0.11111116409301758,-0.07936501502990723,0.11111116409301758,-0.5238094925880432,0.3333333730697632,0.444444477558136,0.1904761791229248,0.8571428656578064
RESIDENTIALcastle_mesh3238,test,2525,-0.7460317611694336,0.7142858505249023,-0.20634913444519043,0.17460322380065918,-0.7460317611694336,0.3968254327774048,1.460317611694336,0.3809523582458496,1.1428571939468384
RESIDENTIALcathedral_mesh0781,train,2786,-0.7460317611694336,0.777777910232544,-0.07936501502990723,0.365079402923584,-0.39682537317276,0.4285714626312256,1.5238096714019775,0.4444444179534912,0.8253968358039856
RESIDENTIALcathedral_mesh0850,train,1545,-0.7460317611694336,0.777777910232544,-0.39682537317276,0.3968254327774048,-0.7142857313156128,0.777777910232544,1.5238096714019775,0.7936508059501648,1.4920636415481567
RESIDENTIALcathedral_mesh0855,train,1014,-0.7460317611694336,0.777777910232544,-0.11111104488372803,0.11111116409301758,-0.682539701461792,0.7460318803787231,1.5238096714019775,0.2222222089767456,1.4285715818405151
RESIDENTIALcathedral_mesh0909,train,1392,-0.5873015522956848,0.6507937908172607,-0.555555522441864,0.5555557012557983,-0.7460317611694336,0.777777910232544,1.2380952835083008,1.1111111640930176,1.5238096714019775
RESIDENTIALchurch_mesh0145,train,810,-0.7142857313156128,0.7460318803787231,-0.3650793433189392,0.23809528350830078,-0.682539701461792,0.7142858505249023,1.460317611694336,0.60317462682724,1.3968255519866943
RESIDENTIALchurch_mesh0833,val,238,-0.7460317611694336,0.777777910232544,-0.4285714030265808,0.4603174924850464,-0.5873015522956848,0.6190477609634399,1.5238096714019775,0.8888888955116272,1.2063493728637695
RESIDENTIALchurch_mesh1834,train,24279,-0.6507936716079712,0.7142858505249023,-0.4603174328804016,0.4920635223388672,-0.7142857313156128,0.777777910232544,1.3650795221328735,0.9523809552192688,1.4920636415481567
RESIDENTIALchurch_mesh1845,train,1379,-0.7460317611694336,0.777777910232544,-0.39682537317276,0.4285714626312256,-0.6507936716079712,0.6507937908172607,1.5238096714019775,0.8253968358039856,1.301587462425232
RESIDENTIALchurch_mesh1968,val,4241,-0.7460317611694336,0.777777910232544,-0.23809516429901123,0.2698413133621216,-0.5238094925880432,0.5555557012557983,1.5238096714019775,0.5079364776611328,1.0793652534484863
RESIDENTIALchurch_mesh2138,val,11541,-0.4285714030265808,0.6190477609634399,-0.3015872836112976,0.23809528350830078,-0.7142857313156128,0.777777910232544,1.047619104385376,0.5396825671195984,1.4920636415481567
RESIDENTIALchurch_mesh2161,train,1005,-0.4920634627342224,0.4285714626312256,0.015873074531555176,0.2698413133621216,-0.7460317611694336,0.2698413133621216,0.920634925365448,0.2539682388305664,1.0158730745315552
RESIDENTIALchurch_mesh2951,train,26686,-0.682539701461792,0.7142858505249023,-0.5873015522956848,0.5873017311096191,-0.7460317611694336,0.777777910232544,1.3968255519866943,1.1746032238006592,1.5238096714019775
RESIDENTIALchurch_mesh2988,train,11762,-0.7460317611694336,0.777777910232544,-0.23809516429901123,0.2698413133621216,-0.555555522441864,0.6190477609634399,1.5238096714019775,0.5079364776611328,1.1746032238006592
RESIDENTIALchurch_mesh3093,val,743,-0.4285714030265808,0.5555557012557983,-0.20634913444519043,0.23809528350830078,-0.5873015522956848,0.777777910232544,0.9841271042823792,0.4444444179534912,1.365079402923584
RESIDENTIALcity_hall_mesh0361,train,584,-0.7460317611694336,0.777777910232544,-0.4920634627342224,0.4920635223388672,-0.7460317611694336,0.777777910232544,1.5238096714019775,0.9841269850730896,1.5238096714019775
RESIDENTIALcity_hall_mesh0421,train,394,-0.7460317611694336,0.777777910232544,-0.4285714030265808,0.4603174924850464,-0.6507936716079712,0.6825398206710815,1.5238096714019775,0.8888888955116272,1.3333334922790527
RESIDENTIALfactory_mesh0019,train,7113,-0.7460317611694336,0.365079402923584,-0.6507936716079712,0.6825398206710815,-0.39682537317276,0.3968254327774048,1.1111111640930176,1.3333334922790527,0.7936508059501648
RESIDENTIALfactory_mesh0358,test,1379,-0.20634913444519043,0.11111116409301758,-0.14285707473754883,0.17460322380065918,-0.39682537317276,0.17460322380065918,0.317460298538208,0.317460298538208,0.5714285969734192
RESIDENTIALfactory_mesh0789,train,187,-0.7460317611694336,0.777777910232544,-0.14285707473754883,0.17460322380065918,-0.6190475821495056,0.6507937908172607,1.5238096714019775,0.317460298538208,1.2698414325714111
RESIDENTIALfactory_mesh1231,train,3440,-0.39682537317276,0.4285714626312256,-0.4920634627342224,0.5238096714019775,-0.682539701461792,0.7460318803787231,0.8253968358039856,1.0158731937408447,1.4285715818405151
RESIDENTIALfactory_mesh1345,train,622,-0.5238094925880432,0.5555557012557983,-0.23809516429901123,0.2698413133621216,-0.7460317611694336,0.777777910232544,1.0793652534484863,0.5079364776611328,1.5238096714019775
RESIDENTIALfactory_mesh1620,train,603,-0.4285714030265808,0.4603174924850464,-0.2698412537574768,0.3015873432159424,-0.7460317611694336,0.7460318803787231,0.8888888955116272,0.5714285969734192,1.4920636415481567
RESIDENTIALhotel_building_mesh0476,train,626,-0.555555522441864,0.5555557012557983,-0.7460317611694336,0.6190477609634399,-0.3650793433189392,0.3968254327774048,1.1111111640930176,1.3650795221328735,0.761904776096344
RESIDENTIALhotel_building_mesh0502,test,14360,-0.7460317611694336,0.777777910232544,-0.39682537317276,0.4285714626312256,-0.5238094925880432,0.5873017311096191,1.5238096714019775,0.8253968358039856,1.1111111640930176
RESIDENTIALhotel_building_mesh0512,train,6555,-0.6507936716079712,0.6825398206710815,-0.23809516429901123,0.14285719394683838,-0.7460317611694336,0.5873017311096191,1.3333334922790527,0.3809523582458496,1.3333334922790527
RESIDENTIALhotel_building_mesh0580,train,4969,-0.555555522441864,0.5873017311096191,-0.23809516429901123,0.2698413133621216,-0.7460317611694336,0.777777910232544,1.142857313156128,0.5079364776611328,1.5238096714019775
RESIDENTIALhotel_building_mesh0607,train,2743,-0.5238094925880432,0.5873017311096191,-0.3015872836112976,0.3333333730697632,-0.7142857313156128,0.777777910232544,1.1111111640930176,0.6349206566810608,1.4920636415481567
RESIDENTIALhotel_building_mesh0638,train,7169,-0.5873015522956848,0.6507937908172607,-0.23809516429901123,0.14285719394683838,-0.7460317611694336,0.777777910232544,1.2380952835083008,0.3809523582458496,1.5238096714019775
RESIDENTIALhotel_building_mesh0856,train,676,-0.4920634627342224,0.5238096714019775,-0.20634913444519043,0.2698413133621216,-0.682539701461792,0.777777910232544,1.0158731937408447,0.476190447807312,1.460317611694336
RESIDENTIALhotel_building_mesh1212,train,2814,-0.4285714030265808,0.4920635223388672,-0.23809516429901123,0.23809528350830078,-0.7460317611694336,0.777777910232544,0.920634925365448,0.476190447807312,1.5238096714019775
RESIDENTIALhouse_mesh0059,train,2358,-0.7460317611694336,0.777777910232544,-0.4920634627342224,0.5238096714019775,-0.682539701461792,0.6825398206710815,1.5238096714019775,1.0158731937408447,1.3650795221328735
RESIDENTIALhouse_mesh0060,train,4695,-0.3650793433189392,0.3968254327774048,-0.2698412537574768,0.3015873432159424,-0.6507936716079712,0.777777910232544,0.761904776096344,0.5714285969734192,1.4285715818405151
RESIDENTIALhouse_mesh0063,train,7192,-0.555555522441864,0.5873017311096191,-0.7460317611694336,0.777777910232544,-0.5238094925880432,0.5555557012557983,1.142857313156128,1.5238096714019775,1.0793652534484863
RESIDENTIALhouse_mesh0067,train,714,-0.682539701461792,0.7142858505249023,-0.3333333134651184,0.365079402923584,-0.7460317611694336,0.777777910232544,1.3968255519866943,0.6984127163887024,1.5238096714019775
RESIDENTIALhouse_mesh0074,train,896,-0.682539701461792,0.777777910232544,-0.2698412537574768,0.3015873432159424,-0.4285714030265808,0.5555557012557983,1.460317611694336,0.5714285969734192,0.9841271042823792
RESIDENTIALhouse_mesh0077,train,237,-0.3333333134651184,0.365079402923584,-0.4285714030265808,0.4603174924850464,-0.7460317611694336,0.777777910232544,0.6984127163887024,0.8888888955116272,1.5238096714019775
RESIDENTIALhouse_mesh0086,test,7240,-0.7460317611694336,0.777777910232544,-0.2698412537574768,0.3015873432159424,-0.6190475821495056,0.23809528350830078,1.5238096714019775,0.5714285969734192,0.8571428656578064
RESIDENTIALhouse_mesh0089,test,10080,-0.7460317611694336,0.6825398206710815,-0.4920634627342224,0.5238096714019775,-0.555555522441864,0.5555557012557983,1.4285715818405151,1.0158731937408447,1.1111111640930176
RESIDENTIALhouse_mesh0095,train,2196,-0.2698412537574768,0.3015873432159424,-0.20634913444519043,0.23809528350830078,-0.7142857313156128,0.7142858505249023,0.5714285969734192,0.4444444179534912,1.4285715818405151
RESIDENTIALhouse_mesh0096,train,283,-0.4603174328804016,0.4920635223388672,-0.23809516429901123,0.2698413133621216,-0.7460317611694336,0.777777910232544,0.9523809552192688,0.5079364776611328,1.5238096714019775
RESIDENTIALhouse_mesh0099,train,695,-0.6507936716079712,0.6825398206710815,-0.39682537317276,0.4285714626312256,-0.7142857313156128,0.7460318803787231,1.3333334922790527,0.8253968358039856,1.460317611694336
RESIDENTIALhouse_mesh0100,train,568,-0.3333333134651184,0.6190477609634399,-0.17460310459136963,0.20634925365447998,-0.7460317611694336,0.3015873432159424,0.9523810744285583,0.3809523582458496,1.047619104385376
RESIDENTIALhouse_mesh0109,test,5810,-0.7460317611694336,0.777777910232544,-0.3015872836112976,0.3333333730697632,-0.4603174328804016,0.4920635223388672,1.5238096714019775,0.6349206566810608,0.9523809552192688
RESIDENTIALhouse_mesh0139,train,14397,-0.682539701461792,0.7142858505249023,-0.4285714030265808,0.4285714626312256,-0.7460317611694336,0.777777910232544,1.3968255519866943,0.8571428656578064,1.5238096714019775
RESIDENTIALhouse_mesh0166,train,11335,-0.7460317611694336,0.777777910232544,-0.3015872836112976,0.3333333730697632,-0.6190475821495056,0.6507937908172607,1.5238096714019775,0.6349206566810608,1.2698414325714111
RESIDENTIALhouse_mesh0172,train,1148,-0.7460317611694336,0.777777910232544,-0.5873015522956848,0.6190477609634399,-0.7460317611694336,0.777777910232544,1.5238096714019775,1.2063493728637695,1.5238096714019775
RESIDENTIALhouse_mesh0185,train,529,-0.7142857313156128,0.7460318803787231,-0.3650793433189392,0.3968254327774048,-0.7460317611694336,0.777777910232544,1.460317611694336,0.761904776096344,1.5238096714019775
RESIDENTIALhouse_mesh0217,train,13879,-0.6507936716079712,0.6825398206710815,-0.2698412537574768,0.3015873432159424,-0.7460317611694336,0.777777910232544,1.3333334922790527,0.5714285969734192,1.5238096714019775
RESIDENTIALhouse_mesh0230,train,5416,-0.6507936716079712,0.777777910232544,-0.20634913444519043,0.23809528350830078,-0.7142857313156128,0.7460318803787231,1.4285715818405151,0.4444444179534912,1.460317611694336
RESIDENTIALhouse_mesh0244,train,2487,-0.7142857313156128,0.6825398206710815,-0.11111104488372803,0.14285719394683838,-0.4920634627342224,0.4285714626312256,1.3968255519866943,0.2539682388305664,0.920634925365448
RESIDENTIALhouse_mesh0253,train,602,-0.6507936716079712,0.7142858505249023,-0.11111104488372803,0.14285719394683838,-0.682539701461792,0.3333333730697632,1.3650795221328735,0.2539682388305664,1.0158730745315552
RESIDENTIALhouse_mesh0289,train,15883,-0.7460317611694336,0.777777910232544,-0.3650793433189392,0.3968254327774048,-0.6507936716079712,0.6825398206710815,1.5238096714019775,0.761904776096344,1.3333334922790527
RESIDENTIALhouse_mesh0322,train,229,-0.3650793433189392,0.3968254327774048,-0.20634913444519043,0.23809528350830078,-0.7460317611694336,0.777777910232544,0.761904776096344,0.4444444179534912,1.5238096714019775
RESIDENTIALhouse_mesh0348,train,1104,-0.6507936716079712,0.6825398206710815,-0.2698412537574768,0.3015873432159424,-0.6507936716079712,0.4603174924850464,1.3333334922790527,0.5714285969734192,1.1111111640930176
RESIDENTIALhouse_mesh0354,val,1959,-0.5238094925880432,0.5555557012557983,-0.3015872836112976,0.3333333730697632,-0.7460317611694336,0.7460318803787231,1.0793652534484863,0.6349206566810608,1.4920636415481567
RESIDENTIALhouse_mesh0358,test,14922,-0.39682537317276,0.4285714626312256,-0.3333333134651184,0.365079402923584,-0.7460317611694336,0.777777910232544,0.8253968358039856,0.6984127163887024,1.5238096714019775
RESIDENTIALhouse_mesh0375,train,5267,-0.5238094925880432,0.5873017311096191,-0.5238094925880432,0.5555557012557983,-0.7460317611694336,0.07936513423919678,1.1111111640930176,1.0793652534484863,0.8253968954086304
RESIDENTIALhouse_mesh0379,train,10951,-0.4603174328804016,0.4920635223388672,-0.3015872836112976,0.3015873432159424,-0.7460317611694336,0.777777910232544,0.9523809552192688,0.60317462682724,1.5238096714019775
RESIDENTIALhouse_mesh0386,train,102,-0.5873015522956848,0.7460318803787231,-0.07936501502990723,0.11111116409301758,-0.4920634627342224,0.5238096714019775,1.3333334922790527,0.1904761791229248,1.0158731937408447
RESIDENTIALhouse_mesh0391,train,936,-0.6190475821495056,0.5238096714019775,-0.3015872836112976,0.3333333730697632,-0.7460317611694336,0.777777910232544,1.142857313156128,0.6349206566810608,1.5238096714019775
RESIDENTIALhouse_mesh0394,test,1230,-0.3333333134651184,0.4285714626312256,-0.14285707473754883,0.17460322380065918,-0.6190475821495056,0.2698413133621216,0.761904776096344,0.317460298538208,0.8888888955116272
RESIDENTIALhouse_mesh0402,test,13949,-0.7460317611694336,0.777777910232544,-0.39682537317276,0.3968254327774048,-0.6190475821495056,0.6507937908172607,1.5238096714019775,0.7936508059501648,1.2698414325714111
RESIDENTIALhouse_mesh0422,train,189,-0.39682537317276,0.4285714626312256,0.015873074531555176,0.11111116409301758,-0.6190475821495056,0.777777910232544,0.8253968358039856,0.0952380895614624,1.3968255519866943
RESIDENTIALhouse_mesh0435,train,514,-0.5238094925880432,0.5873017311096191,-0.14285707473754883,0.20634925365447998,-0.14285707473754883,0.3968254327774048,1.1111111640930176,0.3492063283920288,0.5396825075149536
RESIDENTIALhouse_mesh0440,train,140,-0.682539701461792,0.777777910232544,-0.11111104488372803,0.14285719394683838,-0.555555522441864,0.5873017311096191,1.460317611694336,0.2539682388305664,1.142857313156128
RESIDENTIALhouse_mesh0452,train,1457,-0.555555522441864,0.5873017311096191,-0.11111104488372803,0.17460322380065918,-0.7142857313156128,0.777777910232544,1.142857313156128,0.2857142686843872,1.4920636415481567
RESIDENTIALhouse_mesh0456,test,715,-0.6507936716079712,0.6825398206710815,-0.39682537317276,0.4285714626312256,-0.682539701461792,0.777777910232544,1.3333334922790527,0.8253968358039856,1.460317611694336
RESIDENTIALhouse_mesh0458,train,15466,-0.4285714030265808,0.4603174924850464,-0.4920634627342224,0.5238096714019775,-0.7460317611694336,0.777777910232544,0.8888888955116272,1.0158731937408447,1.5238096714019775
RESIDENTIALhouse_mesh0467,test,788,-0.6190475821495056,0.6190477609634399,-0.3650793433189392,0.14285719394683838,-0.682539701461792,0.23809528350830078,1.2380952835083008,0.5079365372657776,0.9206349849700928
RESIDENTIALhouse_mesh0471,train,484,-0.4285714030265808,0.4603174924850464,-0.4920634627342224,0.5238096714019775,-0.7142857313156128,0.777777910232544,0.8888888955116272,1.0158731937408447,1.4920636415481567
RESIDENTIALhouse_mesh0476,train,1259,-0.7460317611694336,0.777777910232544,-0.3333333134651184,0.365079402923584,-0.6190475821495056,0.6507937908172607,1.5238096714019775,0.6984127163887024,1.2698414325714111
RESIDENTIALhouse_mesh0477,test,154,-0.7460317611694336,0.5873017311096191,-0.17460310459136963,0.14285719394683838,-0.20634913444519043,0.6507937908172607,1.3333334922790527,0.317460298538208,0.8571429252624512
RESIDENTIALhouse_mesh0498,train,538,-0.5873015522956848,0.6190477609634399,-0.17460310459136963,0.20634925365447998,-0.4603174328804016,0.3015873432159424,1.2063493728637695,0.3809523582458496,0.761904776096344
RESIDENTIALhouse_mesh0502,train,6875,-0.7142857313156128,0.7142858505249023,-0.2698412537574768,0.3015873432159424,-0.7460317611694336,0.777777910232544,1.4285715818405151,0.5714285969734192,1.5238096714019775
RESIDENTIALhouse_mesh0516,test,189,-0.7460317611694336,0.6190477609634399,-0.11111104488372803,0.11111116409301758,-0.555555522441864,0.20634925365447998,1.3650795221328735,0.2222222089767456,0.761904776096344
RESIDENTIALhouse_mesh0534,train,968,-0.3333333134651184,0.365079402923584,-0.17460310459136963,0.20634925365447998,-0.6507936716079712,0.7142858505249023,0.6984127163887024,0.3809523582458496,1.3650795221328735
RESIDENTIALhouse_mesh0540,train,605,-0.7460317611694336,0.777777910232544,-0.3015872836112976,0.3333333730697632,-0.5238094925880432,0.5555557012557983,1.5238096714019775,0.6349206566810608,1.0793652534484863
RESIDENTIALhouse_mesh0565,test,7201,-0.7460317611694336,0.777777910232544,-0.17460310459136963,0.20634925365447998,-0.5873015522956848,0.6190477609634399,1.5238096714019775,0.3809523582458496,1.2063493728637695
RESIDENTIALhouse_mesh0571,test,2591,-0.4285714030265808,0.3015873432159424,-0.20634913444519043,0.23809528350830078,-0.3333333134651184,0.20634925365447998,0.7301587462425232,0.4444444179534912,0.5396825671195984
RESIDENTIALhouse_mesh0575,train,4316,-0.7142857313156128,0.4920635223388672,-0.682539701461792,0.7142858505249023,-0.7460317611694336,0.5555557012557983,1.20634925365448,1.3968255519866943,1.301587462425232
RESIDENTIALhouse_mesh0587,train,483,-0.20634913444519043,0.17460322380065918,-0.07936501502990723,0.11111116409301758,-0.39682537317276,0.14285719394683838,0.3809523582458496,0.1904761791229248,0.5396825671195984
RESIDENTIALhouse_mesh0600,train,3561,-0.7460317611694336,0.7142858505249023,-0.3015872836112976,0.3015873432159424,-0.5873015522956848,0.6507937908172607,1.460317611694336,0.60317462682724,1.2380952835083008
RESIDENTIALhouse_mesh0641,train,1641,-0.3015872836112976,0.3333333730697632,-0.3650793433189392,0.3968254327774048,-0.7460317611694336,0.4920635223388672,0.6349206566810608,0.761904776096344,1.2380952835083008
RESIDENTIALhouse_mesh0642,train,23757,-0.5873015522956848,0.5873017311096191,-0.4920634627342224,0.4920635223388672,-0.7460317611694336,0.777777910232544,1.1746032238006592,0.9841269850730896,1.5238096714019775
RESIDENTIALhouse_mesh0648,train,1656,-0.555555522441864,0.5873017311096191,-0.11111104488372803,0.17460322380065918,-0.7460317611694336,0.3015873432159424,1.142857313156128,0.2857142686843872,1.047619104385376
RESIDENTIALhouse_mesh0658,val,344,-0.6507936716079712,0.777777910232544,-0.23809516429901123,0.23809528350830078,-0.4603174328804016,0.4920635223388672,1.4285715818405151,0.476190447807312,0.9523809552192688
RESIDENTIALhouse_mesh0673,train,1782,-0.7460317611694336,0.777777910232544,-0.17460310459136963,0.20634925365447998,-0.39682537317276,0.4285714626312256,1.5238096714019775,0.3809523582458496,0.8253968358039856
RESIDENTIALhouse_mesh0684,train,1431,-0.7460317611694336,0.777777910232544,-0.14285707473754883,0.17460322380065918,-0.4920634627342224,0.5238096714019775,1.5238096714019775,0.317460298538208,1.0158731937408447
RESIDENTIALhouse_mesh0717,train,1088,-0.6507936716079712,0.5555557012557983,-0.14285707473754883,0.17460322380065918,-0.3650793433189392,0.23809528350830078,1.2063493728637695,0.317460298538208,0.60317462682724
RESIDENTIALhouse_mesh0718,train,2616,-0.7460317611694336,0.777777910232544,-0.3650793433189392,0.3968254327774048,-0.7142857313156128,0.7142858505249023,1.5238096714019775,0.761904776096344,1.4285715818405151
RESIDENTIALhouse_mesh0737,train,784,-0.3650793433189392,0.3968254327774048,-0.20634913444519043,0.17460322380065918,-0.7460317611694336,0.777777910232544,0.761904776096344,0.3809523582458496,1.5238096714019775
RESIDENTIALhouse_mesh0769,train,499,-0.3650793433189392,0.3968254327774048,-0.11111104488372803,0.14285719394683838,-0.4920634627342224,0.777777910232544,0.761904776096344,0.2539682388305664,1.2698414325714111
RESIDENTIALhouse_mesh0776,train,298,-0.4603174328804016,0.6825398206710815,-0.3650793433189392,0.3968254327774048,-0.3015872836112976,0.4920635223388672,1.142857313156128,0.761904776096344,0.7936508059501648
RESIDENTIALhouse_mesh0782,train,1321,-0.39682537317276,0.4285714626312256,-0.11111104488372803,0.14285719394683838,-0.7142857313156128,0.4603174924850464,0.8253968358039856,0.2539682388305664,1.1746032238006592
RESIDENTIALhouse_mesh0794,train,10065,-0.555555522441864,0.6825398206710815,-0.3650793433189392,0.3968254327774048,-0.4603174328804016,0.6190477609634399,1.2380952835083008,0.761904776096344,1.0793652534484863
RESIDENTIALhouse_mesh0818,train,346,-0.4603174328804016,0.4920635223388672,-0.3015872836112976,0.3333333730697632,-0.7460317611694336,0.777777910232544,0.9523809552192688,0.6349206566810608,1.5238096714019775
RESIDENTIALhouse_mesh0821,train,1363,-0.6507936716079712,0.6825398206710815,-0.7460317611694336,0.777777910232544,-0.6507936716079712,0.6825398206710815,1.3333334922790527,1.5238096714019775,1.3333334922790527
RESIDENTIALhouse_mesh0829,train,2499,-0.5238094925880432,0.5555557012557983,-0.3333333134651184,0.365079402923584,-0.7460317611694336,0.777777910232544,1.0793652534484863,0.6984127163887024,1.5238096714019775
RESIDENTIALhouse_mesh0836,train,912,-0.682539701461792,0.6825398206710815,-0.17460310459136963,0.20634925365447998,-0.7460317611694336,0.7460318803787231,1.3650795221328735,0.3809523582458496,1.4920636415481567
RESIDENTIALhouse_mesh0844,train,2062,-0.6190475821495056,0.6507937908172607,-0.14285707473754883,0.23809528350830078,-0.7460317611694336,0.777777910232544,1.2698414325714111,0.3809523582458496,1.5238096714019775
RESIDENTIALhouse_mesh0845,train,844,-0.7460317611694336,0.777777910232544,-0.3333333134651184,0.365079402923584,-0.5238094925880432,0.5555557012557983,1.5238096714019775,0.6984127163887024,1.0793652534484863
RESIDENTIALhouse_mesh0875,train,5877,-0.6507936716079712,0.6825398206710815,-0.20634913444519043,0.23809528350830078,-0.7460317611694336,0.6190477609634399,1.3333334922790527,0.4444444179534912,1.3650795221328735
RESIDENTIALhouse_mesh0879,train,279,-0.3650793433189392,0.4285714626312256,-0.4603174328804016,0.4285714626312256,-0.23809516429901123,0.4603174924850464,0.7936508059501648,0.8888888955116272,0.6984126567840576
RESIDENTIALhouse_mesh0897,train,2923,-0.2698412537574768,0.3015873432159424,-0.5238094925880432,0.5555557012557983,-0.7460317611694336,0.777777910232544,0.5714285969734192,1.0793652534484863,1.5238096714019775
RESIDENTIALhouse_mesh0904,val,244,-0.5238094925880432,0.5238096714019775,-0.11111104488372803,0.14285719394683838,-0.7142857313156128,-0.07936501502990723,1.047619104385376,0.2539682388305664,0.6349207162857056
RESIDENTIALhouse_mesh0909,val,4454,-0.7460317611694336,0.777777910232544,-0.5873015522956848,0.6190477609634399,-0.682539701461792,0.7142858505249023,1.5238096714019775,1.2063493728637695,1.3968255519866943
RESIDENTIALhouse_mesh0915,test,457,-0.7460317611694336,0.777777910232544,-0.4603174328804016,0.4285714626312256,-0.7142857313156128,0.777777910232544,1.5238096714019775,0.8888888955116272,1.4920636415481567
RESIDENTIALhouse_mesh0924,train,608,-0.7460317611694336,0.777777910232544,-0.23809516429901123,0.23809528350830078,-0.4920634627342224,0.5238096714019775,1.5238096714019775,0.476190447807312,1.0158731937408447
RESIDENTIALhouse_mesh0933,train,1480,-0.5238094925880432,0.5555557012557983,-0.4285714030265808,0.4285714626312256,-0.7460317611694336,0.777777910232544,1.0793652534484863,0.8571428656578064,1.5238096714019775
RESIDENTIALhouse_mesh0939,val,16390,-0.7460317611694336,0.7142858505249023,-0.20634913444519043,0.3968254327774048,-0.6507936716079712,0.6825398206710815,1.460317611694336,0.6031745672225952,1.3333334922790527
RESIDENTIALhouse_mesh0944,test,305,-0.6507936716079712,0.6825398206710815,-0.23809516429901123,0.2698413133621216,-0.7460317611694336,0.777777910232544,1.3333334922790527,0.5079364776611328,1.5238096714019775
RESIDENTIALhouse_mesh0946,test,3458,-0.7460317611694336,0.777777910232544,-0.4285714030265808,0.4603174924850464,-0.7460317611694336,0.777777910232544,1.5238096714019775,0.8888888955116272,1.5238096714019775
RESIDENTIALhouse_mesh0974,test,227,-0.3650793433189392,0.365079402923584,-0.07936501502990723,0.11111116409301758,-0.7142857313156128,0.17460322380065918,0.7301587462425232,0.1904761791229248,0.888888955116272
RESIDENTIALhouse_mesh0976,train,86,-0.6190475821495056,0.5873017311096191,-0.4920634627342224,0.23809528350830078,-0.555555522441864,0.7460318803787231,1.2063493728637695,0.7301587462425232,1.3015873432159424
RESIDENTIALhouse_mesh0989,train,545,-0.20634913444519043,0.6190477609634399,-0.07936501502990723,0.11111116409301758,-0.17460310459136963,0.20634925365447998,0.8253968954086304,0.1904761791229248,0.3809523582458496
RESIDENTIALhouse_mesh0992,val,2402,-0.682539701461792,0.7142858505249023,-0.2698412537574768,0.3015873432159424,-0.6190475821495056,0.6825398206710815,1.3968255519866943,0.5714285969734192,1.3015873432159424
RESIDENTIALhouse_mesh0993,train,2065,-0.7460317611694336,0.777777910232544,-0.3333333134651184,0.365079402923584,-0.4920634627342224,0.5238096714019775,1.5238096714019775,0.6984127163887024,1.0158731937408447
RESIDENTIALhouse_mesh1009,train,24914,-0.7460317611694336,0.777777910232544,-0.39682537317276,0.4285714626312256,-0.6507936716079712,0.6825398206710815,1.5238096714019775,0.8253968358039856,1.3333334922790527
RESIDENTIALhouse_mesh1018,train,6610,-0.3015872836112976,0.777777910232544,-0.2698412537574768,0.3968254327774048,-0.682539701461792,0.7142858505249023,1.0793652534484863,0.6666666865348816,1.3968255519866943
RESIDENTIALhouse_mesh1043,train,516,-0.7142857313156128,0.23809528350830078,-0.14285707473754883,0.17460322380065918,-0.23809516429901123,0.3015873432159424,0.9523810148239136,0.317460298538208,0.5396825075149536
RESIDENTIALhouse_mesh1056,val,2873,-0.4603174328804016,0.4603174924850464,-0.3650793433189392,0.3968254327774048,-0.7460317611694336,0.777777910232544,0.920634925365448,0.761904776096344,1.5238096714019775
RESIDENTIALhouse_mesh1058,train,384,-0.6190475821495056,0.6507937908172607,-0.17460310459136963,0.17460322380065918,-0.682539701461792,0.777777910232544,1.2698414325714111,0.3492063283920288,1.460317611694336
RESIDENTIALhouse_mesh1062,train,285,-0.555555522441864,0.777777910232544,-0.11111104488372803,0.14285719394683838,-0.5238094925880432,0.5238096714019775,1.3333334922790527,0.2539682388305664,1.047619104385376
RESIDENTIALhouse_mesh1067,train,2090,-0.5238094925880432,0.5873017311096191,-0.3015872836112976,0.3333333730697632,-0.7460317611694336,0.777777910232544,1.1111111640930176,0.6349206566810608,1.5238096714019775
RESIDENTIALhouse_mesh1068,train,10465,-0.7142857313156128,0.777777910232544,-0.3015872836112976,0.3333333730697632,-0.555555522441864,0.5238096714019775,1.4920636415481567,0.6349206566810608,1.0793652534484863
RESIDENTIALhouse_mesh1080,test,14051,-0.682539701461792,0.7142858505249023,-0.3650793433189392,0.365079402923584,-0.7460317611694336,0.777777910232544,1.3968255519866943,0.7301587462425232,1.5238096714019775
RESIDENTIALhouse_mesh1097,train,711,-0.7460317611694336,0.4920635223388672,-0.20634913444519043,0.20634925365447998,-0.11111104488372803,0.6190477609634399,1.2380952835083008,0.4126983880996704,0.730158805847168
RESIDENTIALhouse_mesh1104,train,12607,-0.682539701461792,0.7460318803787231,-0.20634913444519043,0.23809528350830078,-0.6507936716079712,0.6507937908172607,1.4285715818405151,0.4444444179534912,1.301587462425232
RESIDENTIALhouse_mesh1110,train,866,-0.7460317611694336,0.5555557012557983,-0.07936501502990723,0.11111116409301758,-0.17460310459136963,0.20634925365447998,1.301587462425232,0.1904761791229248,0.3809523582458496
RESIDENTIALhouse_mesh1113,train,1836,-0.7142857313156128,0.777777910232544,-0.20634913444519043,0.23809528350830078,-0.5238094925880432,0.5555557012557983,1.4920636415481567,0.4444444179534912,1.0793652534484863
RESIDENTIALhouse_mesh1115,train,14618,-0.555555522441864,0.5873017311096191,-0.5873015522956848,0.6190477609634399,-0.7460317611694336,0.7460318803787231,1.142857313156128,1.2063493728637695,1.4920636415481567
RESIDENTIALhouse_mesh1131,train,12746,-0.6507936716079712,0.6825398206710815,-0.2698412537574768,0.3015873432159424,-0.6507936716079712,0.6190477609634399,1.3333334922790527,0.5714285969734192,1.2698414325714111
RESIDENTIALhouse_mesh1138,train,667,-0.7460317611694336,0.6507937908172607,-0.3015872836112976,0.015873074531555176,-0.555555522441864,0.365079402923584,1.3968255519866943,0.3174603581428528,0.920634925365448
RESIDENTIALhouse_mesh1142,train,398,-0.6190475821495056,0.6507937908172607,-0.3015872836112976,0.3333333730697632,-0.20634913444519043,0.365079402923584,1.2698414325714111,0.6349206566810608,0.5714285373687744
RESIDENTIALhouse_mesh1146,train,2962,-0.4920634627342224,0.5238096714019775,-0.3015872836112976,0.3333333730697632,-0.7460317611694336,0.777777910232544,1.0158731937408447,0.6349206566810608,1.5238096714019775
RESIDENTIALhouse_mesh1155,train,744,-0.6190475821495056,0.6507937908172607,-0.7460317611694336,0.777777910232544,-0.7142857313156128,0.7460318803787231,1.2698414325714111,1.5238096714019775,1.460317611694336
RESIDENTIALhouse_mesh1156,train,5108,-0.6507936716079712,0.6825398206710815,-0.17460310459136963,0.20634925365447998,-0.7460317611694336,0.7460318803787231,1.3333334922790527,0.3809523582458496,1.4920636415481567
RESIDENTIALhouse_mesh1159,train,2863,-0.4920634627342224,0.5555557012557983,-0.3333333134651184,0.3333333730697632,-0.5238094925880432,0.777777910232544,1.047619104385376,0.6666666865348816,1.3015873432159424
RESIDENTIALhouse_mesh1205,train,203,-0.4603174328804016,0.777777910232544,-0.2698412537574768,0.23809528350830078,-0.682539701461792,0.7142858505249023,1.2380952835083008,0.5079365372657776,1.3968255519866943
RESIDENTIALhouse_mesh1238,val,173,0.07936513423919678,0.777777910232544,-0.11111104488372803,0.14285719394683838,-0.4920634627342224,-0.047618985176086426,0.6984127759933472,0.2539682388305664,0.444444477558136
RESIDENTIALhouse_mesh1264,train,2306,-0.7460317611694336,0.777777910232544,-0.14285707473754883,0.17460322380065918,-0.682539701461792,0.7142858505249023,1.5238096714019775,0.317460298538208,1.3968255519866943
RESIDENTIALhouse_mesh1281,train,62,-0.2698412537574768,0.20634925365447998,-0.11111104488372803,0.11111116409301758,-0.682539701461792,0.6507937908172607,0.4761905074119568,0.2222222089767456,1.3333334922790527
RESIDENTIALhouse_mesh1329,test,486,-0.2698412537574768,0.3015873432159424,-0.14285707473754883,0.17460322380065918,-0.5873015522956848,0.7142858505249023,0.5714285969734192,0.317460298538208,1.3015873432159424
RESIDENTIALhouse_mesh1357,train,2021,-0.5873015522956848,0.6190477609634399,-0.6190475821495056,0.6507937908172607,-0.7142857313156128,0.777777910232544,1.2063493728637695,1.2698414325714111,1.4920636415481567
RESIDENTIALhouse_mesh1373,train,480,-0.7142857313156128,0.7460318803787231,-0.3015872836112976,0.2698413133621216,-0.7460317611694336,0.777777910232544,1.460317611694336,0.5714285969734192,1.5238096714019775
RESIDENTIALhouse_mesh1378,train,1624,-0.4603174328804016,0.4920635223388672,-0.3015872836112976,0.3333333730697632,-0.7460317611694336,0.777777910232544,0.9523809552192688,0.6349206566810608,1.5238096714019775
RESIDENTIALhouse_mesh1404,train,1272,-0.7460317611694336,0.777777910232544,-0.11111104488372803,0.11111116409301758,-0.555555522441864,0.5873017311096191,1.5238096714019775,0.2222222089767456,1.142857313156128
RESIDENTIALhouse_mesh1425,train,8,-0.4285714030265808,0.11111116409301758,-0.23809516429901123,0.2698413133621216,-0.3650793433189392,0.14285719394683838,0.5396825671195984,0.5079364776611328,0.5079365372657776
RESIDENTIALhouse_mesh1430,train,418,-0.4920634627342224,0.5238096714019775,-0.555555522441864,0.5873017311096191,-0.682539701461792,0.7142858505249023,1.0158731937408447,1.142857313156128,1.3968255519866943
RESIDENTIALhouse_mesh1442,train,307,-0.7142857313156128,0.7460318803787231,-0.20634913444519043,0.23809528350830078,-0.3650793433189392,0.4285714626312256,1.460317611694336,0.4444444179534912,0.7936508059501648
RESIDENTIALhouse_mesh1469,train,1863,-0.3333333134651184,0.777777910232544,-0.23809516429901123,0.2698413133621216,-0.7460317611694336,0.777777910232544,1.1111111640930176,0.5079364776611328,1.5238096714019775
RESIDENTIALhouse_mesh1498,train,2829,-0.17460310459136963,0.4920635223388672,-0.11111104488372803,0.14285719394683838,-0.5238094925880432,0.3015873432159424,0.6666666269302368,0.2539682388305664,0.8253968358039856
RESIDENTIALhouse_mesh1522,train,985,-0.7460317611694336,0.777777910232544,-0.23809516429901123,0.2698413133621216,-0.3650793433189392,0.4285714626312256,1.5238096714019775,0.5079364776611328,0.7936508059501648
RESIDENTIALhouse_mesh1538,train,578,-0.7460317611694336,0.777777910232544,-0.3333333134651184,0.365079402923584,-0.4920634627342224,0.6190477609634399,1.5238096714019775,0.6984127163887024,1.1111111640930176
RESIDENTIALhouse_mesh1541,train,1445,-0.7460317611694336,0.777777910232544,-0.3650793433189392,0.3968254327774048,-0.6507936716079712,0.6825398206710815,1.5238096714019775,0.761904776096344,1.3333334922790527
RESIDENTIALhouse_mesh1571,train,1053,-0.7460317611694336,0.7460318803787231,-0.4285714030265808,0.4603174924850464,-0.682539701461792,0.7142858505249023,1.4920636415481567,0.8888888955116272,1.3968255519866943
RESIDENTIALhouse_mesh1581,train,2967,-0.7460317611694336,0.777777910232544,-0.23809516429901123,0.2698413133621216,-0.4920634627342224,0.3968254327774048,1.5238096714019775,0.5079364776611328,0.8888888955116272
RESIDENTIALhouse_mesh1592,train,595,-0.7460317611694336,0.777777910232544,-0.3333333134651184,0.20634925365447998,-0.5873015522956848,0.6190477609634399,1.5238096714019775,0.5396825671195984,1.2063493728637695
RESIDENTIALhouse_mesh1649,train,692,-0.6190475821495056,-0.07936501502990723,-0.07936501502990723,0.07936513423919678,-0.2698412537574768,0.11111116409301758,0.5396825671195984,0.158730149269104,0.3809524178504944
RESIDENTIALhouse_mesh1674,test,999,-0.7460317611694336,0.7460318803787231,-0.39682537317276,0.4285714626312256,-0.3333333134651184,0.365079402923584,1.4920636415481567,0.8253968358039856,0.6984127163887024
RESIDENTIALhouse_mesh1694,train,1686,-0.7460317611694336,0.777777910232544,-0.14285707473754883,0.14285719394683838,-0.4920634627342224,0.4920635223388672,1.5238096714019775,0.2857142686843872,0.9841269850730896
RESIDENTIALhouse_mesh1704,train,1784,-0.7460317611694336,0.777777910232544,-0.20634913444519043,0.23809528350830078,-0.39682537317276,0.4285714626312256,1.5238096714019775,0.4444444179534912,0.8253968358039856
RESIDENTIALhouse_mesh1719,train,509,-0.4920634627342224,0.5238096714019775,-0.555555522441864,0.5873017311096191,-0.7460317611694336,0.6825398206710815,1.0158731937408447,1.142857313156128,1.4285715818405151
RESIDENTIALhouse_mesh1720,train,844,-0.7460317611694336,0.777777910232544,-0.17460310459136963,0.20634925365447998,-0.39682537317276,0.4285714626312256,1.5238096714019775,0.3809523582458496,0.8253968358039856
RESIDENTIALhouse_mesh1740,test,217,-0.4603174328804016,0.6190477609634399,-0.23809516429901123,0.2698413133621216,-0.3015872836112976,0.3015873432159424,1.0793652534484863,0.5079364776611328,0.60317462682724
RESIDENTIALhouse_mesh1792,train,18996,-0.7460317611694336,0.777777910232544,-0.23809516429901123,0.2698413133621216,-0.7460317611694336,0.777777910232544,1.5238096714019775,0.5079364776611328,1.5238096714019775
RESIDENTIALhouse_mesh1834,train,1273,-0.6190475821495056,0.6507937908172607,-0.17460310459136963,0.20634925365447998,-0.6190475821495056,0.6507937908172607,1.2698414325714111,0.3809523582458496,1.2698414325714111
RESIDENTIALhouse_mesh1878,train,203,-0.7460317611694336,0.777777910232544,-0.3015872836112976,0.11111116409301758,-0.3015872836112976,0.2698413133621216,1.5238096714019775,0.4126984477043152,0.5714285969734192
RESIDENTIALhouse_mesh1891,train,3786,-0.7460317611694336,0.777777910232544,-0.2698412537574768,0.3015873432159424,-0.3650793433189392,0.6190477609634399,1.5238096714019775,0.5714285969734192,0.9841271042823792
RESIDENTIALhouse_mesh1911,train,279,-0.7460317611694336,0.777777910232544,-0.3650793433189392,0.3968254327774048,-0.4603174328804016,0.4603174924850464,1.5238096714019775,0.761904776096344,0.920634925365448
RESIDENTIALhouse_mesh1927,train,495,-0.7460317611694336,0.777777910232544,-0.5238094925880432,0.5555557012557983,-0.6190475821495056,0.6507937908172607,1.5238096714019775,1.0793652534484863,1.2698414325714111
RESIDENTIALhouse_mesh1935,train,1977,-0.5238094925880432,0.4920635223388672,-0.14285707473754883,0.015873074531555176,-0.7460317611694336,0.777777910232544,1.0158729553222656,0.158730149269104,1.5238096714019775
RESIDENTIALhouse_mesh1946,test,1738,-0.4603174328804016,0.11111116409301758,-0.11111104488372803,0.14285719394683838,-0.5873015522956848,0.23809528350830078,0.5714285969734192,0.2539682388305664,0.8253968358039856
RESIDENTIALhouse_mesh2015,val,2894,-0.4285714030265808,0.3968254327774048,-0.23809516429901123,0.04761910438537598,-0.7460317611694336,0.777777910232544,0.8253968358039856,0.2857142686843872,1.5238096714019775
RESIDENTIALhouse_mesh2044,val,804,-0.3333333134651184,0.3015873432159424,-0.14285707473754883,0.2698413133621216,-0.682539701461792,0.4603174924850464,0.6349206566810608,0.4126983880996704,1.1428571939468384
RESIDENTIALhouse_mesh2075,train,601,-0.4285714030265808,0.4285714626312256,-0.11111104488372803,0.17460322380065918,-0.5873015522956848,0.6825398206710815,0.8571428656578064,0.2857142686843872,1.2698414325714111
RESIDENTIALhouse_mesh2101,val,19221,-0.7460317611694336,0.777777910232544,-0.4603174328804016,0.4920635223388672,-0.7460317611694336,0.777777910232544,1.5238096714019775,0.9523809552192688,1.5238096714019775
RESIDENTIALhouse_mesh2108,val,3713,-0.7460317611694336,0.7142858505249023,-0.39682537317276,0.4285714626312256,-0.7460317611694336,0.777777910232544,1.460317611694336,0.8253968358039856,1.5238096714019775
RESIDENTIALhouse_mesh2113,train,692,-0.3650793433189392,0.6190477609634399,-0.14285707473754883,0.17460322380065918,-0.5873015522956848,0.7460318803787231,0.9841271042823792,0.317460298538208,1.3333334922790527
RESIDENTIALhouse_mesh2115,train,1406,-0.6507936716079712,0.04761910438537598,-0.11111104488372803,0.14285719394683838,-0.3650793433189392,0.365079402923584,0.6984127759933472,0.2539682388305664,0.7301587462425232
RESIDENTIALhouse_mesh2144,train,1209,-0.7460317611694336,0.777777910232544,-0.23809516429901123,0.2698413133621216,-0.4603174328804016,0.4920635223388672,1.5238096714019775,0.5079364776611328,0.9523809552192688
RESIDENTIALhouse_mesh2165,train,291,-0.7460317611694336,0.5238096714019775,-0.015872955322265625,0.04761910438537598,-0.2698412537574768,0.3015873432159424,1.2698414325714111,0.0634920597076416,0.5714285969734192
RESIDENTIALhouse_mesh2174,train,362,-0.7142857313156128,0.7460318803787231,-0.3015872836112976,0.3333333730697632,-0.555555522441864,0.777777910232544,1.460317611694336,0.6349206566810608,1.3333334922790527
RESIDENTIALhouse_mesh2200,train,521,-0.7460317611694336,0.777777910232544,-0.3015872836112976,0.3333333730697632,-0.5873015522956848,0.6190477609634399,1.5238096714019775,0.6349206566810608,1.2063493728637695
RESIDENTIALhouse_mesh2207,train,3820,-0.7142857313156128,0.5873017311096191,-0.23809516429901123,0.2698413133621216,-0.5238094925880432,0.3968254327774048,1.301587462425232,0.5079364776611328,0.920634925365448
RESIDENTIALhouse_mesh2215,train,13492,-0.682539701461792,0.777777910232544,-0.4285714030265808,0.3968254327774048,-0.7460317611694336,0.777777910232544,1.460317611694336,0.8253968358039856,1.5238096714019775
RESIDENTIALhouse_mesh2266,test,1424,-0.5238094925880432,0.5555557012557983,-0.23809516429901123,0.2698413133621216,-0.7460317611694336,0.777777910232544,1.0793652534484863,0.5079364776611328,1.5238096714019775
RESIDENTIALhouse_mesh2268,train,440,-0.23809516429901123,0.07936513423919678,-0.2698412537574768,-0.015872955322265625,-0.14285707473754883,0.3968254327774048,0.317460298538208,0.2539682984352112,0.5396825075149536
RESIDENTIALhouse_mesh2277,train,4746,-0.6507936716079712,0.23809528350830078,-0.14285707473754883,0.17460322380065918,-0.682539701461792,0.6190477609634399,0.888888955116272,0.317460298538208,1.301587462425232
RESIDENTIALhouse_mesh2317,train,12,-0.4285714030265808,0.3968254327774048,-0.047618985176086426,0.07936513423919678,-0.5873015522956848,0.4285714626312256,0.8253968358039856,0.1269841194152832,1.0158729553222656
RESIDENTIALhouse_mesh2321,train,13942,-0.17460310459136963,0.20634925365447998,-0.6190475821495056,0.6507937908172607,-0.7460317611694336,0.777777910232544,0.3809523582458496,1.2698414325714111,1.5238096714019775
RESIDENTIALhouse_mesh2326,train,1583,-0.4920634627342224,0.5238096714019775,-0.2698412537574768,0.2698413133621216,-0.7460317611694336,0.777777910232544,1.0158731937408447,0.5396825671195984,1.5238096714019775
RESIDENTIALhouse_mesh2331,test,65,-0.20634913444519043,0.17460322380065918,-0.015872955322265625,0.11111116409301758,-0.2698412537574768,0.2698413133621216,0.3809523582458496,0.1269841194152832,0.5396825671195984
RESIDENTIALhouse_mesh2337,train,163,-0.20634913444519043,0.5555557012557983,-0.2698412537574768,0.23809528350830078,-0.7460317611694336,0.777777910232544,0.7619048357009888,0.5079365372657776,1.5238096714019775
RESIDENTIALhouse_mesh2349,test,16926,-0.7460317611694336,0.777777910232544,-0.4920634627342224,0.5238096714019775,-0.7142857313156128,0.7460318803787231,1.5238096714019775,1.0158731937408447,1.460317611694336
RESIDENTIALhouse_mesh2381,test,3380,-0.555555522441864,0.5555557012557983,-0.6190475821495056,0.6507937908172607,-0.7460317611694336,0.777777910232544,1.1111111640930176,1.2698414325714111,1.5238096714019775
RESIDENTIALhouse_mesh2383,train,563,-0.7460317611694336,0.777777910232544,-0.4285714030265808,0.4285714626312256,-0.4920634627342224,0.5238096714019775,1.5238096714019775,0.8571428656578064,1.0158731937408447
RESIDENTIALhouse_mesh2397,val,9153,-0.39682537317276,0.4285714626312256,-0.4920634627342224,0.5238096714019775,-0.7460317611694336,0.777777910232544,0.8253968358039856,1.0158731937408447,1.5238096714019775
RESIDENTIALhouse_mesh2413,train,568,-0.7460317611694336,0.777777910232544,-0.23809516429901123,0.2698413133621216,-0.5238094925880432,0.4285714626312256,1.5238096714019775,0.5079364776611328,0.9523809552192688
RESIDENTIALhouse_mesh2443,train,469,-0.4285714030265808,0.5555557012557983,-0.14285707473754883,0.17460322380065918,-0.6507936716079712,0.7460318803787231,0.9841271042823792,0.317460298538208,1.3968255519866943
RESIDENTIALhouse_mesh2465,test,8624,-0.7460317611694336,0.777777910232544,-0.3015872836112976,0.3333333730697632,-0.4285714030265808,0.4603174924850464,1.5238096714019775,0.6349206566810608,0.8888888955116272
RESIDENTIALhouse_mesh2467,train,105,-0.7142857313156128,0.6825398206710815,-0.23809516429901123,0.2698413133621216,-0.5873015522956848,0.6507937908172607,1.3968255519866943,0.5079364776611328,1.2380952835083008
RESIDENTIALhouse_mesh2487,train,6402,-0.5873015522956848,0.6507937908172607,-0.20634913444519043,0.20634925365447998,-0.7460317611694336,0.777777910232544,1.2380952835083008,0.4126983880996704,1.5238096714019775
RESIDENTIALhouse_mesh2490,train,2237,-0.6190475821495056,0.6507937908172607,-0.39682537317276,0.4285714626312256,-0.7460317611694336,0.7460318803787231,1.2698414325714111,0.8253968358039856,1.4920636415481567
RESIDENTIALhouse_mesh2495,val,9610,-0.4285714030265808,0.4603174924850464,-0.3015872836112976,0.3333333730697632,-0.7460317611694336,0.7460318803787231,0.8888888955116272,0.6349206566810608,1.4920636415481567
RESIDENTIALhouse_mesh2523,train,1113,-0.4603174328804016,0.4920635223388672,-0.20634913444519043,0.20634925365447998,-0.7142857313156128,0.3015873432159424,0.9523809552192688,0.4126983880996704,1.0158730745315552
RESIDENTIALhouse_mesh2529,val,5305,-0.4285714030265808,0.4285714626312256,-0.17460310459136963,0.20634925365447998,-0.555555522441864,0.3333333730697632,0.8571428656578064,0.3809523582458496,0.8888888955116272
RESIDENTIALhouse_mesh2566,train,3629,-0.7460317611694336,0.777777910232544,-0.5238094925880432,0.5555557012557983,-0.7142857313156128,0.7460318803787231,1.5238096714019775,1.0793652534484863,1.460317611694336
RESIDENTIALhouse_mesh2574,train,1900,-0.2698412537574768,0.3015873432159424,-0.11111104488372803,0.14285719394683838,-0.3015872836112976,0.777777910232544,0.5714285969734192,0.2539682388305664,1.0793652534484863
RESIDENTIALhouse_mesh2575,train,1315,-0.3015872836112976,0.3968254327774048,-0.07936501502990723,0.11111116409301758,-0.3015872836112976,0.365079402923584,0.6984127163887024,0.1904761791229248,0.6666666865348816
RESIDENTIALhouse_mesh2576,val,824,-0.3650793433189392,0.4285714626312256,-0.14285707473754883,0.17460322380065918,-0.555555522441864,0.777777910232544,0.7936508059501648,0.317460298538208,1.3333334922790527
RESIDENTIALhouse_mesh2588,train,4383,-0.5238094925880432,0.6190477609634399,-0.20634913444519043,0.20634925365447998,-0.5873015522956848,0.777777910232544,1.142857313156128,0.4126983880996704,1.365079402923584
RESIDENTIALhouse_mesh2592,train,9705,-0.7142857313156128,0.777777910232544,-0.23809516429901123,0.23809528350830078,-0.39682537317276,0.4285714626312256,1.4920636415481567,0.476190447807312,0.8253968358039856
RESIDENTIALhouse_mesh2604,train,1806,-0.7460317611694336,0.777777910232544,-0.3650793433189392,0.365079402923584,-0.6507936716079712,0.6825398206710815,1.5238096714019775,0.7301587462425232,1.3333334922790527
RESIDENTIALhouse_mesh2614,train,1330,-0.6507936716079712,0.6507937908172607,-0.3333333134651184,0.365079402923584,-0.2698412537574768,0.5555557012557983,1.301587462425232,0.6984127163887024,0.8253969550132751
RESIDENTIALhouse_mesh2627,train,1863,-0.5238094925880432,0.5873017311096191,-0.20634913444519043,0.23809528350830078,-0.7460317611694336,0.777777910232544,1.1111111640930176,0.4444444179534912,1.5238096714019775
RESIDENTIALhouse_mesh2633,train,764,-0.7460317611694336,0.777777910232544,-0.2698412537574768,0.3015873432159424,-0.5873015522956848,0.6190477609634399,1.5238096714019775,0.5714285969734192,1.2063493728637695
RESIDENTIALhouse_mesh2651,train,375,-0.7460317611694336,0.777777910232544,-0.14285707473754883,0.17460322380065918,-0.6507936716079712,0.5555557012557983,1.5238096714019775,0.317460298538208,1.2063493728637695
RESIDENTIALhouse_mesh2709,val,1308,-0.6190475821495056,0.777777910232544,-0.3015872836112976,0.3015873432159424,-0.23809516429901123,0.7460318803787231,1.3968255519866943,0.60317462682724,0.9841270446777344
RESIDENTIALhouse_mesh2714,train,6089,-0.7460317611694336,0.777777910232544,-0.4920634627342224,0.5238096714019775,-0.6190475821495056,0.6507937908172607,1.5238096714019775,1.0158731937408447,1.2698414325714111
RESIDENTIALhouse_mesh2720,train,4936,-0.555555522441864,0.5873017311096191,-0.14285707473754883,0.17460322380065918,-0.39682537317276,0.6190477609634399,1.142857313156128,0.317460298538208,1.0158731937408447
RESIDENTIALhouse_mesh2724,train,4023,-0.39682537317276,0.4285714626312256,-0.17460310459136963,0.20634925365447998,-0.7460317611694336,0.5555557012557983,0.8253968358039856,0.3809523582458496,1.301587462425232
RESIDENTIALhouse_mesh2735,test,1037,-0.5873015522956848,0.5555557012557983,-0.14285707473754883,0.17460322380065918,-0.3333333134651184,0.2698413133621216,1.142857313156128,0.317460298538208,0.60317462682724
RESIDENTIALhouse_mesh2753,val,199,0.23809528350830078,0.777777910232544,-0.11111104488372803,0.14285719394683838,-0.5238094925880432,0.5555557012557983,0.5396826267242432,0.2539682388305664,1.0793652534484863
RESIDENTIALhouse_mesh2761,train,1521,-0.23809516429901123,0.3968254327774048,-0.14285707473754883,0.17460322380065918,-0.4920634627342224,0.365079402923584,0.634920597076416,0.317460298538208,0.8571428656578064
RESIDENTIALhouse_mesh2789,train,296,-0.015872955322265625,0.20634925365447998,-0.07936501502990723,0.11111116409301758,-0.23809516429901123,0.04761910438537598,0.2222222089767456,0.1904761791229248,0.2857142686843872
RESIDENTIALhouse_mesh2812,train,292,-0.7460317611694336,0.7142858505249023,-0.3015872836112976,0.3333333730697632,-0.5873015522956848,0.6825398206710815,1.460317611694336,0.6349206566810608,1.2698414325714111
RESIDENTIALhouse_mesh2815,train,1678,-0.6507936716079712,0.365079402923584,-0.11111104488372803,0.3968254327774048,-0.5238094925880432,0.777777910232544,1.0158730745315552,0.5079364776611328,1.3015873432159424
RESIDENTIALhouse_mesh2821,test,735,-0.3015872836112976,0.3333333730697632,-0.11111104488372803,0.14285719394683838,-0.7460317611694336,0.11111116409301758,0.6349206566810608,0.2539682388305664,0.8571429252624512
RESIDENTIALhouse_mesh2838,train,1187,-0.4285714030265808,0.365079402923584,-0.20634913444519043,0.14285719394683838,-0.5873015522956848,0.777777910232544,0.7936508059501648,0.3492063283920288,1.365079402923584
RESIDENTIALhouse_mesh2840,train,771,-0.23809516429901123,0.2698413133621216,-0.07936501502990723,0.07936513423919678,-0.7142857313156128,0.6190477609634399,0.5079364776611328,0.158730149269104,1.3333334922790527
RESIDENTIALhouse_mesh2842,train,1467,-0.7460317611694336,0.777777910232544,-0.11111104488372803,0.14285719394683838,-0.4920634627342224,0.4603174924850464,1.5238096714019775,0.2539682388305664,0.9523809552192688
RESIDENTIALhouse_mesh2872,train,441,-0.682539701461792,0.7142858505249023,-0.3015872836112976,0.3015873432159424,-0.39682537317276,0.3333333730697632,1.3968255519866943,0.60317462682724,0.7301587462425232
RESIDENTIALhouse_mesh2874,train,273,-0.2698412537574768,0.3333333730697632,-0.047618985176086426,0.07936513423919678,-0.23809516429901123,0.14285719394683838,0.60317462682724,0.1269841194152832,0.3809523582458496
RESIDENTIALhouse_mesh2948,test,6544,-0.7460317611694336,0.777777910232544,-0.23809516429901123,0.2698413133621216,-0.5873015522956848,0.5873017311096191,1.5238096714019775,0.5079364776611328,1.1746032238006592
RESIDENTIALhouse_mesh2956,train,3468,-0.4920634627342224,0.5238096714019775,-0.5873015522956848,0.6190477609634399,-0.7460317611694336,0.777777910232544,1.0158731937408447,1.2063493728637695,1.5238096714019775
RESIDENTIALhouse_mesh2965,train,19837,-0.7460317611694336,0.777777910232544,-0.4285714030265808,0.07936513423919678,-0.7460317611694336,0.777777910232544,1.5238096714019775,0.5079365372657776,1.5238096714019775
RESIDENTIALhouse_mesh2975,train,897,-0.3650793433189392,0.3333333730697632,-0.20634913444519043,0.23809528350830078,-0.7460317611694336,0.7460318803787231,0.6984127163887024,0.4444444179534912,1.4920636415481567
RESIDENTIALhouse_mesh2982,test,5359,-0.555555522441864,0.5873017311096191,-0.14285707473754883,0.20634925365447998,-0.7460317611694336,0.777777910232544,1.142857313156128,0.3492063283920288,1.5238096714019775
RESIDENTIALhouse_mesh2983,train,519,-0.23809516429901123,0.23809528350830078,-0.07936501502990723,0.11111116409301758,0.07936513423919678,0.6190477609634399,0.476190447807312,0.1904761791229248,0.5396826267242432
RESIDENTIALhouse_mesh2993,val,259,-0.4920634627342224,0.5238096714019775,-0.3333333134651184,0.14285719394683838,-0.7142857313156128,0.777777910232544,1.0158731937408447,0.4761905074119568,1.4920636415481567
RESIDENTIALhouse_mesh3002,train,5980,-0.7460317611694336,0.777777910232544,-0.3333333134651184,0.365079402923584,-0.4920634627342224,0.6190477609634399,1.5238096714019775,0.6984127163887024,1.1111111640930176
RESIDENTIALhouse_mesh3007,train,414,-0.39682537317276,0.3968254327774048,-0.3650793433189392,0.3968254327774048,-0.7460317611694336,0.777777910232544,0.7936508059501648,0.761904776096344,1.5238096714019775
RESIDENTIALhouse_mesh3034,train,280,-0.39682537317276,0.4285714626312256,-0.07936501502990723,0.11111116409301758,-0.4285714030265808,0.777777910232544,0.8253968358039856,0.1904761791229248,1.2063493728637695
RESIDENTIALhouse_mesh3058,test,68,-0.3333333134651184,0.3333333730697632,-0.047618985176086426,0.04761910438537598,0.04761910438537598,0.5873017311096191,0.6666666865348816,0.0952380895614624,0.5396826267242432
RESIDENTIALhouse_mesh3059,train,5051,-0.682539701461792,0.7142858505249023,-0.3650793433189392,0.3968254327774048,-0.7460317611694336,0.777777910232544,1.3968255519866943,0.761904776096344,1.5238096714019775
RESIDENTIALhouse_mesh3062,train,221,-0.07936501502990723,0.3015873432159424,-0.015872955322265625,0.04761910438537598,-0.23809516429901123,-0.047618985176086426,0.3809523582458496,0.0634920597076416,0.1904761791229248
RESIDENTIALhouse_mesh3075,train,778,-0.39682537317276,0.17460322380065918,-0.07936501502990723,0.11111116409301758,-0.3333333134651184,0.6190477609634399,0.5714285969734192,0.1904761791229248,0.9523810744285583
RESIDENTIALhouse_mesh3080,train,5364,-0.7460317611694336,0.777777910232544,-0.3650793433189392,0.3968254327774048,-0.6190475821495056,0.6507937908172607,1.5238096714019775,0.761904776096344,1.2698414325714111
RESIDENTIALhouse_mesh3083,train,1031,-0.7142857313156128,0.777777910232544,-0.2698412537574768,0.2698413133621216,-0.4285714030265808,0.4603174924850464,1.4920636415481567,0.5396825671195984,0.8888888955116272
RESIDENTIALhouse_mesh3094,train,1271,-0.39682537317276,0.7142858505249023,-0.11111104488372803,0.14285719394683838,-0.7460317611694336,0.365079402923584,1.1111111640930176,0.2539682388305664,1.1111111640930176
RESIDENTIALhouse_mesh3132,train,2879,-0.7460317611694336,0.777777910232544,-0.2698412537574768,0.23809528350830078,-0.6507936716079712,0.6507937908172607,1.5238096714019775,0.5079365372657776,1.301587462425232
RESIDENTIALhouse_mesh3134,val,1979,-0.555555522441864,0.5873017311096191,-0.3015872836112976,0.3333333730697632,-0.7460317611694336,0.777777910232544,1.142857313156128,0.6349206566810608,1.5238096714019775
RESIDENTIALhouse_mesh3154,train,2364,-0.555555522441864,0.3333333730697632,-0.3333333134651184,0.3333333730697632,-0.20634913444519043,0.777777910232544,0.8888888955116272,0.6666666865348816,0.9841270446777344
RESIDENTIALhouse_mesh3163,train,1287,-0.3015872836112976,0.365079402923584,-0.14285707473754883,0.17460322380065918,-0.3650793433189392,0.3968254327774048,0.6666666865348816,0.317460298538208,0.761904776096344
RESIDENTIALhouse_mesh3176,train,632,-0.5238094925880432,0.4920635223388672,-0.17460310459136963,0.20634925365447998,-0.4920634627342224,0.5873017311096191,1.0158729553222656,0.3809523582458496,1.0793652534484863
RESIDENTIALhouse_mesh3178,test,1320,-0.682539701461792,0.6190477609634399,-0.11111104488372803,0.14285719394683838,-0.6507936716079712,0.365079402923584,1.301587462425232,0.2539682388305664,1.0158730745315552
RESIDENTIALhouse_mesh3196,train,85,-0.3015872836112976,0.365079402923584,-0.17460310459136963,0.14285719394683838,-0.20634913444519043,0.4285714626312256,0.6666666865348816,0.317460298538208,0.634920597076416
RESIDENTIALhouse_mesh3219,train,2247,-0.39682537317276,0.5555557012557983,-0.20634913444519043,0.23809528350830078,-0.23809516429901123,0.23809528350830078,0.9523810744285583,0.4444444179534912,0.476190447807312
RESIDENTIALhouse_mesh3223,test,13629,-0.7460317611694336,0.777777910232544,-0.3333333134651184,0.365079402923584,-0.4920634627342224,0.5238096714019775,1.5238096714019775,0.6984127163887024,1.0158731937408447
RESIDENTIALhouse_mesh3228,train,11010,-0.555555522441864,0.5873017311096191,-0.23809516429901123,0.2698413133621216,-0.7460317611694336,0.777777910232544,1.142857313156128,0.5079364776611328,1.5238096714019775
RESIDENTIALhouse_mesh3236,train,2693,-0.4920634627342224,0.5238096714019775,-0.3333333134651184,0.365079402923584,-0.7460317611694336,0.777777910232544,1.0158731937408447,0.6984127163887024,1.5238096714019775
RESIDENTIALhouse_mesh3240,train,20320,-0.4920634627342224,0.5238096714019775,-0.3333333134651184,0.365079402923584,-0.7460317611694336,0.777777910232544,1.0158731937408447,0.6984127163887024,1.5238096714019775
RESIDENTIALhouse_mesh3251,train,2405,-0.5873015522956848,0.6190477609634399,-0.23809516429901123,0.2698413133621216,-0.7460317611694336,0.777777910232544,1.2063493728637695,0.5079364776611328,1.5238096714019775
RESIDENTIALhouse_mesh3294,train,1290,-0.7460317611694336,0.5873017311096191,-0.07936501502990723,0.11111116409301758,-0.2698412537574768,0.3015873432159424,1.3333334922790527,0.1904761791229248,0.5714285969734192
RESIDENTIALhouse_mesh3359,test,3027,-0.6507936716079712,-0.11111104488372803,-0.14285707473754883,0.17460322380065918,-0.17460310459136963,0.6825398206710815,0.5396826267242432,0.317460298538208,0.8571429252624512
RESIDENTIALhouse_mesh3363,train,679,-0.6190475821495056,0.6507937908172607,-0.17460310459136963,0.20634925365447998,-0.4603174328804016,0.4920635223388672,1.2698414325714111,0.3809523582458496,0.9523809552192688
RESIDENTIALhouse_mesh3367,test,425,0.11111116409301758,0.777777910232544,0.14285719394683838,0.3333333730697632,-0.6507936716079712,0.14285719394683838,0.6666667461395264,0.1904761791229248,0.7936508655548096
RESIDENTIALhouse_mesh3368,test,658,-0.7142857313156128,0.7460318803787231,-0.3333333134651184,0.3015873432159424,-0.5873015522956848,0.5555557012557983,1.460317611694336,0.6349206566810608,1.142857313156128
RESIDENTIALhouse_mesh3372,train,175,-0.39682537317276,0.3968254327774048,-0.11111104488372803,0.11111116409301758,0.04761910438537598,0.5873017311096191,0.7936508059501648,0.2222222089767456,0.5396826267242432
RESIDENTIALhouse_mesh3377,train,302,-0.7460317611694336,0.777777910232544,-0.39682537317276,0.4285714626312256,-0.7460317611694336,0.777777910232544,1.5238096714019775,0.8253968358039856,1.5238096714019775
RESIDENTIALhouse_mesh3414,test,864,-0.5873015522956848,0.6190477609634399,-0.6190475821495056,0.6507937908172607,-0.682539701461792,0.777777910232544,1.2063493728637695,1.2698414325714111,1.460317611694336
RESIDENTIALhouse_mesh3433,train,3795,-0.3650793433189392,0.4603174924850464,-0.14285707473754883,0.17460322380065918,-0.5873015522956848,0.6825398206710815,0.8253968358039856,0.317460298538208,1.2698414325714111
RESIDENTIALhouse_mesh3434,train,4575,-0.5873015522956848,0.6825398206710815,-0.23809516429901123,0.2698413133621216,-0.7460317611694336,0.6825398206710815,1.2698414325714111,0.5079364776611328,1.4285715818405151
RESIDENTIALhouse_mesh3440,train,224,-0.2698412537574768,0.3015873432159424,-0.17460310459136963,0.20634925365447998,-0.39682537317276,0.7460318803787231,0.5714285969734192,0.3809523582458496,1.142857313156128
RESIDENTIALhouse_mesh3453,test,220,-0.17460310459136963,0.6825398206710815,-0.17460310459136963,0.17460322380065918,-0.7460317611694336,0.3015873432159424,0.8571429252624512,0.3492063283920288,1.047619104385376
RESIDENTIALhouse_mesh3455,train,1048,0.015873074531555176,0.7460318803787231,-0.047618985176086426,0.07936513423919678,-0.555555522441864,0.4603174924850464,0.730158805847168,0.1269841194152832,1.0158729553222656
RESIDENTIALhouse_mesh3480,train,709,-0.6190475821495056,0.7142858505249023,-0.20634913444519043,0.23809528350830078,-0.6507936716079712,0.4920635223388672,1.3333334922790527,0.4444444179534912,1.1428571939468384
RESIDENTIALhouse_mesh3484,train,3686,-0.3333333134651184,0.4603174924850464,-0.17460310459136963,0.20634925365447998,-0.39682537317276,0.3968254327774048,0.7936508059501648,0.3809523582458496,0.7936508059501648
RESIDENTIALhouse_mesh3490,val,571,-0.6507936716079712,0.6825398206710815,-0.23809516429901123,0.2698413133621216,-0.7142857313156128,0.4920635223388672,1.3333334922790527,0.5079364776611328,1.20634925365448
RESIDENTIALhouse_mesh3496,val,5865,-0.682539701461792,0.7460318803787231,-0.23809516429901123,0.2698413133621216,-0.5238094925880432,0.5555557012557983,1.4285715818405151,0.5079364776611328,1.0793652534484863
RESIDENTIALhouse_mesh3501,val,245,-0.17460310459136963,0.6190477609634399,-0.17460310459136963,0.5555557012557983,-0.39682537317276,0.4603174924850464,0.7936508655548096,0.730158805847168,0.8571428656578064
RESIDENTIALhouse_mesh3507,train,2227,-0.555555522441864,0.777777910232544,-0.2698412537574768,0.3015873432159424,-0.6190475821495056,0.23809528350830078,1.3333334922790527,0.5714285969734192,0.8571428656578064
RESIDENTIALhouse_mesh3513,train,424,-0.3015872836112976,0.3333333730697632,-0.17460310459136963,0.20634925365447998,-0.7460317611694336,0.777777910232544,0.6349206566810608,0.3809523582458496,1.5238096714019775
RESIDENTIALhouse_mesh3518,train,5096,-0.7460317611694336,0.777777910232544,-0.3650793433189392,0.3333333730697632,-0.3650793433189392,0.3968254327774048,1.5238096714019775,0.6984127163887024,0.761904776096344
RESIDENTIALhouse_mesh3534,train,383,-0.7460317611694336,0.777777910232544,-0.4603174328804016,0.4920635223388672,-0.5873015522956848,0.6190477609634399,1.5238096714019775,0.9523809552192688,1.2063493728637695
RESIDENTIALhouse_mesh3568,train,8,0.20634925365447998,0.5238096714019775,-0.07936501502990723,0.11111116409301758,-0.17460310459136963,0.17460322380065918,0.31746041774749756,0.1904761791229248,0.3492063283920288
RESIDENTIALhouse_mesh3650,train,1960,-0.555555522441864,0.23809528350830078,-0.11111104488372803,0.14285719394683838,-0.3015872836112976,0.5555557012557983,0.7936508059501648,0.2539682388305664,0.857142984867096
RESIDENTIALhouse_mesh3652,train,5517,-0.4920634627342224,0.5238096714019775,-0.39682537317276,0.4285714626312256,-0.7460317611694336,0.777777910232544,1.0158731937408447,0.8253968358039856,1.5238096714019775
RESIDENTIALhouse_mesh3673,train,325,-0.7460317611694336,0.6507937908172607,-0.17460310459136963,0.015873074531555176,-0.4285714030265808,0.7142858505249023,1.3968255519866943,0.1904761791229248,1.142857313156128
RESIDENTIALhouse_mesh3689,train,272,-0.5238094925880432,0.5555557012557983,-0.17460310459136963,-0.047618985176086426,-0.7460317611694336,0.777777910232544,1.0793652534484863,0.1269841194152832,1.5238096714019775
RESIDENTIALhouse_mesh3714,train,14033,-0.7142857313156128,0.777777910232544,-0.39682537317276,0.4285714626312256,-0.3650793433189392,0.3968254327774048,1.4920636415481567,0.8253968358039856,0.761904776096344
RESIDENTIALhouse_mesh3723,train,2529,-0.7460317611694336,0.777777910232544,-0.7142857313156128,0.7460318803787231,-0.5873015522956848,0.5555557012557983,1.5238096714019775,1.460317611694336,1.142857313156128
RESIDENTIALhouse_mesh3739,val,568,-0.39682537317276,0.4285714626312256,-0.11111104488372803,0.14285719394683838,-0.7460317611694336,0.777777910232544,0.8253968358039856,0.2539682388305664,1.5238096714019775
RESIDENTIALhouse_mesh3746,train,2276,-0.7460317611694336,0.365079402923584,-0.3333333134651184,0.365079402923584,-0.4920634627342224,0.5238096714019775,1.1111111640930176,0.6984127163887024,1.0158731937408447
RESIDENTIALhouse_mesh3750,train,66,-0.3333333134651184,0.20634925365447998,-0.11111104488372803,0.07936513423919678,0.365079402923584,0.777777910232544,0.5396825671195984,0.1904761791229248,0.41269850730895996
RESIDENTIALhouse_mesh3756,train,5352,-0.4285714030265808,0.4603174924850464,-0.20634913444519043,0.17460322380065918,-0.23809516429901123,0.7142858505249023,0.8888888955116272,0.3809523582458496,0.9523810148239136
RESIDENTIALhouse_mesh3790,train,751,-0.39682537317276,0.4920635223388672,-0.4285714030265808,0.3968254327774048,-0.7142857313156128,0.7142858505249023,0.8888888955116272,0.8253968358039856,1.4285715818405151
RESIDENTIALhouse_mesh3794,val,375,-0.015872955322265625,0.3333333730697632,-0.07936501502990723,0.07936513423919678,-0.11111104488372803,0.365079402923584,0.3492063283920288,0.158730149269104,0.476190447807312
RESIDENTIALhouse_mesh3797,train,82,-0.7142857313156128,0.7142858505249023,-0.20634913444519043,0.3015873432159424,-0.14285707473754883,0.365079402923584,1.4285715818405151,0.5079364776611328,0.5079364776611328
RESIDENTIALhouse_mesh3799,test,467,-0.7460317611694336,0.777777910232544,-0.17460310459136963,0.20634925365447998,-0.2698412537574768,0.3015873432159424,1.5238096714019775,0.3809523582458496,0.5714285969734192
RESIDENTIALhouse_mesh3801,train,1373,0.23809528350830078,0.777777910232544,-0.17460310459136963,0.20634925365447998,-0.555555522441864,0.3015873432159424,0.5396826267242432,0.3809523582458496,0.8571428656578064
RESIDENTIALhouse_mesh3802,train,5210,-0.3015872836112976,0.2698413133621216,-0.17460310459136963,0.20634925365447998,-0.4285714030265808,0.4285714626312256,0.5714285969734192,0.3809523582458496,0.8571428656578064
RESIDENTIALhouse_mesh3805,train,6369,-0.7460317611694336,0.5873017311096191,-0.17460310459136963,0.2698413133621216,-0.4603174328804016,0.6507937908172607,1.3333334922790527,0.4444444179534912,1.1111111640930176
RESIDENTIALhouse_mesh3844,train,2198,-0.7460317611694336,0.7460318803787231,-0.23809516429901123,0.2698413133621216,-0.4920634627342224,0.4920635223388672,1.4920636415481567,0.5079364776611328,0.9841269850730896
RESIDENTIALhouse_mesh3855,train,168,-0.5873015522956848,0.4285714626312256,-0.20634913444519043,0.23809528350830078,-0.4285714030265808,0.17460322380065918,1.0158729553222656,0.4444444179534912,0.60317462682724
RESIDENTIALhouse_mesh3857,val,922,-0.6190475821495056,0.6507937908172607,-0.3015872836112976,0.07936513423919678,-0.7460317611694336,0.777777910232544,1.2698414325714111,0.3809524178504944,1.5238096714019775
RESIDENTIALhouse_mesh3868,train,102,-0.7460317611694336,0.777777910232544,-0.17460310459136963,0.20634925365447998,-0.5238094925880432,0.5238096714019775,1.5238096714019775,0.3809523582458496,1.047619104385376
RESIDENTIALhouse_mesh3872,train,6565,-0.6190475821495056,0.6507937908172607,-0.20634913444519043,0.23809528350830078,-0.7142857313156128,0.777777910232544,1.2698414325714111,0.4444444179534912,1.4920636415481567
RESIDENTIALhouse_mesh3873,train,233,-0.5238094925880432,0.5555557012557983,-0.047618985176086426,0.04761910438537598,-0.7460317611694336,0.4920635223388672,1.0793652534484863,0.0952380895614624,1.2380952835083008
RESIDENTIALhouse_mesh3877,test,22538,-0.6190475821495056,0.6507937908172607,-0.3333333134651184,0.365079402923584,-0.7460317611694336,0.777777910232544,1.2698414325714111,0.6984127163887024,1.5238096714019775
RESIDENTIALhouse_mesh3881,train,18753,-0.4920634627342224,0.5238096714019775,-0.4603174328804016,0.4920635223388672,-0.7460317611694336,0.7142858505249023,1.0158731937408447,0.9523809552192688,1.460317611694336
RESIDENTIALhouse_mesh3901,train,3577,-0.7460317611694336,0.3968254327774048,-0.17460310459136963,0.20634925365447998,-0.3650793433189392,0.07936513423919678,1.1428571939468384,0.3809523582458496,0.444444477558136
RESIDENTIALhouse_mesh3903,test,369,-0.7460317611694336,0.777777910232544,-0.3333333134651184,0.3333333730697632,-0.6190475821495056,0.6507937908172607,1.5238096714019775,0.6666666865348816,1.2698414325714111
RESIDENTIALhouse_mesh3907,train,971,-0.6190475821495056,0.7460318803787231,-0.23809516429901123,0.2698413133621216,-0.7460317611694336,0.7142858505249023,1.365079402923584,0.5079364776611328,1.460317611694336
RESIDENTIALhouse_mesh3939,train,3022,-0.7460317611694336,0.777777910232544,-0.23809516429901123,0.2698413133621216,-0.6190475821495056,0.6507937908172607,1.5238096714019775,0.5079364776611328,1.2698414325714111
RESIDENTIALhouse_mesh3971,train,2015,-0.555555522441864,0.5873017311096191,-0.14285707473754883,0.17460322380065918,-0.7460317611694336,0.777777910232544,1.142857313156128,0.317460298538208,1.5238096714019775
RESIDENTIALhouse_mesh3973,test,1913,-0.682539701461792,0.7142858505249023,-0.4603174328804016,0.4920635223388672,-0.7460317611694336,0.7460318803787231,1.3968255519866943,0.9523809552192688,1.4920636415481567
RESIDENTIALhouse_mesh3979,train,284,-0.7460317611694336,0.777777910232544,-0.14285707473754883,0.20634925365447998,-0.555555522441864,0.5238096714019775,1.5238096714019775,0.3492063283920288,1.0793652534484863
RESIDENTIALhouse_mesh3982,test,816,-0.23809516429901123,0.6507937908172607,-0.14285707473754883,0.17460322380065918,-0.7460317611694336,0.4920635223388672,0.888888955116272,0.317460298538208,1.2380952835083008
RESIDENTIALhouse_mesh3983,train,569,-0.7460317611694336,0.777777910232544,-0.23809516429901123,0.17460322380065918,-0.555555522441864,0.5238096714019775,1.5238096714019775,0.4126983880996704,1.0793652534484863
RESIDENTIALhouse_mesh3994,val,896,-0.4603174328804016,0.4920635223388672,-0.4603174328804016,0.4920635223388672,-0.7460317611694336,0.777777910232544,0.9523809552192688,0.9523809552192688,1.5238096714019775
RESIDENTIALhouse_mesh4021,train,24610,-0.7460317611694336,0.7460318803787231,-0.555555522441864,0.5873017311096191,-0.555555522441864,0.6190477609634399,1.4920636415481567,1.142857313156128,1.1746032238006592
RESIDENTIALhouse_mesh4033,val,5709,-0.2698412537574768,0.3015873432159424,-0.20634913444519043,0.23809528350830078,-0.7460317611694336,0.777777910232544,0.5714285969734192,0.4444444179534912,1.5238096714019775
RESIDENTIALhouse_mesh4045,test,834,-0.3333333134651184,0.20634925365447998,-0.17460310459136963,0.20634925365447998,-0.682539701461792,0.4603174924850464,0.5396825671195984,0.3809523582458496,1.1428571939468384
RESIDENTIALhouse_mesh4048,train,251,-0.7460317611694336,0.777777910232544,-0.17460310459136963,0.20634925365447998,-0.2698412537574768,0.3333333730697632,1.5238096714019775,0.3809523582458496,0.60317462682724
RESIDENTIALhouse_mesh4049,train,4891,-0.2698412537574768,0.3015873432159424,-0.14285707473754883,0.17460322380065918,-0.7460317611694336,0.7142858505249023,0.5714285969734192,0.317460298538208,1.460317611694336
RESIDENTIALhouse_mesh4067,val,3745,-0.682539701461792,0.777777910232544,-0.3333333134651184,0.365079402923584,-0.3015872836112976,0.2698413133621216,1.460317611694336,0.6984127163887024,0.5714285969734192
RESIDENTIALhouse_mesh4092,train,1575,0.17460322380065918,0.777777910232544,-0.14285707473754883,0.17460322380065918,-0.4285714030265808,0.4603174924850464,0.6031746864318848,0.317460298538208,0.8888888955116272
RESIDENTIALhouse_mesh4117,train,157,-0.4603174328804016,0.5238096714019775,-0.20634913444519043,0.20634925365447998,-0.7142857313156128,0.3015873432159424,0.9841271042823792,0.4126983880996704,1.0158730745315552
RESIDENTIALhouse_mesh4123,train,3106,-0.4920634627342224,0.5238096714019775,-0.3333333134651184,0.365079402923584,-0.7460317611694336,0.777777910232544,1.0158731937408447,0.6984127163887024,1.5238096714019775
RESIDENTIALhouse_mesh4130,train,1312,-0.4603174328804016,0.4285714626312256,-0.14285707473754883,0.07936513423919678,-0.5238094925880432,0.777777910232544,0.8888888955116272,0.2222222089767456,1.3015873432159424
RESIDENTIALhouse_mesh4151,train,5505,-0.4920634627342224,0.5238096714019775,-0.23809516429901123,0.2698413133621216,-0.7460317611694336,0.777777910232544,1.0158731937408447,0.5079364776611328,1.5238096714019775
RESIDENTIALhouse_mesh4158,train,2776,-0.39682537317276,0.3333333730697632,-0.23809516429901123,0.23809528350830078,-0.682539701461792,0.365079402923584,0.7301587462425232,0.476190447807312,1.047619104385376
RESIDENTIALhouse_mesh4160,train,647,0.14285719394683838,0.7142858505249023,-0.23809516429901123,0.2698413133621216,-0.4285714030265808,0.23809528350830078,0.571428656578064,0.5079364776611328,0.6666666865348816
RESIDENTIALhouse_mesh4162,train,211,-0.3015872836112976,0.7460318803787231,-0.23809516429901123,0.2698413133621216,-0.7460317611694336,0.7460318803787231,1.047619104385376,0.5079364776611328,1.4920636415481567
RESIDENTIALhouse_mesh4171,val,4726,-0.555555522441864,0.777777910232544,-0.20634913444519043,0.3333333730697632,-0.20634913444519043,0.23809528350830078,1.3333334922790527,0.5396825075149536,0.4444444179534912
RESIDENTIALhouse_mesh4177,train,228,-0.5238094925880432,0.6190477609634399,-0.2698412537574768,0.3015873432159424,-0.7460317611694336,0.5873017311096191,1.142857313156128,0.5714285969734192,1.3333334922790527
RESIDENTIALhouse_mesh4182,train,228,-0.5873015522956848,0.6507937908172607,-0.17460310459136963,0.20634925365447998,-0.7460317611694336,0.6825398206710815,1.2380952835083008,0.3809523582458496,1.4285715818405151
RESIDENTIALhouse_mesh4188,train,7650,-0.5873015522956848,0.6190477609634399,-0.17460310459136963,0.20634925365447998,-0.7460317611694336,0.5873017311096191,1.2063493728637695,0.3809523582458496,1.3333334922790527
RESIDENTIALhouse_mesh4190,train,2466,-0.2698412537574768,0.4603174924850464,-0.3015872836112976,0.3333333730697632,-0.20634913444519043,0.3015873432159424,0.7301587462425232,0.6349206566810608,0.5079364776611328
RESIDENTIALhouse_mesh4195,train,183,-0.7460317611694336,0.777777910232544,-0.14285707473754883,0.17460322380065918,-0.4285714030265808,0.5238096714019775,1.5238096714019775,0.317460298538208,0.9523810744285583
RESIDENTIALhouse_mesh4208,train,29094,-0.7460317611694336,0.777777910232544,-0.5238094925880432,0.5555557012557983,-0.4603174328804016,0.5238096714019775,1.5238096714019775,1.0793652534484863,0.9841271042823792
RESIDENTIALhouse_mesh4225,val,295,-0.7460317611694336,0.777777910232544,-0.3650793433189392,0.3968254327774048,-0.39682537317276,0.4603174924850464,1.5238096714019775,0.761904776096344,0.8571428656578064
RESIDENTIALhouse_mesh4227,val,5915,-0.7460317611694336,0.777777910232544,-0.23809516429901123,0.2698413133621216,-0.39682537317276,0.4285714626312256,1.5238096714019775,0.5079364776611328,0.8253968358039856
RESIDENTIALhouse_mesh4230,train,1008,-0.4603174328804016,0.6190477609634399,-0.3650793433189392,0.3333333730697632,-0.7460317611694336,0.365079402923584,1.0793652534484863,0.6984127163887024,1.1111111640930176
RESIDENTIALhouse_mesh4234,val,1373,-0.5238094925880432,0.777777910232544,-0.3650793433189392,0.3968254327774048,-0.682539701461792,0.7142858505249023,1.3015873432159424,0.761904776096344,1.3968255519866943
RESIDENTIALhouse_mesh4255,train,1844,-0.39682537317276,0.3968254327774048,-0.39682537317276,0.4285714626312256,-0.7142857313156128,0.777777910232544,0.7936508059501648,0.8253968358039856,1.4920636415481567
RESIDENTIALhouse_mesh4264,train,8593,-0.7460317611694336,0.777777910232544,-0.3015872836112976,0.3333333730697632,-0.4285714030265808,0.4603174924850464,1.5238096714019775,0.6349206566810608,0.8888888955116272
RESIDENTIALhouse_mesh4271,test,2337,-0.3015872836112976,0.23809528350830078,-0.07936501502990723,0.11111116409301758,-0.39682537317276,0.3968254327774048,0.5396825671195984,0.1904761791229248,0.7936508059501648
RESIDENTIALhouse_mesh4278,train,7594,-0.4920634627342224,0.5238096714019775,-0.20634913444519043,0.23809528350830078,-0.7142857313156128,0.4603174924850464,1.0158731937408447,0.4444444179534912,1.1746032238006592
RESIDENTIALhouse_mesh4280,train,3101,-0.682539701461792,0.7142858505249023,-0.14285707473754883,0.14285719394683838,-0.4920634627342224,0.14285719394683838,1.3968255519866943,0.2857142686843872,0.6349206566810608
RESIDENTIALhouse_mesh4286,train,1043,-0.4285714030265808,0.3015873432159424,-0.23809516429901123,0.23809528350830078,-0.20634913444519043,0.4920635223388672,0.7301587462425232,0.476190447807312,0.6984126567840576
RESIDENTIALhouse_mesh4298,train,6969,-0.07936501502990723,0.3968254327774048,-0.20634913444519043,0.23809528350830078,-0.7460317611694336,0.7142858505249023,0.476190447807312,0.4444444179534912,1.460317611694336
RESIDENTIALhouse_mesh4303,train,308,-0.7460317611694336,0.777777910232544,-0.39682537317276,0.3968254327774048,-0.555555522441864,0.5873017311096191,1.5238096714019775,0.7936508059501648,1.142857313156128
RESIDENTIALhouse_mesh4311,test,1249,-0.5238094925880432,0.5555557012557983,-0.2698412537574768,0.3015873432159424,-0.5873015522956848,0.3968254327774048,1.0793652534484863,0.5714285969734192,0.9841269850730896
RESIDENTIALhouse_mesh4333,train,336,-0.682539701461792,0.7460318803787231,-0.17460310459136963,0.20634925365447998,-0.7142857313156128,0.777777910232544,1.4285715818405151,0.3809523582458496,1.4920636415481567
RESIDENTIALhouse_mesh4344,train,7830,-0.5238094925880432,0.5555557012557983,-0.5873015522956848,0.5555557012557983,-0.7460317611694336,0.7460318803787231,1.0793652534484863,1.142857313156128,1.4920636415481567
RESIDENTIALhouse_mesh4349,train,173,-0.4920634627342224,0.777777910232544,-0.07936501502990723,0.11111116409301758,-0.4285714030265808,0.5873017311096191,1.2698414325714111,0.1904761791229248,1.0158731937408447
RESIDENTIALhouse_mesh4356,train,1085,-0.7460317611694336,0.777777910232544,-0.39682537317276,0.4285714626312256,-0.39682537317276,0.4285714626312256,1.5238096714019775,0.8253968358039856,0.8253968358039856
RESIDENTIALhouse_mesh4359,train,664,-0.07936501502990723,0.7142858505249023,-0.07936501502990723,0.11111116409301758,-0.39682537317276,0.5873017311096191,0.7936508655548096,0.1904761791229248,0.9841271042823792
RESIDENTIALhouse_mesh4362,val,297,-0.4285714030265808,0.4603174924850464,-0.14285707473754883,0.17460322380065918,-0.7460317611694336,0.777777910232544,0.8888888955116272,0.317460298538208,1.5238096714019775
RESIDENTIALhouse_mesh4387,train,594,-0.555555522441864,0.5238096714019775,-0.23809516429901123,0.2698413133621216,-0.7460317611694336,0.7142858505249023,1.0793652534484863,0.5079364776611328,1.460317611694336
RESIDENTIALhouse_mesh4406,train,370,-0.4920634627342224,0.5555557012557983,-0.23809516429901123,0.20634925365447998,-0.7142857313156128,0.3333333730697632,1.047619104385376,0.4444444179534912,1.047619104385376
RESIDENTIALhouse_mesh4413,test,22754,-0.7460317611694336,0.777777910232544,-0.3650793433189392,0.3968254327774048,-0.5873015522956848,0.6190477609634399,1.5238096714019775,0.761904776096344,1.2063493728637695
RESIDENTIALhouse_mesh4435,train,7373,-0.7460317611694336,0.777777910232544,-0.23809516429901123,0.2698413133621216,-0.4603174328804016,0.4920635223388672,1.5238096714019775,0.5079364776611328,0.9523809552192688
RESIDENTIALhouse_mesh4466,train,803,-0.23809516429901123,0.20634925365447998,-0.20634913444519043,0.23809528350830078,-0.3015872836112976,0.5873017311096191,0.4444444179534912,0.4444444179534912,0.8888890147209167
RESIDENTIALhouse_mesh4492,train,2689,-0.5238094925880432,0.6190477609634399,-0.20634913444519043,0.20634925365447998,-0.17460310459136963,0.4920635223388672,1.142857313156128,0.4126983880996704,0.6666666269302368
RESIDENTIALhouse_mesh4524,train,764,-0.4603174328804016,0.4285714626312256,-0.17460310459136963,0.23809528350830078,-0.7460317611694336,0.777777910232544,0.8888888955116272,0.4126983880996704,1.5238096714019775
RESIDENTIALhouse_mesh4548,val,153,0.17460322380065918,0.7460318803787231,-0.07936501502990723,0.14285719394683838,-0.3650793433189392,-0.047618985176086426,0.571428656578064,0.2222222089767456,0.3174603581428528
RESIDENTIALhouse_mesh4551,train,65334,-0.7460317611694336,0.777777910232544,-0.7460317611694336,0.777777910232544,-0.6507936716079712,0.6825398206710815,1.5238096714019775,1.5238096714019775,1.3333334922790527
RESIDENTIALhouse_mesh4553,train,1770,-0.682539701461792,0.7142858505249023,-0.14285707473754883,0.17460322380065918,-0.7460317611694336,0.4920635223388672,1.3968255519866943,0.317460298538208,1.2380952835083008
RESIDENTIALhouse_mesh4565,val,4672,-0.7142857313156128,0.7142858505249023,-0.3650793433189392,0.3968254327774048,-0.4920634627342224,0.5873017311096191,1.4285715818405151,0.761904776096344,1.0793652534484863
RESIDENTIALhouse_mesh4572,train,280,-0.7460317611694336,0.777777910232544,-0.047618985176086426,0.07936513423919678,-0.3015872836112976,0.3015873432159424,1.5238096714019775,0.1269841194152832,0.60317462682724
RESIDENTIALhouse_mesh4578,train,393,-0.4603174328804016,0.4920635223388672,-0.39682537317276,0.4285714626312256,-0.7460317611694336,0.777777910232544,0.9523809552192688,0.8253968358039856,1.5238096714019775
RESIDENTIALhouse_mesh4580,train,7679,-0.7460317611694336,0.777777910232544,-0.3015872836112976,0.3333333730697632,-0.5873015522956848,0.6507937908172607,1.5238096714019775,0.6349206566810608,1.2380952835083008
RESIDENTIALhouse_mesh4614,train,125,-0.4603174328804016,0.4603174924850464,-0.17460310459136963,0.17460322380065918,-0.7460317611694336,0.4285714626312256,0.920634925365448,0.3492063283920288,1.1746032238006592
RESIDENTIALhouse_mesh4668,train,574,-0.7460317611694336,0.3015873432159424,-0.2698412537574768,0.015873074531555176,-0.6507936716079712,0.6825398206710815,1.047619104385376,0.285714328289032,1.3333334922790527
RESIDENTIALhouse_mesh4690,val,6090,-0.4603174328804016,0.4603174924850464,-0.3015872836112976,0.3333333730697632,-0.7460317611694336,0.777777910232544,0.920634925365448,0.6349206566810608,1.5238096714019775
RESIDENTIALhouse_mesh4691,train,2963,-0.3650793433189392,0.5238096714019775,-0.23809516429901123,0.2698413133621216,-0.7142857313156128,0.7460318803787231,0.8888890147209167,0.5079364776611328,1.460317611694336
RESIDENTIALhouse_mesh4709,train,14968,-0.7460317611694336,0.777777910232544,-0.4920634627342224,0.5238096714019775,-0.682539701461792,0.7142858505249023,1.5238096714019775,1.0158731937408447,1.3968255519866943
RESIDENTIALhouse_mesh4713,test,492,-0.6190475821495056,0.6507937908172607,-0.3015872836112976,0.3333333730697632,-0.7460317611694336,0.777777910232544,1.2698414325714111,0.6349206566810608,1.5238096714019775
RESIDENTIALhouse_mesh4717,val,192,-0.3015872836112976,0.3968254327774048,-0.14285707473754883,0.17460322380065918,-0.682539701461792,0.6507937908172607,0.6984127163887024,0.317460298538208,1.3333334922790527
RESIDENTIALhouse_mesh4728,train,381,-0.3650793433189392,0.3015873432159424,-0.11111104488372803,0.14285719394683838,-0.4603174328804016,0.3968254327774048,0.6666666865348816,0.2539682388305664,0.8571428656578064
RESIDENTIALhouse_mesh4729,train,5283,-0.5238094925880432,0.5555557012557983,-0.14285707473754883,0.14285719394683838,-0.7460317611694336,0.777777910232544,1.0793652534484863,0.2857142686843872,1.5238096714019775
RESIDENTIALhouse_mesh4752,test,1350,-0.4285714030265808,0.4920635223388672,-0.07936501502990723,0.11111116409301758,-0.7142857313156128,0.4285714626312256,0.920634925365448,0.1904761791229248,1.1428571939468384
RESIDENTIALhouse_mesh4755,train,415,-0.3333333134651184,0.2698413133621216,-0.3015872836112976,0.3333333730697632,-0.682539701461792,0.4285714626312256,0.60317462682724,0.6349206566810608,1.1111111640930176
RESIDENTIALhouse_mesh4765,train,1202,-0.20634913444519043,0.3968254327774048,-0.17460310459136963,0.14285719394683838,-0.4603174328804016,0.7460318803787231,0.6031745672225952,0.317460298538208,1.2063493728637695
RESIDENTIALhouse_mesh4776,test,1026,-0.7460317611694336,0.777777910232544,-0.2698412537574768,0.3015873432159424,-0.555555522441864,0.5873017311096191,1.5238096714019775,0.5714285969734192,1.142857313156128
RESIDENTIALhouse_mesh4795,train,2945,-0.5238094925880432,0.5555557012557983,-0.3333333134651184,0.365079402923584,-0.7460317611694336,0.777777910232544,1.0793652534484863,0.6984127163887024,1.5238096714019775
RESIDENTIALhouse_mesh4810,test,206,-0.6190475821495056,0.6190477609634399,-0.20634913444519043,0.23809528350830078,-0.7142857313156128,0.777777910232544,1.2380952835083008,0.4444444179534912,1.4920636415481567
RESIDENTIALhouse_mesh4811,val,1839,-0.4920634627342224,0.4920635223388672,-0.39682537317276,0.4285714626312256,-0.7460317611694336,0.4603174924850464,0.9841269850730896,0.8253968358039856,1.20634925365448
RESIDENTIALhouse_mesh4815,test,16966,-0.6190475821495056,0.6825398206710815,-0.3015872836112976,0.3333333730697632,-0.7142857313156128,0.7142858505249023,1.3015873432159424,0.6349206566810608,1.4285715818405151
RESIDENTIALhouse_mesh4827,train,3376,-0.4920634627342224,0.5238096714019775,-0.14285707473754883,0.14285719394683838,-0.7460317611694336,0.7460318803787231,1.0158731937408447,0.2857142686843872,1.4920636415481567
RESIDENTIALhouse_mesh4844,train,471,-0.39682537317276,0.3968254327774048,-0.3650793433189392,0.3968254327774048,-0.7460317611694336,0.777777910232544,0.7936508059501648,0.761904776096344,1.5238096714019775
RESIDENTIALhouse_mesh4847,train,2378,-0.3015872836112976,0.6190477609634399,-0.14285707473754883,0.17460322380065918,-0.047618985176086426,0.777777910232544,0.9206350445747375,0.317460298538208,0.8253968954086304
RESIDENTIALhouse_mesh4850,train,127,-0.6190475821495056,0.777777910232544,-0.20634913444519043,0.20634925365447998,-0.3650793433189392,0.3333333730697632,1.3968255519866943,0.4126983880996704,0.6984127163887024
RESIDENTIALhouse_mesh4858,train,5215,-0.3650793433189392,0.3968254327774048,-0.4920634627342224,0.4920635223388672,-0.7460317611694336,0.7460318803787231,0.761904776096344,0.9841269850730896,1.4920636415481567
RESIDENTIALhouse_mesh4870,train,4749,-0.3650793433189392,0.3968254327774048,-0.17460310459136963,0.20634925365447998,-0.20634913444519043,0.4603174924850464,0.761904776096344,0.3809523582458496,0.6666666269302368
RESIDENTIALhouse_mesh4885,train,7803,-0.6190475821495056,0.6507937908172607,-0.5873015522956848,0.6190477609634399,-0.7460317611694336,0.777777910232544,1.2698414325714111,1.2063493728637695,1.5238096714019775
RESIDENTIALhouse_mesh4893,train,3959,-0.4285714030265808,0.4603174924850464,-0.17460310459136963,0.20634925365447998,-0.7460317611694336,0.17460322380065918,0.8888888955116272,0.3809523582458496,0.9206349849700928
RESIDENTIALhouse_mesh4901,train,20883,-0.5238094925880432,0.5555557012557983,-0.39682537317276,0.4285714626312256,-0.7460317611694336,0.777777910232544,1.0793652534484863,0.8253968358039856,1.5238096714019775
RESIDENTIALhouse_mesh4904,train,887,-0.7142857313156128,0.6190477609634399,-0.14285707473754883,0.14285719394683838,-0.4285714030265808,0.5555557012557983,1.3333334922790527,0.2857142686843872,0.9841271042823792
RESIDENTIALhouse_mesh4905,test,36651,-0.6190475821495056,0.6825398206710815,-0.555555522441864,0.5873017311096191,-0.5873015522956848,0.6190477609634399,1.3015873432159424,1.142857313156128,1.2063493728637695
RESIDENTIALhouse_mesh4931,train,621,-0.4603174328804016,0.4920635223388672,-0.11111104488372803,0.14285719394683838,-0.7142857313156128,0.6825398206710815,0.9523809552192688,0.2539682388305664,1.3968255519866943
RESIDENTIALhouse_mesh4958,train,1892,-0.4920634627342224,0.4920635223388672,-0.3015872836112976,0.3333333730697632,-0.7460317611694336,0.777777910232544,0.9841269850730896,0.6349206566810608,1.5238096714019775
RESIDENTIALhouse_mesh4965,train,285,-0.4285714030265808,0.4285714626312256,-0.07936501502990723,0.14285719394683838,-0.2698412537574768,0.5873017311096191,0.8571428656578064,0.2222222089767456,0.857142984867096
RESIDENTIALhouse_mesh4972,train,508,-0.3333333134651184,0.365079402923584,-0.20634913444519043,0.20634925365447998,-0.7460317611694336,0.777777910232544,0.6984127163887024,0.4126983880996704,1.5238096714019775
RESIDENTIALhouse_mesh5009,test,202,-0.39682537317276,0.7142858505249023,-0.17460310459136963,0.14285719394683838,-0.11111104488372803,0.3968254327774048,1.1111111640930176,0.317460298538208,0.5079364776611328
RESIDENTIALhouse_mesh5041,test,990,-0.6507936716079712,0.6825398206710815,-0.3650793433189392,0.3968254327774048,-0.7460317611694336,0.777777910232544,1.3333334922790527,0.761904776096344,1.5238096714019775
RESIDENTIALhouse_mesh5049,val,892,-0.3015872836112976,0.3333333730697632,-0.14285707473754883,0.20634925365447998,-0.7460317611694336,0.777777910232544,0.6349206566810608,0.3492063283920288,1.5238096714019775
RESIDENTIALhouse_mesh5054,train,290,-0.4285714030265808,0.5238096714019775,-0.14285707473754883,0.14285719394683838,-0.5238094925880432,0.777777910232544,0.9523810744285583,0.2857142686843872,1.3015873432159424
RESIDENTIALhouse_mesh5058,test,1435,-0.4285714030265808,0.4920635223388672,-0.11111104488372803,0.11111116409301758,-0.555555522441864,0.2698413133621216,0.920634925365448,0.2222222089767456,0.8253968358039856
RESIDENTIALhouse_mesh5068,train,1393,-0.5873015522956848,0.4920635223388672,-0.20634913444519043,0.23809528350830078,-0.6507936716079712,0.6507937908172607,1.0793650150299072,0.4444444179534912,1.301587462425232
RESIDENTIALhouse_mesh5069,test,639,-0.7460317611694336,0.7460318803787231,-0.3015872836112976,0.2698413133621216,-0.682539701461792,0.7142858505249023,1.4920636415481567,0.5714285969734192,1.3968255519866943
RESIDENTIALhouse_mesh5076,train,684,-0.3650793433189392,0.4285714626312256,-0.17460310459136963,0.20634925365447998,-0.7460317611694336,0.777777910232544,0.7936508059501648,0.3809523582458496,1.5238096714019775
RESIDENTIALhouse_mesh5100,train,5701,-0.6507936716079712,0.5555557012557983,-0.17460310459136963,0.20634925365447998,-0.3015872836112976,0.3968254327774048,1.2063493728637695,0.3809523582458496,0.6984127163887024
RESIDENTIALhouse_mesh5103,train,1278,-0.6190475821495056,0.5238096714019775,-0.23809516429901123,0.14285719394683838,-0.3650793433189392,0.365079402923584,1.142857313156128,0.3809523582458496,0.7301587462425232
RESIDENTIALhouse_mesh5145,train,409,-0.7460317611694336,0.777777910232544,-0.14285707473754883,0.17460322380065918,-0.4603174328804016,0.5238096714019775,1.5238096714019775,0.317460298538208,0.9841271042823792
RESIDENTIALhouse_mesh5165,train,681,-0.5873015522956848,0.4920635223388672,-0.11111104488372803,0.14285719394683838,-0.20634913444519043,0.5555557012557983,1.0793650150299072,0.2539682388305664,0.7619048357009888
RESIDENTIALhouse_mesh5170,train,6024,-0.4920634627342224,0.5238096714019775,-0.20634913444519043,0.23809528350830078,-0.7460317611694336,0.777777910232544,1.0158731937408447,0.4444444179534912,1.5238096714019775
RESIDENTIALhouse_mesh5173,train,2084,-0.7460317611694336,0.777777910232544,-0.39682537317276,0.3968254327774048,-0.4920634627342224,0.4920635223388672,1.5238096714019775,0.7936508059501648,0.9841269850730896
RESIDENTIALhouse_mesh5184,train,1493,-0.3650793433189392,0.5555557012557983,-0.23809516429901123,0.23809528350830078,-0.39682537317276,0.4603174924850464,0.9206350445747375,0.476190447807312,0.8571428656578064
RESIDENTIALhouse_mesh5203,train,8980,-0.7460317611694336,0.777777910232544,-0.3650793433189392,0.3968254327774048,-0.4920634627342224,0.5238096714019775,1.5238096714019775,0.761904776096344,1.0158731937408447
RESIDENTIALhouse_mesh5211,train,1769,-0.7142857313156128,0.7460318803787231,-0.23809516429901123,0.2698413133621216,-0.7460317611694336,0.777777910232544,1.460317611694336,0.5079364776611328,1.5238096714019775
RESIDENTIALhouse_mesh5224,test,1439,-0.4285714030265808,0.3015873432159424,-0.20634913444519043,0.23809528350830078,-0.7460317611694336,0.4603174924850464,0.7301587462425232,0.4444444179534912,1.20634925365448
RESIDENTIALhouse_mesh5231,train,2580,-0.5873015522956848,0.5238096714019775,-0.4285714030265808,0.4603174924850464,-0.5873015522956848,0.4603174924850464,1.1111111640930176,0.8888888955116272,1.047619104385376
RESIDENTIALhouse_mesh5234,test,420,-0.682539701461792,0.7142858505249023,-0.7460317611694336,0.777777910232544,-0.7142857313156128,0.7460318803787231,1.3968255519866943,1.5238096714019775,1.460317611694336
RESIDENTIALhouse_mesh5254,train,8113,-0.4603174328804016,0.4920635223388672,-0.20634913444519043,0.23809528350830078,-0.6190475821495056,0.3968254327774048,0.9523809552192688,0.4444444179534912,1.0158729553222656
RESIDENTIALhouse_mesh5257,train,172,-0.5873015522956848,0.6190477609634399,-0.17460310459136963,0.11111116409301758,-0.7460317611694336,0.777777910232544,1.2063493728637695,0.2857142686843872,1.5238096714019775
RESIDENTIALhouse_mesh5258,train,4812,-0.4603174328804016,0.4920635223388672,-0.2698412537574768,0.3015873432159424,-0.7460317611694336,0.7460318803787231,0.9523809552192688,0.5714285969734192,1.4920636415481567
RESIDENTIALhouse_mesh5265,train,988,-0.4285714030265808,0.4603174924850464,-0.20634913444519043,0.23809528350830078,-0.7460317611694336,0.777777910232544,0.8888888955116272,0.4444444179534912,1.5238096714019775
RESIDENTIALhouse_mesh5275,train,1768,-0.7460317611694336,0.777777910232544,-0.14285707473754883,0.17460322380065918,-0.4920634627342224,0.5238096714019775,1.5238096714019775,0.317460298538208,1.0158731937408447
RESIDENTIALhouse_mesh5295,train,329,-0.23809516429901123,0.2698413133621216,-0.07936501502990723,0.07936513423919678,-0.11111104488372803,0.4603174924850464,0.5079364776611328,0.158730149269104,0.5714285373687744
RESIDENTIALhouse_mesh5311,train,1131,-0.7460317611694336,0.777777910232544,-0.17460310459136963,0.20634925365447998,-0.555555522441864,0.5555557012557983,1.5238096714019775,0.3809523582458496,1.1111111640930176
RESIDENTIALhouse_mesh5315,train,3124,-0.7460317611694336,0.777777910232544,-0.20634913444519043,0.23809528350830078,-0.682539701461792,0.7142858505249023,1.5238096714019775,0.4444444179534912,1.3968255519866943
RESIDENTIALhouse_mesh5318,train,1793,-0.6507936716079712,0.777777910232544,-0.14285707473754883,0.17460322380065918,-0.7460317611694336,0.5555557012557983,1.4285715818405151,0.317460298538208,1.301587462425232
RESIDENTIALhouse_mesh5340,train,1736,-0.555555522441864,0.20634925365447998,-0.11111104488372803,0.14285719394683838,-0.2698412537574768,0.2698413133621216,0.761904776096344,0.2539682388305664,0.5396825671195984
RESIDENTIALhouse_mesh5360,train,806,-0.2698412537574768,0.3015873432159424,-0.14285707473754883,0.17460322380065918,-0.7460317611694336,0.777777910232544,0.5714285969734192,0.317460298538208,1.5238096714019775
RESIDENTIALhouse_mesh5374,train,292,-0.555555522441864,0.5873017311096191,-0.11111104488372803,0.11111116409301758,-0.682539701461792,0.777777910232544,1.142857313156128,0.2222222089767456,1.460317611694336
RESIDENTIALhouse_mesh5387,test,2649,-0.3650793433189392,0.4920635223388672,-0.2698412537574768,0.3015873432159424,-0.7460317611694336,0.6825398206710815,0.8571428656578064,0.5714285969734192,1.4285715818405151
RESIDENTIALhouse_mesh5388,train,1830,-0.7460317611694336,0.777777910232544,-0.3015872836112976,0.3333333730697632,-0.5873015522956848,0.6190477609634399,1.5238096714019775,0.6349206566810608,1.2063493728637695
RESIDENTIALhouse_mesh5394,val,2805,-0.7460317611694336,0.777777910232544,-0.3333333134651184,0.365079402923584,-0.4920634627342224,0.5238096714019775,1.5238096714019775,0.6984127163887024,1.0158731937408447
RESIDENTIALhouse_mesh5411,train,293,-0.14285707473754883,0.23809528350830078,-0.07936501502990723,0.04761910438537598,-0.39682537317276,0.07936513423919678,0.3809523582458496,0.1269841194152832,0.4761905074119568
RESIDENTIALhouse_mesh5436,train,726,-0.5238094925880432,0.365079402923584,-0.11111104488372803,0.14285719394683838,-0.555555522441864,0.6190477609634399,0.8888888955116272,0.2539682388305664,1.1746032238006592
RESIDENTIALhouse_mesh5438,train,453,-0.7460317611694336,0.777777910232544,-0.3650793433189392,0.3968254327774048,-0.5873015522956848,0.6190477609634399,1.5238096714019775,0.761904776096344,1.2063493728637695
RESIDENTIALhouse_mesh5454,train,1807,-0.7460317611694336,0.777777910232544,-0.5238094925880432,0.5238096714019775,-0.7142857313156128,0.7460318803787231,1.5238096714019775,1.047619104385376,1.460317611694336
RESIDENTIALhouse_mesh5479,test,33,-0.07936501502990723,0.04761910438537598,-0.015872955322265625,0.04761910438537598,-0.07936501502990723,0.3015873432159424,0.1269841194152832,0.0634920597076416,0.3809523582458496
RESIDENTIALhouse_mesh5503,train,8171,-0.7460317611694336,0.777777910232544,-0.2698412537574768,0.23809528350830078,-0.7142857313156128,0.7460318803787231,1.5238096714019775,0.5079365372657776,1.460317611694336
RESIDENTIALhouse_mesh5508,train,320,-0.5238094925880432,0.5555557012557983,-0.4603174328804016,0.5238096714019775,-0.7460317611694336,0.777777910232544,1.0793652534484863,0.9841271042823792,1.5238096714019775
RESIDENTIALhouse_mesh5557,train,349,-0.7460317611694336,0.777777910232544,-0.3015872836112976,0.17460322380065918,-0.17460310459136963,0.20634925365447998,1.5238096714019775,0.4761905074119568,0.3809523582458496
RESIDENTIALhouse_mesh5560,train,295,0.11111116409301758,0.777777910232544,-0.07936501502990723,0.07936513423919678,-0.4920634627342224,0.5238096714019775,0.6666667461395264,0.158730149269104,1.0158731937408447
RESIDENTIALhouse_mesh5581,train,17625,-0.5238094925880432,0.5555557012557983,-0.5238094925880432,0.5555557012557983,-0.7460317611694336,0.777777910232544,1.0793652534484863,1.0793652534484863,1.5238096714019775
RESIDENTIALhouse_mesh5582,train,83,0.6507937908172607,0.777777910232544,-0.015872955322265625,0.04761910438537598,-0.07936501502990723,0.17460322380065918,0.1269841194152832,0.0634920597076416,0.2539682388305664
RESIDENTIALhouse_mesh5631,train,1031,-0.5873015522956848,0.6507937908172607,-0.2698412537574768,0.23809528350830078,-0.4920634627342224,0.4285714626312256,1.2380952835083008,0.5079365372657776,0.920634925365448
RESIDENTIALhouse_mesh5634,train,9533,-0.6190475821495056,0.6507937908172607,-0.07936501502990723,0.2698413133621216,-0.682539701461792,0.7460318803787231,1.2698414325714111,0.3492063283920288,1.4285715818405151
RESIDENTIALhouse_mesh5640,train,193,-0.4920634627342224,0.5238096714019775,-0.14285707473754883,0.17460322380065918,-0.7460317611694336,0.777777910232544,1.0158731937408447,0.317460298538208,1.5238096714019775
RESIDENTIALhouse_mesh5662,train,374,-0.7142857313156128,0.5873017311096191,-0.17460310459136963,0.17460322380065918,-0.4285714030265808,0.3333333730697632,1.301587462425232,0.3492063283920288,0.761904776096344
RESIDENTIALhouse_mesh5678,test,2772,-0.555555522441864,0.4285714626312256,-0.11111104488372803,0.14285719394683838,-0.4285714030265808,0.6825398206710815,0.9841269850730896,0.2539682388305664,1.1111111640930176
RESIDENTIALhouse_mesh5686,train,1235,-0.7460317611694336,0.777777910232544,-0.2698412537574768,0.2698413133621216,-0.4920634627342224,0.4920635223388672,1.5238096714019775,0.5396825671195984,0.9841269850730896
RESIDENTIALhouse_mesh5687,train,15616,-0.7142857313156128,0.777777910232544,-0.3015872836112976,0.365079402923584,-0.4920634627342224,0.5238096714019775,1.4920636415481567,0.6666666865348816,1.0158731937408447
RESIDENTIALhouse_mesh5696,train,1424,-0.39682537317276,0.6825398206710815,-0.2698412537574768,0.2698413133621216,-0.7142857313156128,0.4920635223388672,1.0793652534484863,0.5396825671195984,1.20634925365448
RESIDENTIALhouse_mesh5740,train,257,-0.4285714030265808,0.4920635223388672,-0.20634913444519043,0.23809528350830078,-0.20634913444519043,0.6825398206710815,0.920634925365448,0.4444444179534912,0.888888955116272
RESIDENTIALhouse_mesh5742,val,637,-0.7142857313156128,0.6825398206710815,-0.3015872836112976,0.3333333730697632,-0.6507936716079712,0.777777910232544,1.3968255519866943,0.6349206566810608,1.4285715818405151
RESIDENTIALhouse_mesh5772,train,810,-0.20634913444519043,0.4920635223388672,-0.11111104488372803,0.14285719394683838,-0.4920634627342224,0.4285714626312256,0.6984126567840576,0.2539682388305664,0.920634925365448
RESIDENTIALhouse_mesh5779,train,359,-0.5873015522956848,0.6190477609634399,-0.4603174328804016,0.4920635223388672,-0.7142857313156128,0.777777910232544,1.2063493728637695,0.9523809552192688,1.4920636415481567
RESIDENTIALhouse_mesh5792,test,1031,-0.39682537317276,0.4603174924850464,-0.4920634627342224,0.5238096714019775,-0.7460317611694336,0.777777910232544,0.8571428656578064,1.0158731937408447,1.5238096714019775
RESIDENTIALhouse_mesh5793,test,776,-0.4285714030265808,0.4920635223388672,-0.17460310459136963,0.20634925365447998,-0.23809516429901123,0.3015873432159424,0.920634925365448,0.3809523582458496,0.5396825075149536
RESIDENTIALhouse_mesh5795,train,513,-0.2698412537574768,0.2698413133621216,-0.015872955322265625,0.17460322380065918,-0.6190475821495056,0.5238096714019775,0.5396825671195984,0.1904761791229248,1.142857313156128
RESIDENTIALhouse_mesh5796,train,5944,-0.5238094925880432,0.5555557012557983,-0.17460310459136963,0.20634925365447998,-0.4603174328804016,0.4920635223388672,1.0793652534484863,0.3809523582458496,0.9523809552192688
RESIDENTIALhouse_mesh5798,train,1923,-0.6507936716079712,0.7142858505249023,-0.3015872836112976,0.20634925365447998,-0.3333333134651184,0.2698413133621216,1.3650795221328735,0.5079365372657776,0.60317462682724
RESIDENTIALhouse_mesh5801,train,929,-0.4920634627342224,0.5238096714019775,-0.4603174328804016,0.4920635223388672,-0.7460317611694336,0.777777910232544,1.0158731937408447,0.9523809552192688,1.5238096714019775
RESIDENTIALhouse_mesh5812,train,213,-0.7460317611694336,0.777777910232544,-0.2698412537574768,0.3015873432159424,-0.6190475821495056,0.6190477609634399,1.5238096714019775,0.5714285969734192,1.2380952835083008
RESIDENTIALhouse_mesh5819,train,592,-0.07936501502990723,0.23809528350830078,-0.07936501502990723,0.11111116409301758,0.015873074531555176,0.6190477609634399,0.317460298538208,0.1904761791229248,0.6031746864318848
RESIDENTIALhouse_mesh5826,train,3279,-0.4285714030265808,0.4285714626312256,-0.2698412537574768,0.14285719394683838,-0.7460317611694336,0.4920635223388672,0.8571428656578064,0.4126984477043152,1.2380952835083008
RESIDENTIALhouse_mesh5951,train,103,-0.4920634627342224,0.7142858505249023,-0.20634913444519043,0.17460322380065918,-0.7460317611694336,0.777777910232544,1.2063493728637695,0.3809523582458496,1.5238096714019775
RESIDENTIALhouse_mesh5954,train,3028,-0.39682537317276,0.4285714626312256,-0.20634913444519043,0.20634925365447998,-0.7460317611694336,0.7460318803787231,0.8253968358039856,0.4126983880996704,1.4920636415481567
RESIDENTIALhouse_mesh5955,val,1203,-0.555555522441864,0.3015873432159424,-0.07936501502990723,0.14285719394683838,-0.3015872836112976,0.4285714626312256,0.8571428656578064,0.2222222089767456,0.7301587462425232
RESIDENTIALhouse_mesh5957,train,7975,-0.7460317611694336,0.777777910232544,-0.5238094925880432,0.4285714626312256,-0.6190475821495056,0.6507937908172607,1.5238096714019775,0.9523809552192688,1.2698414325714111
RESIDENTIALhouse_mesh5963,train,2292,-0.7460317611694336,0.777777910232544,-0.555555522441864,0.5555557012557983,-0.6507936716079712,0.6825398206710815,1.5238096714019775,1.1111111640930176,1.3333334922790527
RESIDENTIALhouse_mesh5978,train,1209,-0.7460317611694336,0.777777910232544,-0.14285707473754883,0.17460322380065918,-0.5873015522956848,0.6190477609634399,1.5238096714019775,0.317460298538208,1.2063493728637695
RESIDENTIALhouse_mesh6006,train,7324,-0.7460317611694336,0.777777910232544,-0.39682537317276,0.365079402923584,-0.4603174328804016,0.4920635223388672,1.5238096714019775,0.761904776096344,0.9523809552192688
RESIDENTIALhouse_mesh6035,val,809,-0.7460317611694336,0.5873017311096191,-0.07936501502990723,0.11111116409301758,-0.4920634627342224,0.3968254327774048,1.3333334922790527,0.1904761791229248,0.8888888955116272
RESIDENTIALhouse_mesh6036,val,379,-0.7460317611694336,0.777777910232544,-0.11111104488372803,0.11111116409301758,-0.3333333134651184,0.3015873432159424,1.5238096714019775,0.2222222089767456,0.6349206566810608
RESIDENTIALhouse_mesh6051,train,1925,-0.7460317611694336,0.777777910232544,-0.2698412537574768,0.3015873432159424,-0.7460317611694336,0.777777910232544,1.5238096714019775,0.5714285969734192,1.5238096714019775
RESIDENTIALhouse_mesh6081,train,183,-0.3015872836112976,0.015873074531555176,-0.11111104488372803,0.14285719394683838,-0.23809516429901123,0.3015873432159424,0.3174603581428528,0.2539682388305664,0.5396825075149536
RESIDENTIALhouse_mesh6091,train,1694,0.2698413133621216,0.6825398206710815,-0.17460310459136963,0.17460322380065918,-0.7460317611694336,0.3015873432159424,0.41269850730895996,0.3492063283920288,1.047619104385376
RESIDENTIALhouse_mesh6095,train,489,-0.14285707473754883,0.23809528350830078,-0.07936501502990723,0.07936513423919678,-0.23809516429901123,0.5238096714019775,0.3809523582458496,0.158730149269104,0.7619048357009888
RESIDENTIALhouse_mesh6099,train,295,-0.6190475821495056,0.777777910232544,-0.4285714030265808,0.4603174924850464,-0.3015872836112976,0.3015873432159424,1.3968255519866943,0.8888888955116272,0.60317462682724
RESIDENTIALhouse_mesh6114,train,639,-0.7460317611694336,0.777777910232544,-0.3650793433189392,0.2698413133621216,-0.3333333134651184,0.365079402923584,1.5238096714019775,0.6349206566810608,0.6984127163887024
RESIDENTIALhouse_mesh6120,train,63,0.015873074531555176,0.5238096714019775,-0.015872955322265625,0.20634925365447998,-0.5238094925880432,0.23809528350830078,0.5079365968704224,0.2222222089767456,0.761904776096344
RESIDENTIALhouse_mesh6122,train,3680,-0.7142857313156128,0.7142858505249023,-0.3333333134651184,0.365079402923584,-0.5873015522956848,0.5873017311096191,1.4285715818405151,0.6984127163887024,1.1746032238006592
RESIDENTIALhouse_mesh6129,train,875,-0.7460317611694336,0.777777910232544,-0.3650793433189392,0.3968254327774048,-0.555555522441864,0.7142858505249023,1.5238096714019775,0.761904776096344,1.2698414325714111
RESIDENTIALhouse_mesh6140,val,1860,-0.7460317611694336,-0.047618985176086426,-0.20634913444519043,0.23809528350830078,-0.4920634627342224,0.3333333730697632,0.6984127759933472,0.4444444179534912,0.8253968358039856
RESIDENTIALhouse_mesh6149,val,536,-0.4920634627342224,0.5238096714019775,-0.4920634627342224,0.5238096714019775,-0.7460317611694336,0.777777910232544,1.0158731937408447,1.0158731937408447,1.5238096714019775
RESIDENTIALhouse_mesh6183,test,376,-0.5238094925880432,0.5555557012557983,-0.17460310459136963,0.20634925365447998,-0.7460317611694336,0.777777910232544,1.0793652534484863,0.3809523582458496,1.5238096714019775
RESIDENTIALhouse_mesh6207,train,401,-0.7460317611694336,0.777777910232544,-0.3015872836112976,0.3015873432159424,-0.7142857313156128,0.7460318803787231,1.5238096714019775,0.60317462682724,1.460317611694336
RESIDENTIALhouse_mesh6210,train,249,-0.3333333134651184,0.3333333730697632,-0.14285707473754883,0.17460322380065918,-0.4603174328804016,0.4920635223388672,0.6666666865348816,0.317460298538208,0.9523809552192688
RESIDENTIALhouse_mesh6280,train,373,-0.4603174328804016,0.3333333730697632,-0.17460310459136963,0.20634925365447998,-0.4285714030265808,0.365079402923584,0.7936508059501648,0.3809523582458496,0.7936508059501648
RESIDENTIALhouse_mesh6304,train,585,-0.07936501502990723,0.777777910232544,-0.047618985176086426,0.17460322380065918,-0.682539701461792,0.7142858505249023,0.8571429252624512,0.2222222089767456,1.3968255519866943
RESIDENTIALhouse_mesh6337,train,990,-0.7460317611694336,0.777777910232544,-0.3333333134651184,0.3968254327774048,-0.6190475821495056,0.17460322380065918,1.5238096714019775,0.7301587462425232,0.7936508059501648
RESIDENTIALhouse_mesh6341,train,5381,-0.5238094925880432,0.6507937908172607,-0.14285707473754883,0.17460322380065918,-0.682539701461792,0.777777910232544,1.1746032238006592,0.317460298538208,1.460317611694336
RESIDENTIALhouse_mesh6385,val,1076,-0.23809516429901123,0.2698413133621216,-0.20634913444519043,0.17460322380065918,-0.7460317611694336,0.777777910232544,0.5079364776611328,0.3809523582458496,1.5238096714019775
RESIDENTIALhouse_mesh6392,train,168,-0.7142857313156128,0.7142858505249023,-0.4285714030265808,0.3015873432159424,-0.7142857313156128,0.777777910232544,1.4285715818405151,0.7301587462425232,1.4920636415481567
RESIDENTIALhouse_mesh6400,train,4981,-0.3650793433189392,0.365079402923584,-0.3015872836112976,0.2698413133621216,-0.4920634627342224,0.23809528350830078,0.7301587462425232,0.5714285969734192,0.7301587462425232
RESIDENTIALhouse_mesh6414,train,251,-0.5238094925880432,0.4285714626312256,-0.3015872836112976,0.3333333730697632,-0.7460317611694336,0.4285714626312256,0.9523809552192688,0.6349206566810608,1.1746032238006592
RESIDENTIALhouse_mesh6415,test,119,-0.682539701461792,0.5555557012557983,-0.07936501502990723,0.07936513423919678,-0.23809516429901123,0.20634925365447998,1.2380954027175903,0.158730149269104,0.4444444179534912
RESIDENTIALhouse_mesh6424,train,20927,-0.7460317611694336,0.777777910232544,-0.3333333134651184,0.365079402923584,-0.6190475821495056,0.6825398206710815,1.5238096714019775,0.6984127163887024,1.3015873432159424
RESIDENTIALhouse_mesh6450,train,1339,-0.4285714030265808,0.6507937908172607,-0.3333333134651184,0.365079402923584,-0.7460317611694336,0.6190477609634399,1.0793652534484863,0.6984127163887024,1.3650795221328735
RESIDENTIALhouse_mesh6505,train,174,-0.047618985176086426,0.14285719394683838,-0.015872955322265625,0.04761910438537598,-0.3015872836112976,-0.015872955322265625,0.1904761791229248,0.0634920597076416,0.285714328289032
RESIDENTIALhouse_mesh6519,train,770,-0.682539701461792,0.7142858505249023,-0.4603174328804016,0.5873017311096191,-0.7460317611694336,0.777777910232544,1.3968255519866943,1.047619104385376,1.5238096714019775
RESIDENTIALhouse_mesh6521,train,145,-0.20634913444519043,0.11111116409301758,-0.07936501502990723,0.11111116409301758,-0.3650793433189392,0.04761910438537598,0.317460298538208,0.1904761791229248,0.4126984477043152
RESIDENTIALhouse_mesh6525,train,1616,-0.7460317611694336,0.6507937908172607,-0.2698412537574768,0.2698413133621216,-0.4285714030265808,0.5555557012557983,1.3968255519866943,0.5396825671195984,0.9841271042823792
RESIDENTIALhouse_mesh6537,train,461,-0.5238094925880432,0.5555557012557983,-0.39682537317276,0.4285714626312256,-0.7460317611694336,0.7460318803787231,1.0793652534484863,0.8253968358039856,1.4920636415481567
RESIDENTIALhouse_mesh6551,train,841,-0.6190475821495056,0.6507937908172607,-0.682539701461792,0.7142858505249023,-0.7460317611694336,0.777777910232544,1.2698414325714111,1.3968255519866943,1.5238096714019775
RESIDENTIALhouse_mesh6555,test,2001,-0.4285714030265808,0.4285714626312256,-0.20634913444519043,0.23809528350830078,-0.4920634627342224,0.5873017311096191,0.8571428656578064,0.4444444179534912,1.0793652534484863
RESIDENTIALhouse_mesh6561,train,1368,-0.3015872836112976,0.365079402923584,-0.17460310459136963,0.20634925365447998,-0.3650793433189392,0.5238096714019775,0.6666666865348816,0.3809523582458496,0.8888890147209167
RESIDENTIALhouse_mesh6574,train,2175,-0.555555522441864,0.5873017311096191,-0.4603174328804016,0.4920635223388672,-0.7460317611694336,0.777777910232544,1.142857313156128,0.9523809552192688,1.5238096714019775
RESIDENTIALhouse_mesh6578,train,1918,-0.7460317611694336,0.777777910232544,-0.4285714030265808,0.4603174924850464,-0.682539701461792,0.7142858505249023,1.5238096714019775,0.8888888955116272,1.3968255519866943
RESIDENTIALhouse_mesh6597,val,260,-0.2698412537574768,0.4920635223388672,-0.20634913444519043,0.23809528350830078,-0.015872955322265625,0.5238096714019775,0.761904776096344,0.4444444179534912,0.5396826267242432
RESIDENTIALhouse_mesh6604,train,999,-0.2698412537574768,0.3015873432159424,-0.047618985176086426,0.11111116409301758,-0.7460317611694336,0.777777910232544,0.5714285969734192,0.158730149269104,1.5238096714019775
RESIDENTIALhouse_mesh6610,val,7223,-0.6190475821495056,0.6190477609634399,-0.5238094925880432,0.5555557012557983,-0.7460317611694336,0.777777910232544,1.2380952835083008,1.0793652534484863,1.5238096714019775
RESIDENTIALhouse_mesh6614,train,498,-0.7460317611694336,0.777777910232544,-0.17460310459136963,0.20634925365447998,-0.5873015522956848,0.6190477609634399,1.5238096714019775,0.3809523582458496,1.2063493728637695
RESIDENTIALhouse_mesh6619,train,18274,-0.6507936716079712,0.7142858505249023,-0.555555522441864,0.5238096714019775,-0.7460317611694336,0.777777910232544,1.3650795221328735,1.0793652534484863,1.5238096714019775
RESIDENTIALhouse_mesh6622,train,683,-0.3333333134651184,0.365079402923584,-0.17460310459136963,0.17460322380065918,-0.7460317611694336,0.6507937908172607,0.6984127163887024,0.3492063283920288,1.3968255519866943
RESIDENTIALhouse_mesh6639,train,13826,-0.6190475821495056,0.6507937908172607,-0.17460310459136963,0.20634925365447998,-0.682539701461792,0.7460318803787231,1.2698414325714111,0.3809523582458496,1.4285715818405151
RESIDENTIALhouse_mesh6668,val,1363,-0.5238094925880432,0.5555557012557983,-0.11111104488372803,0.14285719394683838,0.04761910438537598,0.4920635223388672,1.0793652534484863,0.2539682388305664,0.4444444179534912
RESIDENTIALhouse_mesh6671,train,58,-0.20634913444519043,0.17460322380065918,-0.11111104488372803,0.17460322380065918,-0.4920634627342224,0.2698413133621216,0.3809523582458496,0.2857142686843872,0.761904776096344
RESIDENTIALhouse_mesh6677,train,485,-0.7460317611694336,0.2698413133621216,-0.17460310459136963,0.20634925365447998,-0.6190475821495056,0.6507937908172607,1.0158730745315552,0.3809523582458496,1.2698414325714111
RESIDENTIALhouse_mesh6689,train,34266,-0.7460317611694336,0.777777910232544,-0.4285714030265808,0.4285714626312256,-0.7142857313156128,0.7460318803787231,1.5238096714019775,0.8571428656578064,1.460317611694336
RESIDENTIALhouse_mesh6700,train,643,-0.7460317611694336,0.777777910232544,-0.4285714030265808,0.365079402923584,-0.682539701461792,0.6825398206710815,1.5238096714019775,0.7936508059501648,1.3650795221328735
RESIDENTIALhouse_mesh6728,test,3296,-0.7142857313156128,0.7142858505249023,-0.20634913444519043,0.23809528350830078,-0.2698412537574768,0.777777910232544,1.4285715818405151,0.4444444179534912,1.047619104385376
RESIDENTIALhouse_mesh6733,train,413,-0.682539701461792,0.6825398206710815,-0.14285707473754883,0.04761910438537598,-0.7142857313156128,0.6825398206710815,1.3650795221328735,0.1904761791229248,1.3968255519866943
RESIDENTIALhouse_mesh6737,val,5679,-0.6190475821495056,0.6825398206710815,-0.23809516429901123,0.20634925365447998,-0.3650793433189392,0.5238096714019775,1.3015873432159424,0.4444444179534912,0.8888890147209167
RESIDENTIALhouse_mesh6742,train,406,-0.7142857313156128,0.777777910232544,-0.07936501502990723,0.11111116409301758,-0.23809516429901123,0.6190477609634399,1.4920636415481567,0.1904761791229248,0.8571429252624512
RESIDENTIALhouse_mesh6751,train,916,-0.7460317611694336,0.777777910232544,-0.3650793433189392,0.3968254327774048,-0.5238094925880432,0.5873017311096191,1.5238096714019775,0.761904776096344,1.1111111640930176
RESIDENTIALhouse_mesh6762,train,297,-0.2698412537574768,0.20634925365447998,-0.11111104488372803,0.11111116409301758,-0.3015872836112976,0.5238096714019775,0.4761905074119568,0.2222222089767456,0.8253969550132751
RESIDENTIALhouse_mesh6775,train,3287,-0.7460317611694336,0.4603174924850464,-0.14285707473754883,0.17460322380065918,-0.3333333134651184,0.3968254327774048,1.20634925365448,0.317460298538208,0.7301587462425232
RESIDENTIALhouse_mesh6798,train,316,-0.7142857313156128,0.7460318803787231,-0.17460310459136963,0.17460322380065918,-0.7142857313156128,0.6825398206710815,1.460317611694336,0.3492063283920288,1.3968255519866943
RESIDENTIALhouse_mesh6803,train,134,-0.3015872836112976,0.4920635223388672,-0.23809516429901123,0.2698413133621216,-0.4285714030265808,0.4920635223388672,0.7936508059501648,0.5079364776611328,0.920634925365448
RESIDENTIALhouse_mesh6816,train,4007,-0.39682537317276,0.4285714626312256,-0.23809516429901123,0.23809528350830078,-0.7460317611694336,0.777777910232544,0.8253968358039856,0.476190447807312,1.5238096714019775
RESIDENTIALhouse_mesh6830,train,233,-0.39682537317276,0.5238096714019775,-0.07936501502990723,0.23809528350830078,-0.11111104488372803,0.7460318803787231,0.9206350445747375,0.317460298538208,0.8571429252624512
RESIDENTIALhouse_mesh6832,val,1106,-0.7460317611694336,0.5238096714019775,-0.11111104488372803,0.14285719394683838,-0.2698412537574768,0.3015873432159424,1.2698414325714111,0.2539682388305664,0.5714285969734192
RESIDENTIALhouse_mesh6837,train,370,-0.7460317611694336,0.20634925365447998,-0.23809516429901123,0.2698413133621216,-0.20634913444519043,0.3968254327774048,0.9523810148239136,0.5079364776611328,0.6031745672225952
RESIDENTIALhouse_mesh6840,train,6499,-0.5873015522956848,0.5555557012557983,-0.3333333134651184,0.365079402923584,-0.7460317611694336,0.777777910232544,1.142857313156128,0.6984127163887024,1.5238096714019775
RESIDENTIALhouse_mesh6883,train,512,-0.5238094925880432,0.5873017311096191,-0.14285707473754883,0.17460322380065918,-0.7460317611694336,0.777777910232544,1.1111111640930176,0.317460298538208,1.5238096714019775
RESIDENTIALhouse_mesh6891,train,593,-0.23809516429901123,0.07936513423919678,-0.23809516429901123,-0.047618985176086426,-0.047618985176086426,0.4920635223388672,0.317460298538208,0.1904761791229248,0.5396825075149536
RESIDENTIALhouse_mesh6897,train,2074,-0.7460317611694336,0.6825398206710815,-0.17460310459136963,0.17460322380065918,-0.682539701461792,0.6190477609634399,1.4285715818405151,0.3492063283920288,1.301587462425232
RESIDENTIALhouse_mesh6908,train,3263,-0.4920634627342224,0.5238096714019775,-0.3333333134651184,0.4285714626312256,-0.7460317611694336,0.777777910232544,1.0158731937408447,0.761904776096344,1.5238096714019775
RESIDENTIALhouse_mesh6929,train,6290,-0.555555522441864,0.6825398206710815,-0.23809516429901123,0.2698413133621216,-0.7460317611694336,0.5555557012557983,1.2380952835083008,0.5079364776611328,1.301587462425232
RESIDENTIALhouse_mesh6939,train,2899,-0.7142857313156128,0.777777910232544,-0.17460310459136963,0.17460322380065918,-0.555555522441864,0.4920635223388672,1.4920636415481567,0.3492063283920288,1.047619104385376
RESIDENTIALhouse_mesh6948,train,10976,-0.7460317611694336,0.777777910232544,-0.3650793433189392,0.3968254327774048,-0.6190475821495056,0.6507937908172607,1.5238096714019775,0.761904776096344,1.2698414325714111
RESIDENTIALhouse_mesh6952,train,512,-0.5873015522956848,0.6507937908172607,-0.23809516429901123,0.3333333730697632,-0.6507936716079712,0.7142858505249023,1.2380952835083008,0.5714285373687744,1.3650795221328735
RESIDENTIALhouse_mesh6960,train,1055,-0.5238094925880432,0.5873017311096191,-0.11111104488372803,0.14285719394683838,-0.3650793433189392,0.6190477609634399,1.1111111640930176,0.2539682388305664,0.9841271042823792
RESIDENTIALhouse_mesh6963,train,9745,-0.7460317611694336,0.7142858505249023,-0.20634913444519043,0.23809528350830078,-0.682539701461792,0.777777910232544,1.460317611694336,0.4444444179534912,1.460317611694336
RESIDENTIALhouse_mesh6995,val,978,-0.7460317611694336,0.777777910232544,-0.14285707473754883,0.17460322380065918,-0.39682537317276,0.3968254327774048,1.5238096714019775,0.317460298538208,0.7936508059501648
RESIDENTIALhouse_mesh6999,train,3523,-0.555555522441864,0.777777910232544,-0.17460310459136963,0.17460322380065918,-0.4603174328804016,0.4920635223388672,1.3333334922790527,0.3492063283920288,0.9523809552192688
RESIDENTIALhouse_mesh7024,train,1770,-0.3650793433189392,0.3968254327774048,-0.047618985176086426,0.04761910438537598,-0.7460317611694336,0.777777910232544,0.761904776096344,0.0952380895614624,1.5238096714019775
RESIDENTIALhouse_mesh7032,test,963,-0.4920634627342224,0.5238096714019775,-0.20634913444519043,0.20634925365447998,0.04761910438537598,0.777777910232544,1.0158731937408447,0.4126983880996704,0.730158805847168
RESIDENTIALhouse_mesh7037,train,200,-0.11111104488372803,0.4285714626312256,-0.14285707473754883,0.17460322380065918,-0.3333333134651184,0.2698413133621216,0.5396825075149536,0.317460298538208,0.60317462682724
RESIDENTIALhouse_mesh7074,train,635,-0.7460317611694336,0.777777910232544,-0.4285714030265808,0.4603174924850464,-0.6507936716079712,0.6825398206710815,1.5238096714019775,0.8888888955116272,1.3333334922790527
RESIDENTIALhouse_mesh7091,train,1741,-0.7460317611694336,0.777777910232544,-0.015872955322265625,0.23809528350830078,-0.4285714030265808,0.3968254327774048,1.5238096714019775,0.2539682388305664,0.8253968358039856
RESIDENTIALhouse_mesh7097,test,5754,-0.7460317611694336,0.5873017311096191,-0.20634913444519043,0.23809528350830078,-0.3650793433189392,0.365079402923584,1.3333334922790527,0.4444444179534912,0.7301587462425232
RESIDENTIALhouse_mesh7146,train,2145,-0.7460317611694336,0.7142858505249023,-0.39682537317276,0.4285714626312256,-0.5873015522956848,0.6190477609634399,1.460317611694336,0.8253968358039856,1.2063493728637695
RESIDENTIALhouse_mesh7166,train,425,-0.23809516429901123,0.2698413133621216,-0.14285707473754883,0.17460322380065918,-0.7460317611694336,0.4920635223388672,0.5079364776611328,0.317460298538208,1.2380952835083008
RESIDENTIALhouse_mesh7179,train,222,-0.682539701461792,0.6825398206710815,-0.3015872836112976,0.3333333730697632,-0.4920634627342224,0.5873017311096191,1.3650795221328735,0.6349206566810608,1.0793652534484863
RESIDENTIALhouse_mesh7187,train,3356,-0.7460317611694336,0.777777910232544,-0.14285707473754883,0.17460322380065918,-0.682539701461792,0.5873017311096191,1.5238096714019775,0.317460298538208,1.2698414325714111
RESIDENTIALhouse_mesh7199,train,486,-0.3650793433189392,0.3968254327774048,-0.17460310459136963,0.20634925365447998,-0.7460317611694336,0.777777910232544,0.761904776096344,0.3809523582458496,1.5238096714019775
RESIDENTIALhouse_mesh7205,train,1522,-0.555555522441864,0.6190477609634399,-0.4603174328804016,0.04761910438537598,-0.6190475821495056,0.4285714626312256,1.1746032238006592,0.5079365372657776,1.047619104385376
RESIDENTIALhouse_mesh7213,val,1934,-0.17460310459136963,0.17460322380065918,-0.23809516429901123,0.23809528350830078,-0.7460317611694336,0.7460318803787231,0.3492063283920288,0.476190447807312,1.4920636415481567
RESIDENTIALhouse_mesh7218,train,7079,-0.7460317611694336,0.777777910232544,-0.23809516429901123,0.2698413133621216,-0.6507936716079712,0.7142858505249023,1.5238096714019775,0.5079364776611328,1.3650795221328735
RESIDENTIALhouse_mesh7219,train,3914,-0.4603174328804016,0.5555557012557983,-0.14285707473754883,0.17460322380065918,-0.4603174328804016,0.365079402923584,1.0158731937408447,0.317460298538208,0.8253968358039856
RESIDENTIALhouse_mesh7222,train,6360,-0.3650793433189392,0.3968254327774048,-0.23809516429901123,0.2698413133621216,-0.7460317611694336,0.4603174924850464,0.761904776096344,0.5079364776611328,1.20634925365448
RESIDENTIALhouse_mesh7233,train,2225,-0.7460317611694336,0.777777910232544,-0.20634913444519043,0.20634925365447998,-0.5873015522956848,0.6190477609634399,1.5238096714019775,0.4126983880996704,1.2063493728637695
RESIDENTIALhouse_mesh7234,train,368,-0.7460317611694336,0.777777910232544,-0.14285707473754883,0.17460322380065918,-0.5873015522956848,0.6190477609634399,1.5238096714019775,0.317460298538208,1.2063493728637695
RESIDENTIALhouse_mesh7247,train,1607,-0.3333333134651184,0.3015873432159424,-0.11111104488372803,0.14285719394683838,-0.3015872836112976,0.365079402923584,0.6349206566810608,0.2539682388305664,0.6666666865348816
RESIDENTIALhouse_mesh7278,train,131,-0.07936501502990723,0.777777910232544,-0.23809516429901123,0.2698413133621216,-0.7142857313156128,0.015873074531555176,0.8571429252624512,0.5079364776611328,0.730158805847168
RESIDENTIALhouse_mesh7280,train,217,-0.7460317611694336,0.7460318803787231,-0.4920634627342224,0.5555557012557983,-0.4285714030265808,0.4603174924850464,1.4920636415481567,1.047619104385376,0.8888888955116272
RESIDENTIALhouse_mesh7286,test,1714,-0.7460317611694336,0.3333333730697632,-0.14285707473754883,0.17460322380065918,-0.7460317611694336,0.6190477609634399,1.0793651342391968,0.317460298538208,1.3650795221328735
RESIDENTIALhouse_mesh7297,train,1806,-0.3333333134651184,0.365079402923584,-0.23809516429901123,0.2698413133621216,-0.7460317611694336,0.777777910232544,0.6984127163887024,0.5079364776611328,1.5238096714019775
RESIDENTIALhouse_mesh7335,train,342,-0.6507936716079712,0.07936513423919678,-0.07936501502990723,0.14285719394683838,-0.39682537317276,0.4285714626312256,0.730158805847168,0.2222222089767456,0.8253968358039856
RESIDENTIALhouse_mesh7336,train,2202,-0.6190475821495056,0.777777910232544,-0.07936501502990723,0.11111116409301758,-0.3333333134651184,0.4285714626312256,1.3968255519866943,0.1904761791229248,0.761904776096344
RESIDENTIALhouse_mesh7344,train,2527,-0.7460317611694336,0.7142858505249023,-0.20634913444519043,0.23809528350830078,-0.682539701461792,0.777777910232544,1.460317611694336,0.4444444179534912,1.460317611694336
RESIDENTIALhouse_mesh7363,test,260,-0.3015872836112976,0.4920635223388672,-0.14285707473754883,0.2698413133621216,-0.4603174328804016,0.5555557012557983,0.7936508059501648,0.4126983880996704,1.0158731937408447
RESIDENTIALhouse_mesh7364,train,3551,-0.39682537317276,0.4603174924850464,-0.14285707473754883,0.23809528350830078,-0.7460317611694336,0.777777910232544,0.8571428656578064,0.3809523582458496,1.5238096714019775
RESIDENTIALhouse_mesh7369,train,6242,-0.5238094925880432,0.5555557012557983,-0.17460310459136963,0.17460322380065918,-0.4285714030265808,0.777777910232544,1.0793652534484863,0.3492063283920288,1.2063493728637695
RESIDENTIALhouse_mesh7377,train,1019,-0.7460317611694336,0.777777910232544,-0.17460310459136963,0.20634925365447998,-0.5238094925880432,0.5555557012557983,1.5238096714019775,0.3809523582458496,1.0793652534484863
RESIDENTIALhouse_mesh7395,train,418,-0.23809516429901123,0.2698413133621216,-0.11111104488372803,0.07936513423919678,-0.7460317611694336,0.11111116409301758,0.5079364776611328,0.1904761791229248,0.8571429252624512
RESIDENTIALhouse_mesh7426,test,831,-0.3333333134651184,0.365079402923584,-0.11111104488372803,0.14285719394683838,-0.7460317611694336,0.777777910232544,0.6984127163887024,0.2539682388305664,1.5238096714019775
RESIDENTIALhouse_mesh7439,train,1263,-0.7142857313156128,0.6825398206710815,-0.14285707473754883,0.17460322380065918,-0.39682537317276,0.3968254327774048,1.3968255519866943,0.317460298538208,0.7936508059501648
RESIDENTIALhouse_mesh7447,train,1970,-0.7460317611694336,0.777777910232544,-0.3015872836112976,0.3333333730697632,-0.6190475821495056,0.6825398206710815,1.5238096714019775,0.6349206566810608,1.3015873432159424
RESIDENTIALhouse_mesh7465,train,1590,-0.11111104488372803,0.14285719394683838,-0.14285707473754883,0.17460322380065918,-0.7460317611694336,0.4920635223388672,0.2539682388305664,0.317460298538208,1.2380952835083008
RESIDENTIALhouse_mesh7470,train,7327,-0.5873015522956848,0.6190477609634399,-0.20634913444519043,0.23809528350830078,-0.7460317611694336,0.777777910232544,1.2063493728637695,0.4444444179534912,1.5238096714019775
RESIDENTIALhouse_mesh7474,train,3047,-0.555555522441864,0.5873017311096191,-0.14285707473754883,0.14285719394683838,-0.5873015522956848,0.6507937908172607,1.142857313156128,0.2857142686843872,1.2380952835083008
RESIDENTIALhouse_mesh7477,train,7940,-0.4285714030265808,0.5873017311096191,-0.20634913444519043,0.23809528350830078,-0.7460317611694336,0.777777910232544,1.0158731937408447,0.4444444179534912,1.5238096714019775
RESIDENTIALhouse_mesh7485,train,22086,-0.7460317611694336,0.777777910232544,-0.39682537317276,0.4285714626312256,-0.4285714030265808,0.4920635223388672,1.5238096714019775,0.8253968358039856,0.920634925365448
RESIDENTIALhouse_mesh7487,train,3422,-0.682539701461792,0.3015873432159424,-0.17460310459136963,0.20634925365447998,-0.4285714030265808,0.4603174924850464,0.9841270446777344,0.3809523582458496,0.8888888955116272
RESIDENTIALhouse_mesh7489,train,180,-0.17460310459136963,0.3333333730697632,-0.047618985176086426,0.07936513423919678,0.23809528350830078,0.6507937908172607,0.5079364776611328,0.1269841194152832,0.41269850730895996
RESIDENTIALhouse_mesh7499,train,1649,-0.3333333134651184,0.365079402923584,-0.20634913444519043,0.015873074531555176,-0.5238094925880432,0.2698413133621216,0.6984127163887024,0.2222222089767456,0.7936508059501648
RESIDENTIALhouse_mesh7526,train,3907,-0.682539701461792,0.7142858505249023,-0.3650793433189392,0.365079402923584,-0.7460317611694336,0.777777910232544,1.3968255519866943,0.7301587462425232,1.5238096714019775
RESIDENTIALhouse_mesh7537,train,5481,-0.7460317611694336,0.4603174924850464,-0.3650793433189392,0.3968254327774048,-0.6507936716079712,0.5238096714019775,1.20634925365448,0.761904776096344,1.1746033430099487
RESIDENTIALhouse_mesh7553,train,358,-0.3333333134651184,0.365079402923584,-0.5238094925880432,0.5555557012557983,-0.7460317611694336,0.777777910232544,0.6984127163887024,1.0793652534484863,1.5238096714019775
RESIDENTIALhouse_mesh7555,train,386,-0.3650793433189392,0.7142858505249023,-0.11111104488372803,0.14285719394683838,-0.7142857313156128,0.23809528350830078,1.0793652534484863,0.2539682388305664,0.9523810148239136
RESIDENTIALhouse_mesh7563,test,978,-0.7142857313156128,0.5873017311096191,-0.20634913444519043,0.23809528350830078,-0.6507936716079712,0.4285714626312256,1.301587462425232,0.4444444179534912,1.0793651342391968
RESIDENTIALhouse_mesh7568,train,4853,-0.3015872836112976,0.3333333730697632,-0.20634913444519043,0.23809528350830078,-0.7460317611694336,0.777777910232544,0.6349206566810608,0.4444444179534912,1.5238096714019775
RESIDENTIALhouse_mesh7571,train,1928,-0.6507936716079712,0.6825398206710815,-0.20634913444519043,0.23809528350830078,-0.3650793433189392,0.4285714626312256,1.3333334922790527,0.4444444179534912,0.7936508059501648
RESIDENTIALhouse_mesh7583,test,1098,-0.6507936716079712,0.7142858505249023,-0.23809516429901123,0.23809528350830078,-0.7460317611694336,0.6190477609634399,1.3650795221328735,0.476190447807312,1.3650795221328735
RESIDENTIALhouse_mesh7595,train,281,-0.4603174328804016,0.4920635223388672,-0.14285707473754883,0.17460322380065918,-0.6190475821495056,0.3015873432159424,0.9523809552192688,0.317460298538208,0.920634925365448
RESIDENTIALhouse_mesh7622,train,1492,-0.3650793433189392,0.5555557012557983,-0.23809516429901123,0.2698413133621216,-0.4603174328804016,0.3968254327774048,0.9206350445747375,0.5079364776611328,0.8571428656578064
RESIDENTIALhouse_mesh7637,train,761,-0.11111104488372803,0.14285719394683838,0.015873074531555176,0.4285714626312256,-0.3333333134651184,0.20634925365447998,0.2539682388305664,0.4126983880996704,0.5396825671195984
RESIDENTIALhouse_mesh7641,train,194,-0.555555522441864,0.5873017311096191,-0.3650793433189392,0.3968254327774048,-0.7460317611694336,0.777777910232544,1.142857313156128,0.761904776096344,1.5238096714019775
RESIDENTIALhouse_mesh7686,train,454,-0.682539701461792,0.7460318803787231,-0.3333333134651184,0.365079402923584,-0.555555522441864,0.777777910232544,1.4285715818405151,0.6984127163887024,1.3333334922790527
RESIDENTIALhouse_mesh7765,train,359,-0.7460317611694336,0.777777910232544,-0.39682537317276,0.4285714626312256,-0.7142857313156128,0.7460318803787231,1.5238096714019775,0.8253968358039856,1.460317611694336
RESIDENTIALhouse_mesh7780,train,45,-0.4603174328804016,0.2698413133621216,-0.11111104488372803,-0.015872955322265625,-0.2698412537574768,0.20634925365447998,0.7301587462425232,0.0952380895614624,0.4761905074119568
RESIDENTIALhouse_mesh7783,train,620,-0.5873015522956848,0.6190477609634399,-0.682539701461792,0.7142858505249023,-0.7460317611694336,0.777777910232544,1.2063493728637695,1.3968255519866943,1.5238096714019775
RESIDENTIALhouse_mesh7790,train,569,-0.7142857313156128,0.7460318803787231,-0.3333333134651184,0.365079402923584,-0.7460317611694336,0.5873017311096191,1.460317611694336,0.6984127163887024,1.3333334922790527
RESIDENTIALhouse_mesh7792,train,3322,-0.4920634627342224,0.5238096714019775,-0.4920634627342224,0.5238096714019775,-0.7460317611694336,0.777777910232544,1.0158731937408447,1.0158731937408447,1.5238096714019775
RESIDENTIALhouse_mesh7793,test,1271,-0.2698412537574768,0.3015873432159424,-0.20634913444519043,0.23809528350830078,-0.7460317611694336,0.777777910232544,0.5714285969734192,0.4444444179534912,1.5238096714019775
RESIDENTIALhouse_mesh7796,val,473,-0.17460310459136963,0.777777910232544,-0.2698412537574768,0.3015873432159424,-0.682539701461792,0.6507937908172607,0.9523810148239136,0.5714285969734192,1.3333334922790527
RESIDENTIALhouse_mesh7799,train,4523,-0.6190475821495056,0.5873017311096191,-0.17460310459136963,0.17460322380065918,-0.3650793433189392,0.4603174924850464,1.2063493728637695,0.3492063283920288,0.8253968358039856
RESIDENTIALhouse_mesh7806,train,20053,-0.7460317611694336,0.777777910232544,-0.3333333134651184,0.365079402923584,-0.2698412537574768,0.777777910232544,1.5238096714019775,0.6984127163887024,1.047619104385376
RESIDENTIALhouse_mesh7862,train,5915,-0.682539701461792,0.777777910232544,-0.20634913444519043,0.20634925365447998,-0.4603174328804016,0.3968254327774048,1.460317611694336,0.4126983880996704,0.8571428656578064
RESIDENTIALhouse_mesh7882,val,8931,-0.7460317611694336,0.777777910232544,-0.2698412537574768,0.3015873432159424,-0.5873015522956848,0.6190477609634399,1.5238096714019775,0.5714285969734192,1.2063493728637695
RESIDENTIALhouse_mesh7889,val,3375,-0.7460317611694336,-0.07936501502990723,-0.14285707473754883,0.17460322380065918,-0.4603174328804016,0.365079402923584,0.6666667461395264,0.317460298538208,0.8253968358039856
RESIDENTIALhouse_mesh7890,train,2113,-0.3650793433189392,0.3968254327774048,-0.3333333134651184,0.3333333730697632,-0.7460317611694336,0.777777910232544,0.761904776096344,0.6666666865348816,1.5238096714019775
RESIDENTIALhouse_mesh7901,train,821,-0.682539701461792,0.04761910438537598,-0.07936501502990723,0.14285719394683838,-0.3650793433189392,0.11111116409301758,0.730158805847168,0.2222222089767456,0.4761905074119568
RESIDENTIALhouse_mesh7907,test,827,-0.7142857313156128,0.7460318803787231,-0.07936501502990723,0.11111116409301758,-0.7460317611694336,0.777777910232544,1.460317611694336,0.1904761791229248,1.5238096714019775
RESIDENTIALhouse_mesh7919,train,15374,-0.7460317611694336,0.777777910232544,-0.23809516429901123,0.23809528350830078,-0.7142857313156128,0.7460318803787231,1.5238096714019775,0.476190447807312,1.460317611694336
RESIDENTIALhouse_mesh7920,val,639,-0.5238094925880432,0.5555557012557983,-0.17460310459136963,0.14285719394683838,-0.7460317611694336,0.777777910232544,1.0793652534484863,0.317460298538208,1.5238096714019775
RESIDENTIALhouse_mesh7925,train,330,-0.4920634627342224,0.07936513423919678,-0.11111104488372803,0.14285719394683838,-0.39682537317276,0.4285714626312256,0.5714285969734192,0.2539682388305664,0.8253968358039856
RESIDENTIALhouse_mesh7943,train,2864,-0.6190475821495056,0.6507937908172607,-0.39682537317276,0.4285714626312256,-0.7460317611694336,0.777777910232544,1.2698414325714111,0.8253968358039856,1.5238096714019775
RESIDENTIALhouse_mesh7965,train,2142,-0.3015872836112976,0.4603174924850464,-0.2698412537574768,0.3015873432159424,-0.7460317611694336,0.11111116409301758,0.761904776096344,0.5714285969734192,0.8571429252624512
RESIDENTIALhouse_mesh7966,train,654,-0.5238094925880432,0.5873017311096191,-0.3015872836112976,0.3333333730697632,-0.7460317611694336,0.7460318803787231,1.1111111640930176,0.6349206566810608,1.4920636415481567
RESIDENTIALhouse_mesh8022,val,2780,-0.555555522441864,0.6825398206710815,-0.20634913444519043,0.23809528350830078,-0.7142857313156128,0.5873017311096191,1.2380952835083008,0.4444444179534912,1.301587462425232
RESIDENTIALhouse_mesh8023,test,3003,-0.7142857313156128,0.7460318803787231,-0.3015872836112976,0.3333333730697632,-0.7460317611694336,0.777777910232544,1.460317611694336,0.6349206566810608,1.5238096714019775
RESIDENTIALhouse_mesh8041,train,2412,-0.3650793433189392,0.777777910232544,-0.07936501502990723,0.11111116409301758,-0.5238094925880432,0.4285714626312256,1.142857313156128,0.1904761791229248,0.9523809552192688
RESIDENTIALhouse_mesh8042,train,149,-0.4920634627342224,0.5238096714019775,-0.20634913444519043,0.23809528350830078,-0.7460317611694336,0.777777910232544,1.0158731937408447,0.4444444179534912,1.5238096714019775
RESIDENTIALhouse_mesh8086,train,238,-0.3015872836112976,0.3333333730697632,-0.4603174328804016,0.4920635223388672,-0.7142857313156128,0.777777910232544,0.6349206566810608,0.9523809552192688,1.4920636415481567
RESIDENTIALhouse_mesh8097,train,4853,-0.6190475821495056,0.777777910232544,-0.14285707473754883,0.17460322380065918,-0.39682537317276,0.4285714626312256,1.3968255519866943,0.317460298538208,0.8253968358039856
RESIDENTIALhouse_mesh8102,train,2809,-0.7460317611694336,0.777777910232544,-0.17460310459136963,0.20634925365447998,-0.4285714030265808,0.4285714626312256,1.5238096714019775,0.3809523582458496,0.8571428656578064
RESIDENTIALhouse_mesh8115,train,567,-0.23809516429901123,0.14285719394683838,-0.11111104488372803,0.14285719394683838,-0.7460317611694336,0.777777910232544,0.3809523582458496,0.2539682388305664,1.5238096714019775
RESIDENTIALhouse_mesh8131,val,763,-0.7460317611694336,0.777777910232544,-0.20634913444519043,0.23809528350830078,-0.23809516429901123,0.2698413133621216,1.5238096714019775,0.4444444179534912,0.5079364776611328
RESIDENTIALhouse_mesh8132,train,645,-0.555555522441864,0.5873017311096191,-0.4285714030265808,0.4920635223388672,-0.6190475821495056,0.777777910232544,1.142857313156128,0.920634925365448,1.3968255519866943
RESIDENTIALhouse_mesh8138,train,9999,-0.7460317611694336,0.777777910232544,-0.3015872836112976,0.3333333730697632,-0.682539701461792,0.7142858505249023,1.5238096714019775,0.6349206566810608,1.3968255519866943
RESIDENTIALhouse_mesh8147,train,1549,-0.7460317611694336,0.5238096714019775,-0.3015872836112976,0.3333333730697632,-0.3650793433189392,0.3968254327774048,1.2698414325714111,0.6349206566810608,0.761904776096344
RESIDENTIALhouse_mesh8149,train,16404,-0.7460317611694336,0.6825398206710815,-0.4285714030265808,0.4603174924850464,-0.4920634627342224,0.4285714626312256,1.4285715818405151,0.8888888955116272,0.920634925365448
RESIDENTIALhouse_mesh8157,val,936,-0.6190475821495056,0.3015873432159424,-0.17460310459136963,0.11111116409301758,-0.3650793433189392,0.20634925365447998,0.920634925365448,0.2857142686843872,0.5714285969734192
RESIDENTIALhouse_mesh8169,train,104,0.07936513423919678,0.5873017311096191,-0.07936501502990723,0.11111116409301758,-0.23809516429901123,0.23809528350830078,0.5079365968704224,0.1904761791229248,0.476190447807312
RESIDENTIALhouse_mesh8192,train,1180,-0.6190475821495056,0.6507937908172607,-0.4603174328804016,0.4603174924850464,-0.7460317611694336,0.6825398206710815,1.2698414325714111,0.920634925365448,1.4285715818405151
RESIDENTIALhouse_mesh8215,train,521,-0.39682537317276,0.5555557012557983,-0.14285707473754883,0.17460322380065918,-0.5238094925880432,0.5238096714019775,0.9523810744285583,0.317460298538208,1.047619104385376
RESIDENTIALhouse_mesh8221,train,7856,-0.7142857313156128,0.777777910232544,-0.23809516429901123,0.2698413133621216,-0.7142857313156128,0.7460318803787231,1.4920636415481567,0.5079364776611328,1.460317611694336
RESIDENTIALhouse_mesh8226,train,408,-0.17460310459136963,0.23809528350830078,-0.11111104488372803,0.14285719394683838,-0.2698412537574768,0.4603174924850464,0.4126983880996704,0.2539682388305664,0.7301587462425232
RESIDENTIALhouse_mesh8240,train,10187,-0.5873015522956848,0.6190477609634399,-0.5873015522956848,0.6190477609634399,-0.7460317611694336,0.777777910232544,1.2063493728637695,1.2063493728637695,1.5238096714019775
RESIDENTIALhouse_mesh8262,train,64,-0.3650793433189392,0.2698413133621216,-0.23809516429901123,-0.07936501502990723,-0.4603174328804016,0.3015873432159424,0.6349206566810608,0.158730149269104,0.761904776096344
RESIDENTIALhouse_mesh8280,test,770,-0.3333333134651184,0.4920635223388672,-0.14285707473754883,-0.015872955322265625,-0.3650793433189392,0.4285714626312256,0.8253968358039856,0.1269841194152832,0.7936508059501648
RESIDENTIALhouse_mesh8290,train,3660,-0.6507936716079712,0.4285714626312256,-0.17460310459136963,0.20634925365447998,-0.555555522441864,0.777777910232544,1.0793651342391968,0.3809523582458496,1.3333334922790527
RESIDENTIALhouse_mesh8294,train,1460,-0.2698412537574768,0.3333333730697632,-0.20634913444519043,0.23809528350830078,-0.7460317611694336,0.4285714626312256,0.60317462682724,0.4444444179534912,1.1746032238006592
RESIDENTIALhouse_mesh8299,train,151,-0.7142857313156128,0.3968254327774048,-0.11111104488372803,0.11111116409301758,-0.7460317611694336,0.7142858505249023,1.1111111640930176,0.2222222089767456,1.460317611694336
RESIDENTIALhouse_mesh8304,test,100,-0.3015872836112976,0.365079402923584,-0.07936501502990723,0.11111116409301758,0.04761910438537598,0.777777910232544,0.6666666865348816,0.1904761791229248,0.730158805847168
RESIDENTIALhouse_mesh8326,train,21948,-0.7460317611694336,0.777777910232544,-0.4285714030265808,0.4603174924850464,-0.7142857313156128,0.7460318803787231,1.5238096714019775,0.8888888955116272,1.460317611694336
RESIDENTIALhouse_mesh8372,train,940,-0.3650793433189392,0.3968254327774048,-0.11111104488372803,0.14285719394683838,-0.7460317611694336,0.7142858505249023,0.761904776096344,0.2539682388305664,1.460317611694336
RESIDENTIALhouse_mesh8375,train,137,-0.6190475821495056,0.5873017311096191,-0.5238094925880432,0.2698413133621216,-0.555555522441864,0.5555557012557983,1.2063493728637695,0.7936508059501648,1.1111111640930176
RESIDENTIALhouse_mesh8400,val,342,-0.6507936716079712,0.07936513423919678,-0.07936501502990723,0.14285719394683838,-0.39682537317276,0.4285714626312256,0.730158805847168,0.2222222089767456,0.8253968358039856
RESIDENTIALhouse_mesh8406,test,17535,-0.5873015522956848,0.6190477609634399,-0.39682537317276,0.4285714626312256,-0.682539701461792,0.5238096714019775,1.2063493728637695,0.8253968358039856,1.2063493728637695
RESIDENTIALhouse_mesh8430,test,875,-0.3333333134651184,0.365079402923584,-0.11111104488372803,0.17460322380065918,-0.6507936716079712,0.5555557012557983,0.6984127163887024,0.2857142686843872,1.2063493728637695
RESIDENTIALhouse_mesh8433,train,299,-0.7460317611694336,0.5873017311096191,-0.07936501502990723,0.20634925365447998,-0.555555522441864,0.3015873432159424,1.3333334922790527,0.2857142686843872,0.8571428656578064
RESIDENTIALhouse_mesh8435,train,128,-0.5238094925880432,-0.14285707473754883,-0.3333333134651184,0.4603174924850464,-0.682539701461792,0.777777910232544,0.3809524178504944,0.7936508059501648,1.460317611694336
RESIDENTIALhouse_mesh8439,test,281,-0.7460317611694336,0.777777910232544,-0.17460310459136963,0.20634925365447998,-0.6190475821495056,0.6507937908172607,1.5238096714019775,0.3809523582458496,1.2698414325714111
RESIDENTIALhouse_mesh8443,train,5142,-0.7142857313156128,0.7460318803787231,-0.6507936716079712,0.6825398206710815,-0.7460317611694336,0.777777910232544,1.460317611694336,1.3333334922790527,1.5238096714019775
RESIDENTIALhouse_mesh8452,val,6075,-0.7142857313156128,0.7460318803787231,-0.23809516429901123,0.2698413133621216,-0.4920634627342224,0.5238096714019775,1.460317611694336,0.5079364776611328,1.0158731937408447
RESIDENTIALhouse_mesh8494,train,1077,-0.5238094925880432,0.2698413133621216,-0.14285707473754883,0.17460322380065918,-0.17460310459136963,0.777777910232544,0.7936508059501648,0.317460298538208,0.9523810148239136
RESIDENTIALhouse_mesh8520,train,119,-0.20634913444519043,0.5238096714019775,-0.20634913444519043,0.23809528350830078,-0.4920634627342224,0.23809528350830078,0.730158805847168,0.4444444179534912,0.7301587462425232
RESIDENTIALhouse_mesh8525,test,12692,-0.7460317611694336,0.777777910232544,-0.3015872836112976,0.3333333730697632,-0.682539701461792,0.7142858505249023,1.5238096714019775,0.6349206566810608,1.3968255519866943
RESIDENTIALhouse_mesh8528,train,1160,-0.7460317611694336,0.5238096714019775,-0.2698412537574768,0.2698413133621216,-0.5873015522956848,0.6190477609634399,1.2698414325714111,0.5396825671195984,1.2063493728637695
RESIDENTIALhouse_mesh8532,train,3246,-0.6507936716079712,0.6825398206710815,-0.4285714030265808,0.4603174924850464,-0.7460317611694336,0.7460318803787231,1.3333334922790527,0.8888888955116272,1.4920636415481567
RESIDENTIALhouse_mesh8547,train,2854,-0.39682537317276,0.4285714626312256,-0.23809516429901123,0.2698413133621216,-0.7460317611694336,0.777777910232544,0.8253968358039856,0.5079364776611328,1.5238096714019775
RESIDENTIALhouse_mesh8596,train,3501,-0.3015872836112976,0.5238096714019775,-0.20634913444519043,0.23809528350830078,-0.5873015522956848,0.3333333730697632,0.8253969550132751,0.4444444179534912,0.920634925365448
RESIDENTIALhouse_mesh8602,val,510,-0.4603174328804016,0.4920635223388672,-0.39682537317276,0.4285714626312256,-0.7460317611694336,0.777777910232544,0.9523809552192688,0.8253968358039856,1.5238096714019775
RESIDENTIALhouse_mesh8607,train,961,-0.682539701461792,0.777777910232544,-0.23809516429901123,0.2698413133621216,-0.5238094925880432,0.3968254327774048,1.460317611694336,0.5079364776611328,0.920634925365448
RESIDENTIALhouse_mesh8612,train,516,-0.7460317611694336,0.777777910232544,-0.4603174328804016,0.4920635223388672,-0.5873015522956848,0.6190477609634399,1.5238096714019775,0.9523809552192688,1.2063493728637695
RESIDENTIALhouse_mesh8644,train,919,-0.5873015522956848,0.6507937908172607,-0.17460310459136963,0.20634925365447998,-0.7460317611694336,0.6507937908172607,1.2380952835083008,0.3809523582458496,1.3968255519866943
RESIDENTIALhouse_mesh8649,train,194,-0.39682537317276,0.4285714626312256,-0.07936501502990723,0.11111116409301758,-0.4285714030265808,0.4603174924850464,0.8253968358039856,0.1904761791229248,0.8888888955116272
RESIDENTIALhouse_mesh8672,train,1161,-0.3333333134651184,0.17460322380065918,-0.14285707473754883,0.17460322380065918,-0.6507936716079712,0.777777910232544,0.5079365372657776,0.317460298538208,1.4285715818405151
RESIDENTIALhouse_mesh8696,train,1564,-0.7142857313156128,0.777777910232544,-0.07936501502990723,0.14285719394683838,-0.3015872836112976,0.365079402923584,1.4920636415481567,0.2222222089767456,0.6666666865348816
RESIDENTIALhouse_mesh8708,test,622,-0.20634913444519043,0.23809528350830078,-0.11111104488372803,0.14285719394683838,-0.17460310459136963,0.777777910232544,0.4444444179534912,0.2539682388305664,0.9523810148239136
RESIDENTIALhouse_mesh8726,train,512,-0.3650793433189392,0.3968254327774048,-0.14285707473754883,0.17460322380065918,-0.6190475821495056,0.4603174924850464,0.761904776096344,0.317460298538208,1.0793650150299072
RESIDENTIALhouse_mesh8732,train,1495,-0.6507936716079712,0.6825398206710815,-0.2698412537574768,0.3015873432159424,-0.4603174328804016,0.6507937908172607,1.3333334922790527,0.5714285969734192,1.1111111640930176
RESIDENTIALhouse_mesh8733,train,9106,-0.7460317611694336,0.7460318803787231,-0.3333333134651184,0.365079402923584,-0.6190475821495056,0.6190477609634399,1.4920636415481567,0.6984127163887024,1.2380952835083008
RESIDENTIALhouse_mesh8738,train,332,-0.7460317611694336,0.777777910232544,-0.3333333134651184,0.365079402923584,-0.4603174328804016,0.4920635223388672,1.5238096714019775,0.6984127163887024,0.9523809552192688
RESIDENTIALhouse_mesh8772,train,4367,-0.39682537317276,0.4920635223388672,-0.11111104488372803,0.14285719394683838,-0.7460317611694336,0.777777910232544,0.8888888955116272,0.2539682388305664,1.5238096714019775
RESIDENTIALhouse_mesh8806,train,122,-0.17460310459136963,0.5238096714019775,-0.17460310459136963,0.14285719394683838,-0.7460317611694336,-0.11111104488372803,0.6984127759933472,0.317460298538208,0.6349207162857056
RESIDENTIALhouse_mesh8812,val,13238,-0.555555522441864,0.5873017311096191,-0.555555522441864,0.5873017311096191,-0.7460317611694336,0.777777910232544,1.142857313156128,1.142857313156128,1.5238096714019775
RESIDENTIALhouse_mesh8823,train,733,-0.3650793433189392,0.23809528350830078,-0.11111104488372803,0.14285719394683838,-0.5238094925880432,0.5555557012557983,0.60317462682724,0.2539682388305664,1.0793652534484863
RESIDENTIALhouse_mesh8832,test,343,-0.7460317611694336,0.777777910232544,-0.17460310459136963,0.20634925365447998,-0.3015872836112976,0.3333333730697632,1.5238096714019775,0.3809523582458496,0.6349206566810608
RESIDENTIALhouse_mesh8882,train,2316,-0.7460317611694336,0.777777910232544,-0.3015872836112976,0.3333333730697632,-0.3333333134651184,0.365079402923584,1.5238096714019775,0.6349206566810608,0.6984127163887024
RESIDENTIALhouse_mesh8886,train,230,-0.3015872836112976,0.3333333730697632,-0.23809516429901123,0.2698413133621216,-0.6507936716079712,0.5873017311096191,0.6349206566810608,0.5079364776611328,1.2380954027175903
RESIDENTIALhouse_mesh8894,train,154,-0.4285714030265808,-0.047618985176086426,-0.17460310459136963,-0.11111104488372803,0.20634925365447998,0.777777910232544,0.3809524178504944,0.0634920597076416,0.571428656578064
RESIDENTIALhouse_mesh8895,train,936,-0.555555522441864,0.23809528350830078,-0.11111104488372803,0.14285719394683838,0.11111116409301758,0.6507937908172607,0.7936508059501648,0.2539682388305664,0.5396826267242432
RESIDENTIALhouse_mesh8900,train,5243,-0.7460317611694336,0.777777910232544,-0.5238094925880432,0.6190477609634399,-0.6190475821495056,0.6507937908172607,1.5238096714019775,1.142857313156128,1.2698414325714111
RESIDENTIALhouse_mesh8917,val,2039,-0.6190475821495056,0.4603174924850464,-0.20634913444519043,0.23809528350830078,-0.682539701461792,0.6825398206710815,1.0793650150299072,0.4444444179534912,1.3650795221328735
RESIDENTIALhouse_mesh8918,train,1244,-0.7460317611694336,0.777777910232544,-0.4285714030265808,0.4603174924850464,-0.555555522441864,0.6190477609634399,1.5238096714019775,0.8888888955116272,1.1746032238006592
RESIDENTIALhouse_mesh8951,train,7386,-0.682539701461792,0.7142858505249023,-0.3650793433189392,0.3968254327774048,-0.7460317611694336,0.777777910232544,1.3968255519866943,0.761904776096344,1.5238096714019775
RESIDENTIALhouse_mesh9001,train,105,-0.7460317611694336,0.23809528350830078,-0.17460310459136963,0.14285719394683838,-0.4920634627342224,0.14285719394683838,0.9841270446777344,0.317460298538208,0.6349206566810608
RESIDENTIALhouse_mesh9002,train,1303,-0.7142857313156128,0.7460318803787231,-0.14285707473754883,0.17460322380065918,-0.4603174328804016,0.4920635223388672,1.460317611694336,0.317460298538208,0.9523809552192688
RESIDENTIALhouse_mesh9022,train,942,-0.555555522441864,0.5873017311096191,-0.20634913444519043,0.23809528350830078,-0.7460317611694336,0.7460318803787231,1.142857313156128,0.4444444179534912,1.4920636415481567
RESIDENTIALhouse_mesh9023,val,7615,-0.7460317611694336,0.777777910232544,-0.4920634627342224,0.5238096714019775,-0.5238094925880432,0.5555557012557983,1.5238096714019775,1.0158731937408447,1.0793652534484863
RESIDENTIALhouse_mesh9071,train,11980,-0.7460317611694336,0.777777910232544,-0.3015872836112976,0.3333333730697632,-0.555555522441864,0.3333333730697632,1.5238096714019775,0.6349206566810608,0.8888888955116272
RESIDENTIALhouse_mesh9098,train,10128,-0.555555522441864,0.5873017311096191,-0.4920634627342224,0.5238096714019775,-0.7460317611694336,0.777777910232544,1.142857313156128,1.0158731937408447,1.5238096714019775
RESIDENTIALhouse_mesh9102,train,478,-0.6507936716079712,0.7142858505249023,-0.23809516429901123,0.2698413133621216,-0.7460317611694336,0.5873017311096191,1.3650795221328735,0.5079364776611328,1.3333334922790527
RESIDENTIALhouse_mesh9127,train,9501,-0.5873015522956848,0.6825398206710815,-0.4603174328804016,0.4920635223388672,-0.6190475821495056,0.7142858505249023,1.2698414325714111,0.9523809552192688,1.3333334922790527
RESIDENTIALhouse_mesh9138,train,26992,-0.7460317611694336,0.777777910232544,-0.39682537317276,0.4603174924850464,-0.7142857313156128,0.777777910232544,1.5238096714019775,0.8571428656578064,1.4920636415481567
RESIDENTIALhouse_mesh9145,train,670,-0.7460317611694336,0.777777910232544,-0.23809516429901123,0.20634925365447998,-0.4920634627342224,0.5238096714019775,1.5238096714019775,0.4444444179534912,1.0158731937408447
RESIDENTIALhouse_mesh9153,train,8000,-0.6190475821495056,0.6507937908172607,-0.2698412537574768,0.3015873432159424,-0.7460317611694336,0.777777910232544,1.2698414325714111,0.5714285969734192,1.5238096714019775
RESIDENTIALhouse_mesh9170,train,2338,-0.7460317611694336,0.3968254327774048,-0.23809516429901123,0.14285719394683838,-0.6507936716079712,0.6825398206710815,1.1428571939468384,0.3809523582458496,1.3333334922790527
RESIDENTIALhouse_mesh9175,train,909,-0.3015872836112976,0.2698413133621216,-0.17460310459136963,0.20634925365447998,-0.7460317611694336,0.5873017311096191,0.5714285969734192,0.3809523582458496,1.3333334922790527
RESIDENTIALhouse_mesh9176,val,780,-0.5873015522956848,0.6190477609634399,-0.23809516429901123,0.2698413133621216,-0.7460317611694336,0.777777910232544,1.2063493728637695,0.5079364776611328,1.5238096714019775
RESIDENTIALhouse_mesh9188,train,1978,-0.2698412537574768,0.23809528350830078,-0.11111104488372803,0.14285719394683838,-0.2698412537574768,0.4603174924850464,0.5079365372657776,0.2539682388305664,0.7301587462425232
RESIDENTIALhouse_mesh9196,train,386,-0.7142857313156128,0.7460318803787231,-0.3333333134651184,0.3968254327774048,-0.7142857313156128,0.7460318803787231,1.460317611694336,0.7301587462425232,1.460317611694336
RESIDENTIALhouse_mesh9227,train,18813,-0.7460317611694336,0.777777910232544,-0.3015872836112976,0.3333333730697632,-0.6190475821495056,0.6507937908172607,1.5238096714019775,0.6349206566810608,1.2698414325714111
RESIDENTIALhouse_mesh9233,train,2278,-0.7460317611694336,0.7460318803787231,-0.14285707473754883,0.17460322380065918,-0.682539701461792,0.7142858505249023,1.4920636415481567,0.317460298538208,1.3968255519866943
RESIDENTIALhouse_mesh9278,train,4401,-0.5873015522956848,0.6190477609634399,-0.3015872836112976,0.3333333730697632,-0.6507936716079712,0.3968254327774048,1.2063493728637695,0.6349206566810608,1.047619104385376
RESIDENTIALhouse_mesh9298,train,1014,-0.7460317611694336,0.7460318803787231,-0.3015872836112976,0.07936513423919678,-0.3650793433189392,0.4285714626312256,1.4920636415481567,0.3809524178504944,0.7936508059501648
RESIDENTIALhouse_mesh9307,train,9094,-0.555555522441864,0.5873017311096191,-0.3015872836112976,0.3333333730697632,-0.4920634627342224,0.5238096714019775,1.142857313156128,0.6349206566810608,1.0158731937408447
RESIDENTIALhouse_mesh9313,train,5500,-0.2698412537574768,0.365079402923584,-0.20634913444519043,0.23809528350830078,-0.7142857313156128,0.7142858505249023,0.6349206566810608,0.4444444179534912,1.4285715818405151
RESIDENTIALhouse_mesh9339,train,1213,-0.2698412537574768,0.5238096714019775,-0.14285707473754883,0.17460322380065918,-0.39682537317276,0.5238096714019775,0.7936509251594543,0.317460298538208,0.9206350445747375
RESIDENTIALhouse_mesh9343,train,348,-0.39682537317276,0.4920635223388672,-0.23809516429901123,0.23809528350830078,-0.7460317611694336,-0.14285707473754883,0.8888888955116272,0.476190447807312,0.6031746864318848
RESIDENTIALhouse_mesh9360,train,3422,-0.7460317611694336,0.777777910232544,-0.20634913444519043,0.23809528350830078,-0.4285714030265808,0.4603174924850464,1.5238096714019775,0.4444444179534912,0.8888888955116272
RESIDENTIALhouse_mesh9367,val,8043,-0.7460317611694336,0.777777910232544,-0.3333333134651184,0.365079402923584,-0.3015872836112976,0.365079402923584,1.5238096714019775,0.6984127163887024,0.6666666865348816
RESIDENTIALhouse_mesh9379,test,2737,-0.7142857313156128,0.7142858505249023,-0.3333333134651184,0.365079402923584,-0.7460317611694336,0.777777910232544,1.4285715818405151,0.6984127163887024,1.5238096714019775
RESIDENTIALhouse_mesh9405,val,189,-0.7460317611694336,0.777777910232544,-0.17460310459136963,0.17460322380065918,-0.7142857313156128,0.7460318803787231,1.5238096714019775,0.3492063283920288,1.460317611694336
RESIDENTIALhouse_mesh9411,train,3292,-0.6190475821495056,0.365079402923584,-0.14285707473754883,0.17460322380065918,-0.23809516429901123,0.4603174924850464,0.9841269850730896,0.317460298538208,0.6984126567840576
RESIDENTIALhouse_mesh9419,test,482,-0.682539701461792,0.7142858505249023,-0.17460310459136963,0.20634925365447998,-0.7142857313156128,0.7460318803787231,1.3968255519866943,0.3809523582458496,1.460317611694336
RESIDENTIALhouse_mesh9430,train,4430,-0.7142857313156128,0.7460318803787231,-0.2698412537574768,0.3015873432159424,-0.7142857313156128,0.7460318803787231,1.460317611694336,0.5714285969734192,1.460317611694336
RESIDENTIALhouse_mesh9441,train,4645,-0.3650793433189392,0.3968254327774048,-0.17460310459136963,0.20634925365447998,-0.7460317611694336,0.777777910232544,0.761904776096344,0.3809523582458496,1.5238096714019775
RESIDENTIALhouse_mesh9452,train,787,-0.7460317611694336,0.777777910232544,-0.4603174328804016,0.4920635223388672,-0.7460317611694336,0.777777910232544,1.5238096714019775,0.9523809552192688,1.5238096714019775
RESIDENTIALhouse_mesh9459,train,210,-0.6190475821495056,0.6825398206710815,-0.23809516429901123,0.2698413133621216,-0.7460317611694336,0.5238096714019775,1.3015873432159424,0.5079364776611328,1.2698414325714111
RESIDENTIALhouse_mesh9463,train,742,-0.3650793433189392,0.3968254327774048,-0.14285707473754883,0.17460322380065918,-0.555555522441864,0.4920635223388672,0.761904776096344,0.317460298538208,1.047619104385376
RESIDENTIALhouse_mesh9474,test,8699,-0.682539701461792,0.777777910232544,-0.23809516429901123,0.2698413133621216,-0.6507936716079712,0.7460318803787231,1.460317611694336,0.5079364776611328,1.3968255519866943
RESIDENTIALhouse_mesh9483,train,589,-0.7460317611694336,0.7460318803787231,-0.17460310459136963,0.14285719394683838,-0.3333333134651184,0.5873017311096191,1.4920636415481567,0.317460298538208,0.9206350445747375
RESIDENTIALhouse_mesh9486,test,544,-0.7460317611694336,0.777777910232544,-0.23809516429901123,0.2698413133621216,-0.6190475821495056,0.6507937908172607,1.5238096714019775,0.5079364776611328,1.2698414325714111
RESIDENTIALhouse_mesh9492,val,3406,-0.39682537317276,0.4285714626312256,-0.23809516429901123,0.23809528350830078,-0.7460317611694336,0.777777910232544,0.8253968358039856,0.476190447807312,1.5238096714019775
RESIDENTIALhouse_mesh9498,val,630,-0.4920634627342224,0.5238096714019775,-0.23809516429901123,0.23809528350830078,-0.7460317611694336,0.7460318803787231,1.0158731937408447,0.476190447807312,1.4920636415481567
RESIDENTIALhouse_mesh9503,test,690,-0.5873015522956848,0.5873017311096191,-0.20634913444519043,0.20634925365447998,-0.7142857313156128,0.777777910232544,1.1746032238006592,0.4126983880996704,1.4920636415481567
RESIDENTIALhouse_mesh9504,train,177,-0.6507936716079712,0.5555557012557983,-0.07936501502990723,0.04761910438537598,-0.2698412537574768,0.3968254327774048,1.2063493728637695,0.1269841194152832,0.6666666865348816
RESIDENTIALhouse_mesh9516,train,11432,-0.5873015522956848,0.6190477609634399,-0.2698412537574768,0.3015873432159424,-0.7460317611694336,0.777777910232544,1.2063493728637695,0.5714285969734192,1.5238096714019775
RESIDENTIALhouse_mesh9532,train,4637,-0.3333333134651184,0.3968254327774048,-0.11111104488372803,0.11111116409301758,-0.7460317611694336,0.777777910232544,0.7301587462425232,0.2222222089767456,1.5238096714019775
RESIDENTIALhouse_mesh9573,train,736,-0.555555522441864,0.5873017311096191,-0.3015872836112976,0.3333333730697632,-0.7460317611694336,0.6825398206710815,1.142857313156128,0.6349206566810608,1.4285715818405151
RESIDENTIALhouse_mesh9574,train,5413,-0.7460317611694336,0.777777910232544,-0.3650793433189392,0.3968254327774048,-0.7142857313156128,0.5555557012557983,1.5238096714019775,0.761904776096344,1.2698414325714111
RESIDENTIALhouse_mesh9582,train,14949,-0.7460317611694336,0.777777910232544,-0.3015872836112976,0.3333333730697632,-0.4920634627342224,0.5238096714019775,1.5238096714019775,0.6349206566810608,1.0158731937408447
RESIDENTIALhouse_mesh9585,train,658,-0.4920634627342224,0.4285714626312256,-0.20634913444519043,0.23809528350830078,-0.4603174328804016,0.777777910232544,0.920634925365448,0.4444444179534912,1.2380952835083008
RESIDENTIALhouse_mesh9598,train,714,-0.4285714030265808,0.3968254327774048,-0.07936501502990723,0.11111116409301758,-0.20634913444519043,0.6190477609634399,0.8253968358039856,0.1904761791229248,0.8253968954086304
RESIDENTIALhouse_mesh9610,train,1837,-0.7460317611694336,0.777777910232544,-0.3015872836112976,0.3333333730697632,-0.7142857313156128,0.7142858505249023,1.5238096714019775,0.6349206566810608,1.4285715818405151
RESIDENTIALhouse_mesh9640,train,2166,-0.7460317611694336,0.7460318803787231,-0.2698412537574768,0.3015873432159424,-0.6190475821495056,0.3968254327774048,1.4920636415481567,0.5714285969734192,1.0158729553222656
RESIDENTIALhouse_mesh9657,train,18731,-0.7460317611694336,0.777777910232544,-0.23809516429901123,0.2698413133621216,-0.7460317611694336,0.777777910232544,1.5238096714019775,0.5079364776611328,1.5238096714019775
RESIDENTIALhouse_mesh9659,train,1911,-0.5873015522956848,0.3968254327774048,-0.3333333134651184,0.4920635223388672,-0.682539701461792,0.5555557012557983,0.9841269850730896,0.8253968358039856,1.2380954027175903
RESIDENTIALhouse_mesh9695,train,294,-0.7460317611694336,0.777777910232544,-0.11111104488372803,0.14285719394683838,-0.2698412537574768,0.2698413133621216,1.5238096714019775,0.2539682388305664,0.5396825671195984
RESIDENTIALhouse_mesh9709,train,19106,-0.5873015522956848,0.6507937908172607,-0.555555522441864,0.5873017311096191,-0.6507936716079712,0.777777910232544,1.2380952835083008,1.142857313156128,1.4285715818405151
RESIDENTIALhouse_mesh9715,train,26113,-0.555555522441864,0.5873017311096191,-0.5238094925880432,0.5555557012557983,-0.7460317611694336,0.7460318803787231,1.142857313156128,1.0793652534484863,1.4920636415481567
RESIDENTIALhouse_mesh9777,train,15467,-0.7142857313156128,0.777777910232544,-0.23809516429901123,0.2698413133621216,-0.5238094925880432,0.5555557012557983,1.4920636415481567,0.5079364776611328,1.0793652534484863
RESIDENTIALhouse_mesh9779,train,250,-0.4603174328804016,0.4920635223388672,-0.14285707473754883,0.23809528350830078,-0.555555522441864,0.5555557012557983,0.9523809552192688,0.3809523582458496,1.1111111640930176
RESIDENTIALhouse_mesh9780,train,478,-0.3650793433189392,0.5555557012557983,-0.17460310459136963,0.23809528350830078,-0.3333333134651184,0.23809528350830078,0.9206350445747375,0.4126983880996704,0.5714285969734192
RESIDENTIALhouse_mesh9783,train,123,-0.4285714030265808,0.4920635223388672,-0.11111104488372803,0.14285719394683838,-0.14285707473754883,0.7460318803787231,0.920634925365448,0.2539682388305664,0.888888955116272
RESIDENTIALhouse_mesh9787,train,726,-0.6507936716079712,0.6825398206710815,-0.2698412537574768,0.2698413133621216,-0.3015872836112976,0.777777910232544,1.3333334922790527,0.5396825671195984,1.0793652534484863
RESIDENTIALhouse_mesh9803,train,238,-0.6507936716079712,0.7142858505249023,-0.3650793433189392,0.365079402923584,-0.682539701461792,0.777777910232544,1.3650795221328735,0.7301587462425232,1.460317611694336
RESIDENTIALhouse_mesh9804,train,6640,-0.6507936716079712,0.5555557012557983,-0.39682537317276,0.23809528350830078,-0.3650793433189392,0.6190477609634399,1.2063493728637695,0.6349206566810608,0.9841271042823792
RESIDENTIALhouse_mesh9808,train,638,0.04761910438537598,0.777777910232544,-0.07936501502990723,0.11111116409301758,-0.7142857313156128,0.2698413133621216,0.730158805847168,0.1904761791229248,0.9841270446777344
RESIDENTIALhouse_mesh9820,val,248,-0.23809516429901123,0.2698413133621216,-0.20634913444519043,0.17460322380065918,-0.5238094925880432,0.777777910232544,0.5079364776611328,0.3809523582458496,1.3015873432159424
RESIDENTIALhouse_mesh9824,train,8038,-0.7460317611694336,0.6507937908172607,-0.23809516429901123,0.2698413133621216,-0.5238094925880432,0.6507937908172607,1.3968255519866943,0.5079364776611328,1.1746032238006592
RESIDENTIALhouse_mesh9834,train,360,-0.7460317611694336,0.777777910232544,-0.14285707473754883,0.17460322380065918,-0.4920634627342224,0.4603174924850464,1.5238096714019775,0.317460298538208,0.9523809552192688
RESIDENTIALhouse_mesh9862,train,3611,-0.5238094925880432,0.4920635223388672,-0.23809516429901123,0.2698413133621216,-0.6507936716079712,0.6825398206710815,1.0158729553222656,0.5079364776611328,1.3333334922790527
RESIDENTIALhouse_mesh9864,train,585,-0.7460317611694336,-0.4920634627342224,-0.11111104488372803,0.14285719394683838,-0.11111104488372803,0.17460322380065918,0.2539682984352112,0.2539682388305664,0.2857142686843872
RESIDENTIALhouse_mesh9884,val,1734,-0.7142857313156128,0.23809528350830078,-0.14285707473754883,0.17460322380065918,-0.3650793433189392,0.3968254327774048,0.9523810148239136,0.317460298538208,0.761904776096344
RESIDENTIALhouse_mesh9905,train,399,-0.07936501502990723,0.17460322380065918,-0.11111104488372803,0.11111116409301758,0.07936513423919678,0.4603174924850464,0.2539682388305664,0.2222222089767456,0.3809523582458496
RESIDENTIALhouse_mesh9928,train,14077,-0.6507936716079712,0.5555557012557983,-0.39682537317276,0.3968254327774048,-0.7460317611694336,0.6825398206710815,1.2063493728637695,0.7936508059501648,1.4285715818405151
RESIDENTIALhouse_mesh9936,train,38070,-0.7460317611694336,0.777777910232544,-0.555555522441864,0.5555557012557983,-0.6507936716079712,0.6190477609634399,1.5238096714019775,1.1111111640930176,1.2698414325714111
RESIDENTIALhouse_mesh9965,train,9217,-0.7460317611694336,0.777777910232544,-0.23809516429901123,0.2698413133621216,-0.4285714030265808,0.5873017311096191,1.5238096714019775,0.5079364776611328,1.0158731937408447
RESIDENTIALhouse_mesh9968,train,1255,-0.7460317611694336,0.777777910232544,-0.555555522441864,0.5873017311096191,-0.7460317611694336,0.14285719394683838,1.5238096714019775,1.142857313156128,0.888888955116272
RESIDENTIALhouse_mesh9969,train,27814,-0.6190475821495056,0.6825398206710815,-0.5238094925880432,0.5555557012557983,-0.7460317611694336,0.777777910232544,1.3015873432159424,1.0793652534484863,1.5238096714019775
RESIDENTIALhouse_mesh9979,train,7985,-0.6507936716079712,0.365079402923584,-0.14285707473754883,0.17460322380065918,-0.6507936716079712,0.6825398206710815,1.0158730745315552,0.317460298538208,1.3333334922790527
RESIDENTIALhouse_mesh9992,train,4152,-0.4920634627342224,0.4285714626312256,-0.17460310459136963,0.20634925365447998,-0.7142857313156128,0.777777910232544,0.920634925365448,0.3809523582458496,1.4920636415481567
RESIDENTIALhouse_mesh9997,val,224,0.04761910438537598,0.6190477609634399,-0.047618985176086426,0.07936513423919678,-0.3650793433189392,-0.015872955322265625,0.571428656578064,0.1269841194152832,0.3492063879966736
RESIDENTIALhouse_mesh9998,train,232,-0.7460317611694336,0.20634925365447998,-0.14285707473754883,0.17460322380065918,-0.4285714030265808,0.4603174924850464,0.9523810148239136,0.317460298538208,0.8888888955116272
RESIDENTIALmosque_mesh0079,train,1200,-0.682539701461792,0.777777910232544,-0.17460310459136963,0.17460322380065918,-0.39682537317276,0.4285714626312256,1.460317611694336,0.3492063283920288,0.8253968358039856
RESIDENTIALmosque_mesh0301,train,1892,-0.5238094925880432,0.20634925365447998,-0.14285707473754883,0.17460322380065918,-0.5873015522956848,0.6190477609634399,0.7301587462425232,0.317460298538208,1.2063493728637695
RESIDENTIALmuseum_mesh0881,train,6699,-0.3650793433189392,0.365079402923584,-0.14285707473754883,0.3333333730697632,-0.39682537317276,0.6190477609634399,0.7301587462425232,0.476190447807312,1.0158731937408447
RESIDENTIALmuseum_mesh1033,train,7344,-0.4603174328804016,0.3968254327774048,-0.2698412537574768,0.3015873432159424,-0.4285714030265808,0.6190477609634399,0.8571428656578064,0.5714285969734192,1.047619104385376
RESIDENTIALmuseum_mesh1187,train,2806,-0.7460317611694336,0.777777910232544,-0.39682537317276,0.4285714626312256,-0.5238094925880432,0.5555557012557983,1.5238096714019775,0.8253968358039856,1.0793652534484863
RESIDENTIALmuseum_mesh1221,val,1477,-0.5238094925880432,0.5555557012557983,-0.3333333134651184,0.365079402923584,-0.7142857313156128,0.777777910232544,1.0793652534484863,0.6984127163887024,1.4920636415481567
RESIDENTIALmuseum_mesh2070,val,1094,-0.7460317611694336,0.777777910232544,-0.2698412537574768,0.3015873432159424,-0.5873015522956848,0.5873017311096191,1.5238096714019775,0.5714285969734192,1.1746032238006592
RESIDENTIALmuseum_mesh2270,train,7568,-0.7460317611694336,0.7460318803787231,-0.6507936716079712,0.6507937908172607,-0.4603174328804016,0.4920635223388672,1.4920636415481567,1.301587462425232,0.9523809552192688
RESIDENTIALmuseum_mesh2334,val,1540,-0.555555522441864,0.365079402923584,-0.11111104488372803,0.14285719394683838,-0.20634913444519043,0.4920635223388672,0.920634925365448,0.2539682388305664,0.6984126567840576
RESIDENTIALoffice_building_mesh0224,train,10553,-0.682539701461792,0.7142858505249023,-0.17460310459136963,0.20634925365447998,-0.7460317611694336,0.777777910232544,1.3968255519866943,0.3809523582458496,1.5238096714019775
RESIDENTIALoffice_building_mesh0391,train,186,-0.7460317611694336,0.777777910232544,-0.3650793433189392,0.4285714626312256,-0.555555522441864,0.5238096714019775,1.5238096714019775,0.7936508059501648,1.0793652534484863
RESIDENTIALoffice_building_mesh0782,train,16044,-0.7460317611694336,0.777777910232544,-0.3015872836112976,0.3333333730697632,-0.5238094925880432,0.5555557012557983,1.5238096714019775,0.6349206566810608,1.0793652534484863
RESIDENTIALoffice_building_mesh0952,val,8253,-0.4603174328804016,0.3333333730697632,-0.3015872836112976,0.3333333730697632,-0.6190475821495056,0.23809528350830078,0.7936508059501648,0.6349206566810608,0.8571428656578064
RESIDENTIALoffice_building_mesh0974,train,206,-0.015872955322265625,0.20634925365447998,-0.3333333134651184,0.365079402923584,-0.3015872836112976,0.7460318803787231,0.2222222089767456,0.6984127163887024,1.047619104385376
RESIDENTIALoffice_building_mesh1052,train,1331,-0.7460317611694336,0.7460318803787231,-0.4603174328804016,0.4285714626312256,-0.3650793433189392,0.3968254327774048,1.4920636415481567,0.8888888955116272,0.761904776096344
RESIDENTIALoffice_building_mesh1111,train,241,-0.7460317611694336,0.777777910232544,-0.07936501502990723,0.20634925365447998,-0.3650793433189392,0.3968254327774048,1.5238096714019775,0.2857142686843872,0.761904776096344
RESIDENTIALoffice_building_mesh1273,train,1097,-0.5238094925880432,0.6190477609634399,-0.3650793433189392,0.3968254327774048,-0.7460317611694336,0.777777910232544,1.142857313156128,0.761904776096344,1.5238096714019775
RESIDENTIALoffice_building_mesh1503,val,490,-0.7460317611694336,0.777777910232544,-0.20634913444519043,0.23809528350830078,-0.6507936716079712,0.7142858505249023,1.5238096714019775,0.4444444179534912,1.3650795221328735
RESIDENTIALoffice_building_mesh1863,train,142,-0.39682537317276,0.3333333730697632,-0.3015872836112976,0.3333333730697632,-0.4285714030265808,0.4603174924850464,0.7301587462425232,0.6349206566810608,0.8888888955116272
RESIDENTIALoffice_building_mesh1904,train,137,-0.4285714030265808,0.4920635223388672,-0.14285707473754883,0.17460322380065918,-0.6507936716079712,0.365079402923584,0.920634925365448,0.317460298538208,1.0158730745315552
RESIDENTIALoffice_building_mesh1956,train,19338,-0.7460317611694336,0.777777910232544,-0.4920634627342224,0.5238096714019775,-0.682539701461792,0.7142858505249023,1.5238096714019775,1.0158731937408447,1.3968255519866943
RESIDENTIALoffice_building_mesh2138,train,3056,-0.4285714030265808,0.6825398206710815,-0.5873015522956848,0.6190477609634399,-0.7460317611694336,0.4603174924850464,1.1111111640930176,1.2063493728637695,1.20634925365448
RESIDENTIALoffice_building_mesh2295,train,921,-0.4285714030265808,0.6190477609634399,-0.23809516429901123,0.04761910438537598,-0.3333333134651184,0.4603174924850464,1.047619104385376,0.2857142686843872,0.7936508059501648
RESIDENTIALoffice_building_mesh2616,train,2150,-0.7460317611694336,0.5555557012557983,-0.14285707473754883,0.17460322380065918,-0.5238094925880432,0.5555557012557983,1.301587462425232,0.317460298538208,1.0793652534484863
RESIDENTIALoffice_building_mesh2695,train,2922,-0.6190475821495056,0.6507937908172607,-0.2698412537574768,0.3015873432159424,-0.4603174328804016,0.4920635223388672,1.2698414325714111,0.5714285969734192,0.9523809552192688
RESIDENTIALoffice_building_mesh2729,train,275,-0.7460317611694336,0.777777910232544,-0.3015872836112976,0.3333333730697632,-0.555555522441864,0.5873017311096191,1.5238096714019775,0.6349206566810608,1.142857313156128
RESIDENTIALoffice_building_mesh2765,train,1740,-0.6507936716079712,0.6825398206710815,-0.23809516429901123,0.2698413133621216,-0.7142857313156128,0.7460318803787231,1.3333334922790527,0.5079364776611328,1.460317611694336
RESIDENTIALoffice_building_mesh2773,train,1739,-0.7460317611694336,0.777777910232544,-0.4285714030265808,0.4603174924850464,-0.39682537317276,0.6190477609634399,1.5238096714019775,0.8888888955116272,1.0158731937408447
RESIDENTIALoffice_building_mesh2842,train,971,-0.7142857313156128,0.7460318803787231,-0.20634913444519043,0.23809528350830078,-0.682539701461792,0.7142858505249023,1.460317611694336,0.4444444179534912,1.3968255519866943
RESIDENTIALoffice_building_mesh2847,train,4296,-0.7460317611694336,0.777777910232544,-0.23809516429901123,0.2698413133621216,-0.555555522441864,0.5873017311096191,1.5238096714019775,0.5079364776611328,1.142857313156128
RESIDENTIALoffice_building_mesh2868,val,1454,-0.6507936716079712,0.6825398206710815,-0.17460310459136963,0.20634925365447998,-0.7460317611694336,0.5238096714019775,1.3333334922790527,0.3809523582458496,1.2698414325714111
RESIDENTIALoffice_building_mesh2953,train,449,-0.7460317611694336,0.777777910232544,-0.39682537317276,0.4285714626312256,-0.5873015522956848,0.6190477609634399,1.5238096714019775,0.8253968358039856,1.2063493728637695
RESIDENTIALoffice_building_mesh3004,train,1418,-0.39682537317276,0.23809528350830078,-0.17460310459136963,0.20634925365447998,-0.3333333134651184,0.4285714626312256,0.6349206566810608,0.3809523582458496,0.761904776096344
RESIDENTIALoffice_building_mesh3115,train,12643,-0.7142857313156128,0.777777910232544,-0.3650793433189392,0.365079402923584,-0.682539701461792,0.7142858505249023,1.4920636415481567,0.7301587462425232,1.3968255519866943
RESIDENTIALoffice_building_mesh3179,train,286,-0.5238094925880432,0.777777910232544,-0.11111104488372803,0.11111116409301758,-0.3015872836112976,0.2698413133621216,1.3015873432159424,0.2222222089767456,0.5714285969734192
RESIDENTIALoffice_building_mesh3333,train,506,-0.3333333134651184,0.3333333730697632,-0.07936501502990723,0.11111116409301758,-0.4920634627342224,0.7460318803787231,0.6666666865348816,0.1904761791229248,1.2380952835083008
RESIDENTIALoffice_building_mesh3356,test,7983,-0.5238094925880432,0.4920635223388672,-0.3015872836112976,0.3333333730697632,-0.7460317611694336,0.5238096714019775,1.0158729553222656,0.6349206566810608,1.2698414325714111
RESIDENTIALoffice_building_mesh3362,train,358,-0.2698412537574768,0.3015873432159424,-0.20634913444519043,0.23809528350830078,-0.7460317611694336,0.777777910232544,0.5714285969734192,0.4444444179534912,1.5238096714019775
RESIDENTIALoffice_building_mesh3683,train,5630,-0.4285714030265808,0.4603174924850464,-0.3015872836112976,0.3333333730697632,-0.7460317611694336,0.777777910232544,0.8888888955116272,0.6349206566810608,1.5238096714019775
RESIDENTIALpalace_mesh0169,train,10272,-0.7460317611694336,0.777777910232544,-0.2698412537574768,0.3015873432159424,-0.555555522441864,0.5873017311096191,1.5238096714019775,0.5714285969734192,1.142857313156128
RESIDENTIALpalace_mesh0472,train,2048,-0.7460317611694336,0.777777910232544,-0.20634913444519043,0.20634925365447998,-0.4603174328804016,0.4920635223388672,1.5238096714019775,0.4126983880996704,0.9523809552192688
RESIDENTIALpalace_mesh0507,train,777,-0.4603174328804016,0.7142858505249023,-0.3333333134651184,0.3968254327774048,-0.4920634627342224,0.777777910232544,1.1746032238006592,0.7301587462425232,1.2698414325714111
RESIDENTIALpalace_mesh0632,test,142,-0.7142857313156128,0.5555557012557983,-0.14285707473754883,0.17460322380065918,-0.555555522441864,0.6507937908172607,1.2698414325714111,0.317460298538208,1.2063493728637695
RESIDENTIALpalace_mesh0660,train,7520,-0.7460317611694336,0.777777910232544,-0.23809516429901123,0.2698413133621216,-0.7460317611694336,0.777777910232544,1.5238096714019775,0.5079364776611328,1.5238096714019775
RESIDENTIALpalace_mesh0820,train,548,-0.17460310459136963,0.6507937908172607,-0.17460310459136963,0.2698413133621216,-0.4603174328804016,0.3968254327774048,0.8253968954086304,0.4444444179534912,0.8571428656578064
RESIDENTIALpalace_mesh1086,train,15469,-0.7460317611694336,0.777777910232544,-0.3015872836112976,0.3333333730697632,-0.6190475821495056,0.6507937908172607,1.5238096714019775,0.6349206566810608,1.2698414325714111
RESIDENTIALpalace_mesh1308,train,373,-0.7460317611694336,0.777777910232544,-0.3015872836112976,0.3333333730697632,-0.6507936716079712,0.6825398206710815,1.5238096714019775,0.6349206566810608,1.3333334922790527
RESIDENTIALpalace_mesh1332,test,2255,-0.39682537317276,0.4285714626312256,-0.17460310459136963,0.20634925365447998,-0.7460317611694336,0.5873017311096191,0.8253968358039856,0.3809523582458496,1.3333334922790527
RESIDENTIALschool_building_mesh0021,train,258,-0.4603174328804016,0.4920635223388672,-0.3015872836112976,0.3015873432159424,-0.7460317611694336,0.777777910232544,0.9523809552192688,0.60317462682724,1.5238096714019775
RESIDENTIALschool_building_mesh0097,train,187,-0.4603174328804016,0.4920635223388672,-0.3333333134651184,0.3333333730697632,-0.7460317611694336,0.777777910232544,0.9523809552192688,0.6666666865348816,1.5238096714019775
RESIDENTIALschool_building_mesh0438,train,4848,-0.7460317611694336,0.777777910232544,-0.3015872836112976,0.3333333730697632,-0.7142857313156128,0.7460318803787231,1.5238096714019775,0.6349206566810608,1.460317611694336
RESIDENTIALschool_building_mesh0534,val,317,-0.7460317611694336,0.2698413133621216,-0.14285707473754883,0.17460322380065918,-0.23809516429901123,0.3015873432159424,1.0158730745315552,0.317460298538208,0.5396825075149536
RESIDENTIALschool_building_mesh0693,train,7528,-0.3650793433189392,0.4920635223388672,-0.23809516429901123,0.2698413133621216,-0.5873015522956848,0.7460318803787231,0.8571428656578064,0.5079364776611328,1.3333334922790527
RESIDENTIALschool_building_mesh0807,train,313,-0.7460317611694336,0.777777910232544,-0.3333333134651184,0.365079402923584,-0.6507936716079712,0.6825398206710815,1.5238096714019775,0.6984127163887024,1.3333334922790527
RESIDENTIALschool_building_mesh0941,val,29062,-0.7142857313156128,0.777777910232544,-0.39682537317276,0.4285714626312256,-0.7142857313156128,0.7460318803787231,1.4920636415481567,0.8253968358039856,1.460317611694336
RESIDENTIALschool_building_mesh1193,train,42,-0.39682537317276,0.07936513423919678,-0.047618985176086426,0.07936513423919678,-0.7460317611694336,-0.23809516429901123,0.4761905074119568,0.1269841194152832,0.5079365968704224
RESIDENTIALtemple_mesh0557,train,8536,-0.7460317611694336,0.777777910232544,-0.2698412537574768,0.3015873432159424,-0.6190475821495056,0.6507937908172607,1.5238096714019775,0.5714285969734192,1.2698414325714111
RESIDENTIALtemple_mesh1136,train,963,-0.7460317611694336,0.5873017311096191,-0.14285707473754883,0.14285719394683838,-0.39682537317276,0.4603174924850464,1.3333334922790527,0.2857142686843872,0.8571428656578064
RESIDENTIALtemple_mesh1835,train,665,-0.14285707473754883,0.17460322380065918,-0.07936501502990723,0.11111116409301758,-0.20634913444519043,0.5555557012557983,0.317460298538208,0.1904761791229248,0.7619048357009888
RESIDENTIALtemple_mesh1943,train,916,-0.3650793433189392,0.7142858505249023,-0.11111104488372803,0.11111116409301758,-0.11111104488372803,0.4603174924850464,1.0793652534484863,0.2222222089767456,0.5714285373687744
RESIDENTIALvilla_mesh0012,train,944,-0.682539701461792,0.777777910232544,-0.3015872836112976,0.3015873432159424,-0.6190475821495056,0.6507937908172607,1.460317611694336,0.60317462682724,1.2698414325714111
RESIDENTIALvilla_mesh0017,train,406,-0.4603174328804016,0.3015873432159424,-0.23809516429901123,0.3015873432159424,-0.6507936716079712,0.6507937908172607,0.761904776096344,0.5396825075149536,1.301587462425232
RESIDENTIALvilla_mesh0047,train,15482,-0.682539701461792,0.7142858505249023,-0.3015872836112976,0.3015873432159424,-0.7460317611694336,0.777777910232544,1.3968255519866943,0.60317462682724,1.5238096714019775
RESIDENTIALvilla_mesh0056,train,4142,-0.5238094925880432,0.5555557012557983,-0.20634913444519043,0.23809528350830078,-0.7460317611694336,0.777777910232544,1.0793652534484863,0.4444444179534912,1.5238096714019775
RESIDENTIALvilla_mesh0073,test,1050,-0.682539701461792,0.6825398206710815,-0.2698412537574768,0.20634925365447998,-0.7460317611694336,0.777777910232544,1.3650795221328735,0.4761905074119568,1.5238096714019775
RESIDENTIALvilla_mesh0092,train,892,-0.7142857313156128,0.5555557012557983,-0.20634913444519043,0.23809528350830078,-0.23809516429901123,0.365079402923584,1.2698414325714111,0.4444444179534912,0.6031745672225952
RESIDENTIALvilla_mesh0104,train,1312,-0.6190475821495056,0.6190477609634399,-0.682539701461792,0.7142858505249023,-0.555555522441864,0.777777910232544,1.2380952835083008,1.3968255519866943,1.3333334922790527
RESIDENTIALvilla_mesh0112,train,2075,-0.5873015522956848,0.6190477609634399,-0.11111104488372803,0.14285719394683838,-0.7460317611694336,0.3333333730697632,1.2063493728637695,0.2539682388305664,1.0793651342391968
RESIDENTIALvilla_mesh0119,train,1190,-0.07936501502990723,0.777777910232544,-0.14285707473754883,0.11111116409301758,-0.4285714030265808,0.4603174924850464,0.8571429252624512,0.2539682388305664,0.8888888955116272
RESIDENTIALvilla_mesh0157,train,5224,-0.682539701461792,0.3015873432159424,-0.2698412537574768,0.3015873432159424,-0.4603174328804016,0.6190477609634399,0.9841270446777344,0.5714285969734192,1.0793652534484863
RESIDENTIALvilla_mesh0178,val,1442,-0.047618985176086426,0.777777910232544,-0.17460310459136963,0.4285714626312256,-0.5873015522956848,0.5238096714019775,0.8253968954086304,0.6031745672225952,1.1111111640930176
RESIDENTIALvilla_mesh0183,val,1510,-0.6507936716079712,0.6825398206710815,-0.4603174328804016,0.17460322380065918,-0.7142857313156128,0.6825398206710815,1.3333334922790527,0.6349206566810608,1.3968255519866943
RESIDENTIALvilla_mesh0196,test,707,-0.39682537317276,0.4920635223388672,-0.23809516429901123,0.3968254327774048,-0.682539701461792,0.6825398206710815,0.8888888955116272,0.634920597076416,1.3650795221328735
RESIDENTIALvilla_mesh0222,train,20162,-0.5873015522956848,0.7142858505249023,-0.4603174328804016,0.4920635223388672,-0.2698412537574768,0.5238096714019775,1.3015873432159424,0.9523809552192688,0.7936509251594543
RESIDENTIALvilla_mesh0247,train,6903,-0.7460317611694336,0.777777910232544,-0.2698412537574768,0.3015873432159424,-0.5238094925880432,0.5555557012557983,1.5238096714019775,0.5714285969734192,1.0793652534484863
RESIDENTIALvilla_mesh0258,train,5396,-0.7460317611694336,0.777777910232544,-0.17460310459136963,0.20634925365447998,-0.682539701461792,0.7142858505249023,1.5238096714019775,0.3809523582458496,1.3968255519866943
RESIDENTIALvilla_mesh0279,train,1245,-0.4285714030265808,0.5238096714019775,-0.11111104488372803,0.14285719394683838,-0.3333333134651184,0.365079402923584,0.9523810744285583,0.2539682388305664,0.6984127163887024
RESIDENTIALvilla_mesh0353,train,3161,-0.7142857313156128,0.7460318803787231,-0.4603174328804016,0.4920635223388672,-0.7460317611694336,0.777777910232544,1.460317611694336,0.9523809552192688,1.5238096714019775
RESIDENTIALvilla_mesh0368,train,443,-0.682539701461792,0.7142858505249023,-0.3333333134651184,0.2698413133621216,-0.7142857313156128,-0.047618985176086426,1.3968255519866943,0.60317462682724,0.6666667461395264
RESIDENTIALvilla_mesh0417,val,285,0.04761910438537598,0.777777910232544,-0.20634913444519043,0.20634925365447998,-0.5873015522956848,0.07936513423919678,0.730158805847168,0.4126983880996704,0.6666666865348816
RESIDENTIALvilla_mesh0439,train,5299,-0.4285714030265808,0.3968254327774048,-0.17460310459136963,0.20634925365447998,-0.4920634627342224,0.4920635223388672,0.8253968358039856,0.3809523582458496,0.9841269850730896
RESIDENTIALvilla_mesh0448,test,2774,-0.5873015522956848,0.6190477609634399,-0.20634913444519043,0.23809528350830078,-0.7460317611694336,0.6825398206710815,1.2063493728637695,0.4444444179534912,1.4285715818405151
RESIDENTIALvilla_mesh0476,train,3496,-0.6507936716079712,0.6825398206710815,-0.14285707473754883,0.17460322380065918,-0.6190475821495056,0.6190477609634399,1.3333334922790527,0.317460298538208,1.2380952835083008
RESIDENTIALvilla_mesh0493,train,5178,-0.555555522441864,0.5873017311096191,-0.11111104488372803,0.17460322380065918,-0.7460317611694336,0.777777910232544,1.142857313156128,0.2857142686843872,1.5238096714019775
RESIDENTIALvilla_mesh0495,train,1652,-0.5873015522956848,0.5873017311096191,-0.11111104488372803,0.11111116409301758,-0.7460317611694336,0.777777910232544,1.1746032238006592,0.2222222089767456,1.5238096714019775
RESIDENTIALvilla_mesh0498,train,845,-0.555555522441864,0.5873017311096191,-0.23809516429901123,0.20634925365447998,-0.4285714030265808,0.4920635223388672,1.142857313156128,0.4444444179534912,0.920634925365448
RESIDENTIALvilla_mesh0526,train,12953,-0.682539701461792,0.777777910232544,-0.17460310459136963,0.20634925365447998,-0.7460317611694336,0.7142858505249023,1.460317611694336,0.3809523582458496,1.460317611694336
RESIDENTIALvilla_mesh0571,val,14471,-0.6190475821495056,0.6507937908172607,-0.555555522441864,0.5873017311096191,-0.7460317611694336,0.777777910232544,1.2698414325714111,1.142857313156128,1.5238096714019775
RESIDENTIALvilla_mesh0608,train,746,-0.7460317611694336,0.23809528350830078,-0.14285707473754883,0.17460322380065918,-0.20634913444519043,0.23809528350830078,0.9841270446777344,0.317460298538208,0.4444444179534912
RESIDENTIALvilla_mesh0615,train,24580,-0.5238094925880432,0.6825398206710815,-0.3650793433189392,0.3968254327774048,-0.6190475821495056,0.6507937908172607,1.2063493728637695,0.761904776096344,1.2698414325714111
RESIDENTIALvilla_mesh0639,val,134,-0.14285707473754883,0.23809528350830078,-0.015872955322265625,0.04761910438537598,-0.39682537317276,0.14285719394683838,0.3809523582458496,0.0634920597076416,0.5396825671195984
RESIDENTIALvilla_mesh0646,train,33224,-0.7142857313156128,0.7460318803787231,-0.555555522441864,0.5555557012557983,-0.7460317611694336,0.6507937908172607,1.460317611694336,1.1111111640930176,1.3968255519866943
RESIDENTIALvilla_mesh0649,train,454,-0.7460317611694336,0.4285714626312256,-0.39682537317276,0.4285714626312256,-0.555555522441864,0.6190477609634399,1.1746032238006592,0.8253968358039856,1.1746032238006592
RESIDENTIALvilla_mesh0656,train,592,-0.7460317611694336,0.777777910232544,-0.39682537317276,0.4285714626312256,-0.3650793433189392,0.3968254327774048,1.5238096714019775,0.8253968358039856,0.761904776096344
RESIDENTIALvilla_mesh0659,train,1613,-0.7142857313156128,0.7460318803787231,-0.20634913444519043,0.23809528350830078,-0.7460317611694336,0.777777910232544,1.460317611694336,0.4444444179534912,1.5238096714019775
RESIDENTIALvilla_mesh0667,train,577,-0.7460317611694336,0.777777910232544,-0.7460317611694336,0.777777910232544,-0.6507936716079712,0.6825398206710815,1.5238096714019775,1.5238096714019775,1.3333334922790527
RESIDENTIALvilla_mesh0709,train,262,-0.39682537317276,0.3968254327774048,-0.20634913444519043,0.23809528350830078,-0.7142857313156128,0.777777910232544,0.7936508059501648,0.4444444179534912,1.4920636415481567
RESIDENTIALvilla_mesh0710,train,10595,-0.7460317611694336,0.777777910232544,-0.4920634627342224,0.3968254327774048,-0.3650793433189392,0.3968254327774048,1.5238096714019775,0.8888888955116272,0.761904776096344
RESIDENTIALvilla_mesh0743,train,14333,-0.7460317611694336,0.7460318803787231,-0.3015872836112976,0.3333333730697632,-0.5873015522956848,0.6190477609634399,1.4920636415481567,0.6349206566810608,1.2063493728637695
RESIDENTIALvilla_mesh0769,train,1035,-0.6190475821495056,0.6507937908172607,-0.4285714030265808,0.4603174924850464,-0.7460317611694336,0.777777910232544,1.2698414325714111,0.8888888955116272,1.5238096714019775
RESIDENTIALvilla_mesh0785,train,2144,-0.20634913444519043,0.7460318803787231,-0.14285707473754883,0.17460322380065918,-0.3015872836112976,0.3015873432159424,0.9523810148239136,0.317460298538208,0.60317462682724
RESIDENTIALvilla_mesh0801,train,948,-0.3333333134651184,0.2698413133621216,-0.07936501502990723,0.11111116409301758,-0.5238094925880432,0.777777910232544,0.60317462682724,0.1904761791229248,1.3015873432159424
RESIDENTIALvilla_mesh0823,train,1008,-0.7142857313156128,0.7460318803787231,-0.11111104488372803,0.14285719394683838,-0.7460317611694336,0.777777910232544,1.460317611694336,0.2539682388305664,1.5238096714019775
RESIDENTIALvilla_mesh0831,val,6528,-0.555555522441864,0.5555557012557983,-0.6190475821495056,0.5555557012557983,-0.7460317611694336,0.777777910232544,1.1111111640930176,1.1746032238006592,1.5238096714019775
RESIDENTIALvilla_mesh0844,train,24650,-0.7460317611694336,0.777777910232544,-0.3333333134651184,0.365079402923584,-0.5238094925880432,0.5873017311096191,1.5238096714019775,0.6984127163887024,1.1111111640930176
RESIDENTIALvilla_mesh0874,train,433,-0.14285707473754883,0.5238096714019775,-0.17460310459136963,0.20634925365447998,-0.6507936716079712,0.6190477609634399,0.6666667461395264,0.3809523582458496,1.2698414325714111
RESIDENTIALvilla_mesh0903,train,4263,-0.7460317611694336,0.777777910232544,-0.3015872836112976,0.3015873432159424,-0.4285714030265808,0.5238096714019775,1.5238096714019775,0.60317462682724,0.9523810744285583
RESIDENTIALvilla_mesh0908,train,3799,-0.5238094925880432,0.5873017311096191,-0.2698412537574768,0.04761910438537598,-0.555555522441864,0.777777910232544,1.1111111640930176,0.3174603581428528,1.3333334922790527
RESIDENTIALvilla_mesh0923,train,4191,-0.7460317611694336,0.777777910232544,-0.3333333134651184,0.365079402923584,-0.4603174328804016,0.4920635223388672,1.5238096714019775,0.6984127163887024,0.9523809552192688
RESIDENTIALvilla_mesh0978,test,5367,-0.6190475821495056,0.5238096714019775,-0.20634913444519043,0.23809528350830078,-0.6190475821495056,0.7460318803787231,1.142857313156128,0.4444444179534912,1.365079402923584
RESIDENTIALvilla_mesh0983,test,1543,-0.7142857313156128,0.6825398206710815,-0.3015872836112976,0.4603174924850464,-0.5873015522956848,0.6825398206710815,1.3968255519866943,0.761904776096344,1.2698414325714111
RESIDENTIALvilla_mesh1002,train,431,-0.23809516429901123,0.2698413133621216,-0.14285707473754883,0.11111116409301758,-0.3015872836112976,0.5873017311096191,0.5079364776611328,0.2539682388305664,0.8888890147209167
RESIDENTIALvilla_mesh1009,train,1677,-0.6190475821495056,0.777777910232544,-0.23809516429901123,0.2698413133621216,-0.6190475821495056,0.6507937908172607,1.3968255519866943,0.5079364776611328,1.2698414325714111
RESIDENTIALvilla_mesh1013,train,5114,-0.5873015522956848,0.6507937908172607,-0.23809516429901123,0.14285719394683838,-0.7460317611694336,0.5873017311096191,1.2380952835083008,0.3809523582458496,1.3333334922790527
RESIDENTIALvilla_mesh1023,train,13816,-0.7142857313156128,0.7460318803787231,-0.39682537317276,0.4285714626312256,-0.4920634627342224,0.5238096714019775,1.460317611694336,0.8253968358039856,1.0158731937408447
RESIDENTIALvilla_mesh1029,train,2629,-0.4920634627342224,0.6825398206710815,-0.3015872836112976,0.3015873432159424,-0.7460317611694336,0.777777910232544,1.1746032238006592,0.60317462682724,1.5238096714019775
RESIDENTIALvilla_mesh1035,train,1331,-0.7460317611694336,0.777777910232544,-0.20634913444519043,0.23809528350830078,-0.4285714030265808,0.4920635223388672,1.5238096714019775,0.4444444179534912,0.920634925365448
RESIDENTIALvilla_mesh1043,train,227,-0.682539701461792,0.7142858505249023,-0.20634913444519043,0.23809528350830078,-0.6190475821495056,0.5555557012557983,1.3968255519866943,0.4444444179534912,1.1746032238006592
RESIDENTIALvilla_mesh1044,train,2080,-0.5238094925880432,0.6190477609634399,-0.14285707473754883,0.11111116409301758,-0.7142857313156128,0.4603174924850464,1.142857313156128,0.2539682388305664,1.1746032238006592
RESIDENTIALvilla_mesh1050,train,857,-0.5238094925880432,0.777777910232544,-0.3333333134651184,0.4285714626312256,-0.5873015522956848,0.5873017311096191,1.3015873432159424,0.761904776096344,1.1746032238006592
RESIDENTIALvilla_mesh1056,train,3803,-0.4603174328804016,0.4920635223388672,-0.20634913444519043,0.23809528350830078,-0.7460317611694336,0.777777910232544,0.9523809552192688,0.4444444179534912,1.5238096714019775
RESIDENTIALvilla_mesh1061,train,1678,-0.6190475821495056,0.777777910232544,-0.11111104488372803,0.14285719394683838,-0.5873015522956848,0.5555557012557983,1.3968255519866943,0.2539682388305664,1.142857313156128
RESIDENTIALvilla_mesh1071,train,339,0.20634925365447998,0.4285714626312256,-0.14285707473754883,0.17460322380065918,-0.23809516429901123,0.07936513423919678,0.2222222089767456,0.317460298538208,0.317460298538208
RESIDENTIALvilla_mesh1089,val,581,0.17460322380065918,0.777777910232544,-0.17460310459136963,0.20634925365447998,-0.07936501502990723,0.14285719394683838,0.6031746864318848,0.3809523582458496,0.2222222089767456
RESIDENTIALvilla_mesh1103,train,9211,-0.7460317611694336,0.777777910232544,-0.2698412537574768,0.3015873432159424,-0.6190475821495056,0.6507937908172607,1.5238096714019775,0.5714285969734192,1.2698414325714111
RESIDENTIALvilla_mesh1159,train,1834,-0.2698412537574768,0.3015873432159424,-0.3015872836112976,0.3333333730697632,-0.7460317611694336,0.777777910232544,0.5714285969734192,0.6349206566810608,1.5238096714019775
RESIDENTIALvilla_mesh1167,test,1764,-0.11111104488372803,0.4603174924850464,-0.23809516429901123,0.2698413133621216,-0.20634913444519043,0.365079402923584,0.5714285373687744,0.5079364776611328,0.5714285373687744
RESIDENTIALvilla_mesh1180,train,5757,-0.4285714030265808,0.4603174924850464,-0.17460310459136963,0.20634925365447998,-0.7460317611694336,0.4603174924850464,0.8888888955116272,0.3809523582458496,1.20634925365448
RESIDENTIALvilla_mesh1230,train,408,-0.6190475821495056,0.4920635223388672,-0.23809516429901123,0.2698413133621216,-0.39682537317276,0.6825398206710815,1.1111111640930176,0.5079364776611328,1.0793652534484863
RESIDENTIALvilla_mesh1258,train,1465,-0.6190475821495056,0.777777910232544,-0.14285707473754883,0.17460322380065918,-0.7142857313156128,0.6825398206710815,1.3968255519866943,0.317460298538208,1.3968255519866943
RESIDENTIALvilla_mesh1261,train,789,-0.7460317611694336,0.7460318803787231,-0.20634913444519043,0.23809528350830078,-0.6190475821495056,0.7142858505249023,1.4920636415481567,0.4444444179534912,1.3333334922790527
RESIDENTIALvilla_mesh1277,train,197,0.4603174924850464,0.777777910232544,-0.015872955322265625,0.04761910438537598,-0.23809516429901123,0.11111116409301758,0.31746041774749756,0.0634920597076416,0.3492063283920288
RESIDENTIALvilla_mesh1281,train,1439,-0.39682537317276,0.5555557012557983,-0.11111104488372803,0.14285719394683838,-0.4920634627342224,0.5238096714019775,0.9523810744285583,0.2539682388305664,1.0158731937408447
RESIDENTIALvilla_mesh1288,train,1052,-0.7460317611694336,0.777777910232544,-0.14285707473754883,0.17460322380065918,-0.5873015522956848,0.6190477609634399,1.5238096714019775,0.317460298538208,1.2063493728637695
RESIDENTIALvilla_mesh1290,train,3097,-0.6507936716079712,0.5873017311096191,-0.20634913444519043,0.23809528350830078,-0.3650793433189392,0.4285714626312256,1.2380954027175903,0.4444444179534912,0.7936508059501648
RESIDENTIALvilla_mesh1310,train,25971,-0.7460317611694336,0.777777910232544,-0.5873015522956848,0.6507937908172607,-0.4285714030265808,0.4603174924850464,1.5238096714019775,1.2380952835083008,0.8888888955116272
RESIDENTIALvilla_mesh1326,test,9310,-0.7460317611694336,0.7460318803787231,-0.4603174328804016,0.3015873432159424,-0.4920634627342224,0.6190477609634399,1.4920636415481567,0.761904776096344,1.1111111640930176
RESIDENTIALvilla_mesh1337,val,561,-0.39682537317276,0.3968254327774048,-0.047618985176086426,0.07936513423919678,-0.047618985176086426,0.5555557012557983,0.7936508059501648,0.1269841194152832,0.6031746864318848
RESIDENTIALvilla_mesh1345,train,2850,-0.7142857313156128,0.7460318803787231,-0.3650793433189392,0.4285714626312256,-0.6507936716079712,0.6825398206710815,1.460317611694336,0.7936508059501648,1.3333334922790527
RESIDENTIALvilla_mesh1362,train,16034,-0.555555522441864,0.7142858505249023,-0.3015872836112976,0.6825398206710815,-0.7460317611694336,0.4285714626312256,1.2698414325714111,0.9841271042823792,1.1746032238006592
RESIDENTIALvilla_mesh1398,train,211,-0.2698412537574768,0.3333333730697632,-0.11111104488372803,0.14285719394683838,-0.4285714030265808,0.4920635223388672,0.60317462682724,0.2539682388305664,0.920634925365448
RESIDENTIALvilla_mesh1410,test,400,-0.4285714030265808,0.4603174924850464,-0.14285707473754883,0.17460322380065918,-0.14285707473754883,0.23809528350830078,0.8888888955116272,0.317460298538208,0.3809523582458496
RESIDENTIALvilla_mesh1432,train,1223,-0.4920634627342224,0.365079402923584,-0.20634913444519043,0.23809528350830078,-0.4285714030265808,0.20634925365447998,0.8571428656578064,0.4444444179534912,0.6349206566810608
RESIDENTIALvilla_mesh1457,train,3534,-0.7460317611694336,0.7142858505249023,-0.39682537317276,0.4285714626312256,-0.682539701461792,0.7142858505249023,1.460317611694336,0.8253968358039856,1.3968255519866943
RESIDENTIALvilla_mesh1458,train,1937,-0.7460317611694336,-0.17460310459136963,-0.2698412537574768,0.23809528350830078,-0.5238094925880432,0.4603174924850464,0.571428656578064,0.5079365372657776,0.9841269850730896
RESIDENTIALvilla_mesh1480,train,8868,-0.7460317611694336,0.7460318803787231,-0.3015872836112976,0.3333333730697632,-0.6190475821495056,0.6507937908172607,1.4920636415481567,0.6349206566810608,1.2698414325714111
RESIDENTIALvilla_mesh1499,train,1021,-0.4603174328804016,0.4920635223388672,-0.17460310459136963,0.20634925365447998,-0.7460317611694336,0.5238096714019775,0.9523809552192688,0.3809523582458496,1.2698414325714111
RESIDENTIALvilla_mesh1509,train,729,-0.3015872836112976,0.4285714626312256,-0.20634913444519043,0.20634925365447998,-0.4603174328804016,0.4920635223388672,0.7301587462425232,0.4126983880996704,0.9523809552192688
RESIDENTIALvilla_mesh1526,train,2118,-0.39682537317276,0.4285714626312256,-0.11111104488372803,0.14285719394683838,-0.7460317611694336,0.777777910232544,0.8253968358039856,0.2539682388305664,1.5238096714019775
RESIDENTIALvilla_mesh1527,test,1581,-0.7460317611694336,0.04761910438537598,0.2698413133621216,0.4920635223388672,-0.6190475821495056,0.17460322380065918,0.7936508655548096,0.2222222089767456,0.7936508059501648
RESIDENTIALvilla_mesh1552,train,4594,-0.682539701461792,0.7142858505249023,-0.17460310459136963,0.20634925365447998,-0.14285707473754883,0.777777910232544,1.3968255519866943,0.3809523582458496,0.9206349849700928
RESIDENTIALvilla_mesh1583,train,6306,-0.7142857313156128,0.777777910232544,-0.3015872836112976,0.2698413133621216,-0.39682537317276,0.3968254327774048,1.4920636415481567,0.5714285969734192,0.7936508059501648
RESIDENTIALvilla_mesh1609,train,1903,-0.4285714030265808,0.5555557012557983,-0.3650793433189392,0.3015873432159424,-0.7460317611694336,0.6507937908172607,0.9841271042823792,0.6666666865348816,1.3968255519866943
RESIDENTIALvilla_mesh1614,train,1039,-0.5873015522956848,0.4603174924850464,-0.2698412537574768,0.3333333730697632,-0.7460317611694336,0.6825398206710815,1.047619104385376,0.60317462682724,1.4285715818405151
RESIDENTIALvilla_mesh1617,val,2613,-0.7142857313156128,0.777777910232544,-0.7460317611694336,0.777777910232544,-0.5873015522956848,0.6190477609634399,1.4920636415481567,1.5238096714019775,1.2063493728637695
RESIDENTIALvilla_mesh1626,train,170,-0.3015872836112976,0.3333333730697632,-0.07936501502990723,0.04761910438537598,-0.5873015522956848,0.6190477609634399,0.6349206566810608,0.1269841194152832,1.2063493728637695
RESIDENTIALvilla_mesh1634,train,2309,-0.555555522441864,0.5873017311096191,-0.7460317611694336,0.777777910232544,-0.682539701461792,0.7460318803787231,1.142857313156128,1.5238096714019775,1.4285715818405151
RESIDENTIALvilla_mesh1642,train,627,-0.682539701461792,-0.20634913444519043,-0.14285707473754883,0.17460322380065918,-0.07936501502990723,0.365079402923584,0.47619056701660156,0.317460298538208,0.4444444179534912
RESIDENTIALvilla_mesh1674,train,698,-0.7142857313156128,0.7142858505249023,-0.14285707473754883,0.17460322380065918,-0.3650793433189392,0.17460322380065918,1.4285715818405151,0.317460298538208,0.5396825671195984
RESIDENTIALvilla_mesh1699,train,488,-0.6507936716079712,0.6825398206710815,-0.20634913444519043,0.14285719394683838,-0.6190475821495056,0.7142858505249023,1.3333334922790527,0.3492063283920288,1.3333334922790527
RESIDENTIALvilla_mesh1702,train,1607,-0.7460317611694336,0.777777910232544,-0.2698412537574768,0.3015873432159424,-0.7460317611694336,0.777777910232544,1.5238096714019775,0.5714285969734192,1.5238096714019775
RESIDENTIALvilla_mesh1714,train,6024,-0.7142857313156128,0.777777910232544,-0.23809516429901123,0.2698413133621216,-0.5238094925880432,0.5555557012557983,1.4920636415481567,0.5079364776611328,1.0793652534484863
RESIDENTIALvilla_mesh1739,train,524,-0.7142857313156128,0.777777910232544,-0.3333333134651184,0.365079402923584,-0.4603174328804016,0.5555557012557983,1.4920636415481567,0.6984127163887024,1.0158731937408447
RESIDENTIALvilla_mesh1755,val,199,-0.7460317611694336,0.6825398206710815,-0.047618985176086426,0.04761910438537598,-0.3333333134651184,0.3333333730697632,1.4285715818405151,0.0952380895614624,0.6666666865348816
RESIDENTIALvilla_mesh1762,train,14593,-0.7460317611694336,0.777777910232544,-0.3650793433189392,0.3968254327774048,-0.6190475821495056,0.6507937908172607,1.5238096714019775,0.761904776096344,1.2698414325714111
RESIDENTIALvilla_mesh1764,train,851,-0.7460317611694336,0.777777910232544,-0.6507936716079712,0.6507937908172607,-0.6190475821495056,0.7142858505249023,1.5238096714019775,1.301587462425232,1.3333334922790527
RESIDENTIALvilla_mesh1794,train,240,-0.17460310459136963,0.3968254327774048,-0.047618985176086426,0.07936513423919678,-0.3333333134651184,0.11111116409301758,0.5714285373687744,0.1269841194152832,0.444444477558136
RESIDENTIALvilla_mesh1795,train,5304,-0.7460317611694336,0.7460318803787231,-0.3333333134651184,0.365079402923584,-0.5873015522956848,0.5873017311096191,1.4920636415481567,0.6984127163887024,1.1746032238006592
RESIDENTIALvilla_mesh1796,train,4310,-0.5238094925880432,0.5555557012557983,-0.17460310459136963,0.20634925365447998,-0.7460317611694336,0.777777910232544,1.0793652534484863,0.3809523582458496,1.5238096714019775
RESIDENTIALvilla_mesh1818,train,3006,-0.7460317611694336,0.777777910232544,-0.4603174328804016,0.4603174924850464,-0.5238094925880432,0.5555557012557983,1.5238096714019775,0.920634925365448,1.0793652534484863
RESIDENTIALvilla_mesh1869,train,1003,-0.682539701461792,0.777777910232544,-0.4920634627342224,0.5238096714019775,-0.6507936716079712,0.6825398206710815,1.460317611694336,1.0158731937408447,1.3333334922790527
RESIDENTIALvilla_mesh1946,train,647,-0.14285707473754883,0.20634925365447998,-0.07936501502990723,0.11111116409301758,-0.14285707473754883,0.17460322380065918,0.3492063283920288,0.1904761791229248,0.317460298538208
RESIDENTIALvilla_mesh1969,train,4039,-0.5873015522956848,0.6190477609634399,-0.20634913444519043,0.23809528350830078,-0.7460317611694336,0.6825398206710815,1.2063493728637695,0.4444444179534912,1.4285715818405151
RESIDENTIALvilla_mesh1981,train,1051,-0.4920634627342224,0.4603174924850464,-0.23809516429901123,0.2698413133621216,-0.7142857313156128,0.04761910438537598,0.9523809552192688,0.5079364776611328,0.7619048357009888
RESIDENTIALvilla_mesh2039,train,890,-0.4285714030265808,0.4920635223388672,-0.2698412537574768,0.2698413133621216,-0.7460317611694336,0.777777910232544,0.920634925365448,0.5396825671195984,1.5238096714019775
RESIDENTIALvilla_mesh2077,train,4367,-0.4285714030265808,0.4603174924850464,-0.20634913444519043,0.23809528350830078,-0.7460317611694336,0.777777910232544,0.8888888955116272,0.4444444179534912,1.5238096714019775
RESIDENTIALvilla_mesh2078,train,10039,-0.6190475821495056,0.5555557012557983,-0.6507936716079712,0.6825398206710815,-0.7460317611694336,0.7460318803787231,1.1746032238006592,1.3333334922790527,1.4920636415481567
RESIDENTIALvilla_mesh2079,test,8040,-0.17460310459136963,0.20634925365447998,-0.3650793433189392,0.3968254327774048,-0.7460317611694336,0.777777910232544,0.3809523582458496,0.761904776096344,1.5238096714019775
RESIDENTIALvilla_mesh2082,val,637,-0.4603174328804016,0.4920635223388672,-0.14285707473754883,0.20634925365447998,-0.682539701461792,0.7460318803787231,0.9523809552192688,0.3492063283920288,1.4285715818405151
RESIDENTIALvilla_mesh2102,train,20772,-0.4603174328804016,0.4920635223388672,-0.4285714030265808,0.4603174924850464,-0.6507936716079712,0.7460318803787231,0.9523809552192688,0.8888888955116272,1.3968255519866943
RESIDENTIALvilla_mesh2165,train,1492,-0.4603174328804016,0.5555557012557983,-0.14285707473754883,0.17460322380065918,-0.3650793433189392,0.6507937908172607,1.0158731937408447,0.317460298538208,1.0158731937408447
RESIDENTIALvilla_mesh2225,train,2800,-0.3333333134651184,0.4920635223388672,-0.11111104488372803,0.14285719394683838,-0.4920634627342224,0.3968254327774048,0.8253968358039856,0.2539682388305664,0.8888888955116272
RESIDENTIALvilla_mesh2260,train,20308,-0.7460317611694336,0.777777910232544,-0.3650793433189392,0.3968254327774048,-0.682539701461792,0.7142858505249023,1.5238096714019775,0.761904776096344,1.3968255519866943
RESIDENTIALvilla_mesh2297,train,5586,-0.7460317611694336,0.777777910232544,-0.2698412537574768,0.3015873432159424,-0.7142857313156128,0.7460318803787231,1.5238096714019775,0.5714285969734192,1.460317611694336
RESIDENTIALvilla_mesh2302,train,199,-0.17460310459136963,0.20634925365447998,-0.11111104488372803,0.14285719394683838,-0.7460317611694336,0.4285714626312256,0.3809523582458496,0.2539682388305664,1.1746032238006592
RESIDENTIALvilla_mesh2356,train,299,-0.7142857313156128,0.6825398206710815,-0.39682537317276,0.4285714626312256,-0.6190475821495056,0.6825398206710815,1.3968255519866943,0.8253968358039856,1.3015873432159424
RESIDENTIALvilla_mesh2377,train,1456,-0.682539701461792,0.6825398206710815,-0.17460310459136963,0.20634925365447998,-0.39682537317276,0.4603174924850464,1.3650795221328735,0.3809523582458496,0.8571428656578064
RESIDENTIALvilla_mesh2379,train,2032,-0.555555522441864,0.6190477609634399,-0.11111104488372803,0.14285719394683838,-0.555555522441864,0.6507937908172607,1.1746032238006592,0.2539682388305664,1.2063493728637695
RESIDENTIALvilla_mesh2384,train,9836,-0.7460317611694336,0.777777910232544,-0.4920634627342224,0.5238096714019775,-0.7142857313156128,0.7460318803787231,1.5238096714019775,1.0158731937408447,1.460317611694336
RESIDENTIALvilla_mesh2394,train,106,-0.3015872836112976,0.2698413133621216,-0.11111104488372803,0.14285719394683838,-0.4285714030265808,0.04761910438537598,0.5714285969734192,0.2539682388305664,0.4761905074119568
RESIDENTIALvilla_mesh2432,train,7012,-0.7460317611694336,0.777777910232544,-0.3015872836112976,0.3333333730697632,-0.7142857313156128,0.7460318803787231,1.5238096714019775,0.6349206566810608,1.460317611694336
RESIDENTIALvilla_mesh2451,train,12481,-0.4285714030265808,0.4285714626312256,-0.3650793433189392,0.3968254327774048,-0.6190475821495056,0.3968254327774048,0.8571428656578064,0.761904776096344,1.0158729553222656
RESIDENTIALvilla_mesh2463,train,176,-0.4603174328804016,0.5873017311096191,-0.07936501502990723,0.07936513423919678,-0.015872955322265625,0.4920635223388672,1.047619104385376,0.158730149269104,0.5079364776611328
RESIDENTIALvilla_mesh2471,train,8383,-0.3015872836112976,0.4603174924850464,-0.3333333134651184,0.365079402923584,-0.7142857313156128,0.5238096714019775,0.761904776096344,0.6984127163887024,1.2380954027175903
RESIDENTIALvilla_mesh2480,train,721,-0.39682537317276,0.777777910232544,-0.17460310459136963,0.07936513423919678,-0.3333333134651184,0.23809528350830078,1.1746032238006592,0.2539682388305664,0.5714285969734192
RESIDENTIALvilla_mesh2484,train,4232,-0.7460317611694336,0.777777910232544,-0.07936501502990723,0.14285719394683838,-0.555555522441864,0.5873017311096191,1.5238096714019775,0.2222222089767456,1.142857313156128
RESIDENTIALvilla_mesh2485,train,1390,-0.2698412537574768,0.3968254327774048,-0.20634913444519043,0.11111116409301758,-0.7142857313156128,0.7142858505249023,0.6666666865348816,0.317460298538208,1.4285715818405151
RESIDENTIALvilla_mesh2493,train,4638,-0.5238094925880432,0.5555557012557983,-0.14285707473754883,0.17460322380065918,-0.4603174328804016,0.4603174924850464,1.0793652534484863,0.317460298538208,0.920634925365448
RESIDENTIALvilla_mesh2517,train,774,-0.4603174328804016,0.4920635223388672,-0.07936501502990723,0.17460322380065918,-0.7142857313156128,0.365079402923584,0.9523809552192688,0.2539682388305664,1.0793651342391968
RESIDENTIALvilla_mesh2537,test,290,-0.682539701461792,0.5238096714019775,-0.3015872836112976,0.3015873432159424,-0.7142857313156128,0.6825398206710815,1.2063493728637695,0.60317462682724,1.3968255519866943
RESIDENTIALvilla_mesh2583,train,18362,-0.7460317611694336,0.777777910232544,-0.3333333134651184,0.365079402923584,-0.39682537317276,0.5555557012557983,1.5238096714019775,0.6984127163887024,0.9523810744285583
RESIDENTIALvilla_mesh2591,val,2354,-0.555555522441864,0.777777910232544,-0.17460310459136963,0.20634925365447998,-0.682539701461792,0.7142858505249023,1.3333334922790527,0.3809523582458496,1.3968255519866943
RESIDENTIALvilla_mesh2603,train,1335,-0.555555522441864,0.5873017311096191,-0.3650793433189392,0.3968254327774048,-0.7460317611694336,0.777777910232544,1.142857313156128,0.761904776096344,1.5238096714019775
RESIDENTIALvilla_mesh2615,val,1439,-0.7460317611694336,0.3968254327774048,-0.07936501502990723,0.11111116409301758,-0.23809516429901123,0.5238096714019775,1.1428571939468384,0.1904761791229248,0.7619048357009888
RESIDENTIALvilla_mesh2639,test,1327,-0.7142857313156128,0.777777910232544,-0.17460310459136963,0.17460322380065918,-0.7142857313156128,0.6507937908172607,1.4920636415481567,0.3492063283920288,1.3650795221328735
RESIDENTIALvilla_mesh2690,train,43592,-0.7460317611694336,0.777777910232544,-0.6190475821495056,0.6190477609634399,-0.6507936716079712,0.7142858505249023,1.5238096714019775,1.2380952835083008,1.3650795221328735
RESIDENTIALvilla_mesh2725,val,5550,-0.6507936716079712,0.6825398206710815,-0.17460310459136963,0.20634925365447998,-0.5873015522956848,0.5238096714019775,1.3333334922790527,0.3809523582458496,1.1111111640930176
RESIDENTIALvilla_mesh2726,train,145,-0.5238094925880432,0.7460318803787231,-0.11111104488372803,0.11111116409301758,-0.7142857313156128,0.5238096714019775,1.2698414325714111,0.2222222089767456,1.2380954027175903
RESIDENTIALvilla_mesh2735,train,50221,-0.7142857313156128,0.7460318803787231,-0.4603174328804016,0.4603174924850464,-0.7460317611694336,0.777777910232544,1.460317611694336,0.920634925365448,1.5238096714019775
RESIDENTIALvilla_mesh2736,val,2819,-0.3333333134651184,0.3968254327774048,-0.07936501502990723,0.11111116409301758,-0.7460317611694336,0.7460318803787231,0.7301587462425232,0.1904761791229248,1.4920636415481567
RESIDENTIALvilla_mesh2750,train,7391,-0.682539701461792,0.7142858505249023,-0.682539701461792,0.7142858505249023,-0.7460317611694336,0.777777910232544,1.3968255519866943,1.3968255519866943,1.5238096714019775
RESIDENTIALvilla_mesh2775,train,1522,-0.2698412537574768,0.3015873432159424,-0.17460310459136963,0.20634925365447998,-0.7460317611694336,0.777777910232544,0.5714285969734192,0.3809523582458496,1.5238096714019775
RESIDENTIALvilla_mesh2778,val,3110,-0.39682537317276,0.3968254327774048,-0.14285707473754883,0.17460322380065918,-0.39682537317276,0.4285714626312256,0.7936508059501648,0.317460298538208,0.8253968358039856
RESIDENTIALvilla_mesh2801,test,830,-0.7460317611694336,0.7460318803787231,-0.07936501502990723,0.11111116409301758,-0.555555522441864,0.5873017311096191,1.4920636415481567,0.1904761791229248,1.142857313156128
RESIDENTIALvilla_mesh2805,train,997,-0.5238094925880432,0.4285714626312256,-0.07936501502990723,0.11111116409301758,-0.3015872836112976,0.2698413133621216,0.9523809552192688,0.1904761791229248,0.5714285969734192
RESIDENTIALvilla_mesh2816,train,3820,-0.7460317611694336,0.777777910232544,-0.23809516429901123,0.2698413133621216,-0.5873015522956848,0.6190477609634399,1.5238096714019775,0.5079364776611328,1.2063493728637695
RESIDENTIALvilla_mesh2826,train,12783,-0.7460317611694336,0.777777910232544,-0.39682537317276,0.4285714626312256,-0.6507936716079712,0.6825398206710815,1.5238096714019775,0.8253968358039856,1.3333334922790527
RESIDENTIALvilla_mesh2832,train,6499,-0.4920634627342224,0.5238096714019775,-0.20634913444519043,0.23809528350830078,-0.7460317611694336,0.777777910232544,1.0158731937408447,0.4444444179534912,1.5238096714019775
RESIDENTIALvilla_mesh2855,train,392,-0.3650793433189392,0.5873017311096191,-0.11111104488372803,0.14285719394683838,-0.3015872836112976,0.7142858505249023,0.9523810744285583,0.2539682388305664,1.0158731937408447
RESIDENTIALvilla_mesh2872,train,8550,-0.7142857313156128,0.7460318803787231,-0.4920634627342224,0.4920635223388672,-0.7460317611694336,0.7460318803787231,1.460317611694336,0.9841269850730896,1.4920636415481567
RESIDENTIALvilla_mesh2875,train,3556,-0.5238094925880432,0.5555557012557983,-0.39682537317276,0.4285714626312256,-0.7142857313156128,0.777777910232544,1.0793652534484863,0.8253968358039856,1.4920636415481567
RESIDENTIALvilla_mesh2881,train,2087,-0.6190475821495056,0.6190477609634399,-0.3650793433189392,0.3968254327774048,-0.7460317611694336,0.777777910232544,1.2380952835083008,0.761904776096344,1.5238096714019775
RESIDENTIALvilla_mesh2900,val,1456,-0.7460317611694336,0.6825398206710815,-0.17460310459136963,0.17460322380065918,-0.555555522441864,0.5873017311096191,1.4285715818405151,0.3492063283920288,1.142857313156128
RESIDENTIALvilla_mesh2926,train,3697,-0.7460317611694336,0.777777910232544,-0.6507936716079712,0.6825398206710815,-0.7460317611694336,0.777777910232544,1.5238096714019775,1.3333334922790527,1.5238096714019775
RESIDENTIALvilla_mesh2972,train,3122,-0.682539701461792,0.7142858505249023,-0.4285714030265808,0.4603174924850464,-0.555555522441864,0.5555557012557983,1.3968255519866943,0.8888888955116272,1.1111111640930176
RESIDENTIALvilla_mesh2979,train,21853,-0.7460317611694336,0.777777910232544,-0.7142857313156128,0.7142858505249023,-0.5238094925880432,0.5555557012557983,1.5238096714019775,1.4285715818405151,1.0793652534484863
RESIDENTIALvilla_mesh2996,train,1635,-0.4285714030265808,0.777777910232544,-0.17460310459136963,0.23809528350830078,-0.3015872836112976,0.3333333730697632,1.2063493728637695,0.4126983880996704,0.6349206566810608
RESIDENTIALvilla_mesh2997,train,22869,-0.7460317611694336,0.777777910232544,-0.4603174328804016,0.4920635223388672,-0.6190475821495056,0.6507937908172607,1.5238096714019775,0.9523809552192688,1.2698414325714111
RESIDENTIALvilla_mesh3025,train,485,-0.07936501502990723,0.20634925365447998,-0.07936501502990723,0.11111116409301758,-0.555555522441864,0.5238096714019775,0.2857142686843872,0.1904761791229248,1.0793652534484863
RESIDENTIALvilla_mesh3045,train,2043,-0.555555522441864,0.3968254327774048,-0.14285707473754883,0.14285719394683838,-0.4285714030265808,0.6825398206710815,0.9523809552192688,0.2857142686843872,1.1111111640930176
RESIDENTIALvilla_mesh3082,train,10301,-0.7460317611694336,0.777777910232544,-0.2698412537574768,0.3015873432159424,-0.4285714030265808,0.4603174924850464,1.5238096714019775,0.5714285969734192,0.8888888955116272
RESIDENTIALvilla_mesh3101,val,1659,-0.6507936716079712,0.6825398206710815,-0.39682537317276,0.4285714626312256,-0.7460317611694336,0.7460318803787231,1.3333334922790527,0.8253968358039856,1.4920636415481567
RESIDENTIALvilla_mesh3108,train,625,-0.7460317611694336,0.777777910232544,-0.3015872836112976,0.3015873432159424,-0.3650793433189392,0.5873017311096191,1.5238096714019775,0.60317462682724,0.9523810744285583
RESIDENTIALvilla_mesh3119,train,1014,-0.39682537317276,0.4285714626312256,-0.015872955322265625,0.14285719394683838,-0.3333333134651184,0.777777910232544,0.8253968358039856,0.158730149269104,1.1111111640930176
RESIDENTIALvilla_mesh3161,train,2131,-0.6507936716079712,0.6825398206710815,-0.17460310459136963,0.17460322380065918,-0.7460317611694336,0.777777910232544,1.3333334922790527,0.3492063283920288,1.5238096714019775
RESIDENTIALvilla_mesh3171,train,2223,-0.5238094925880432,0.5555557012557983,-0.2698412537574768,0.3015873432159424,-0.7460317611694336,0.7460318803787231,1.0793652534484863,0.5714285969734192,1.4920636415481567
RESIDENTIALvilla_mesh3193,train,117,-0.682539701461792,0.6507937908172607,-0.3015872836112976,0.3015873432159424,-0.7460317611694336,0.777777910232544,1.3333334922790527,0.60317462682724,1.5238096714019775
RESIDENTIALvilla_mesh3202,train,6232,-0.4920634627342224,0.5238096714019775,-0.2698412537574768,0.3015873432159424,-0.7460317611694336,0.777777910232544,1.0158731937408447,0.5714285969734192,1.5238096714019775
RESIDENTIALvilla_mesh3222,train,577,-0.555555522441864,0.6507937908172607,-0.23809516429901123,0.23809528350830078,-0.5238094925880432,0.5238096714019775,1.2063493728637695,0.476190447807312,1.047619104385376
RESIDENTIALvilla_mesh3236,train,1906,-0.7460317611694336,0.777777910232544,-0.11111104488372803,0.14285719394683838,-0.5873015522956848,0.5555557012557983,1.5238096714019775,0.2539682388305664,1.142857313156128
RESIDENTIALvilla_mesh3265,train,1534,-0.7460317611694336,0.7460318803787231,-0.17460310459136963,0.20634925365447998,-0.7460317611694336,0.777777910232544,1.4920636415481567,0.3809523582458496,1.5238096714019775
RESIDENTIALvilla_mesh3275,val,41,0.4603174924850464,0.6825398206710815,-0.015872955322265625,0.04761910438537598,-0.3015872836112976,-0.17460310459136963,0.22222232818603516,0.0634920597076416,0.12698417901992798
RESIDENTIALvilla_mesh3333,train,917,-0.4285714030265808,0.5873017311096191,-0.3650793433189392,0.3968254327774048,-0.2698412537574768,0.5873017311096191,1.0158731937408447,0.761904776096344,0.857142984867096
RESIDENTIALvilla_mesh3334,val,7367,-0.555555522441864,0.5873017311096191,-0.4603174328804016,0.4920635223388672,-0.7460317611694336,0.777777910232544,1.142857313156128,0.9523809552192688,1.5238096714019775
RESIDENTIALvilla_mesh3339,train,21888,-0.7460317611694336,0.7460318803787231,-0.4285714030265808,0.4285714626312256,-0.5873015522956848,0.6507937908172607,1.4920636415481567,0.8571428656578064,1.2380952835083008
RESIDENTIALvilla_mesh3347,train,9777,-0.7142857313156128,0.7460318803787231,-0.2698412537574768,0.3015873432159424,-0.6507936716079712,0.6507937908172607,1.460317611694336,0.5714285969734192,1.301587462425232
RESIDENTIALvilla_mesh3354,train,1845,-0.17460310459136963,0.4285714626312256,-0.14285707473754883,0.17460322380065918,-0.5873015522956848,0.3333333730697632,0.6031745672225952,0.317460298538208,0.920634925365448
RESIDENTIALvilla_mesh3359,train,1516,-0.4285714030265808,0.4920635223388672,-0.11111104488372803,0.14285719394683838,-0.7460317611694336,0.5555557012557983,0.920634925365448,0.2539682388305664,1.301587462425232
RESIDENTIALvilla_mesh3373,train,153,-0.7460317611694336,0.7142858505249023,-0.11111104488372803,0.11111116409301758,-0.17460310459136963,0.5238096714019775,1.460317611694336,0.2222222089767456,0.6984127759933472
RESIDENTIALvilla_mesh3381,train,10943,-0.555555522441864,0.5873017311096191,-0.2698412537574768,0.2698413133621216,-0.7460317611694336,0.777777910232544,1.142857313156128,0.5396825671195984,1.5238096714019775
RESIDENTIALvilla_mesh3422,train,2891,0.11111116409301758,0.777777910232544,-0.2698412537574768,0.2698413133621216,0.015873074531555176,0.3968254327774048,0.6666667461395264,0.5396825671195984,0.3809523582458496
RESIDENTIALvilla_mesh3445,train,591,-0.6190475821495056,0.6825398206710815,-0.07936501502990723,0.11111116409301758,-0.7460317611694336,0.777777910232544,1.3015873432159424,0.1904761791229248,1.5238096714019775
RESIDENTIALvilla_mesh3471,train,55,0.4603174924850464,0.777777910232544,-0.07936501502990723,0.11111116409301758,-0.14285707473754883,0.20634925365447998,0.31746041774749756,0.1904761791229248,0.3492063283920288
RESIDENTIALvilla_mesh3487,train,465,-0.20634913444519043,0.777777910232544,-0.17460310459136963,0.17460322380065918,-0.11111104488372803,0.365079402923584,0.9841270446777344,0.3492063283920288,0.476190447807312
RESIDENTIALvilla_mesh3488,val,6920,-0.6507936716079712,0.5238096714019775,-0.39682537317276,0.3968254327774048,-0.7460317611694336,0.6507937908172607,1.1746033430099487,0.7936508059501648,1.3968255519866943
RESIDENTIALvilla_mesh3500,train,632,-0.7460317611694336,0.777777910232544,-0.14285707473754883,0.17460322380065918,-0.7142857313156128,0.7460318803787231,1.5238096714019775,0.317460298538208,1.460317611694336
RESIDENTIALvilla_mesh3515,train,2663,-0.6190475821495056,0.777777910232544,-0.4285714030265808,0.17460322380065918,-0.6507936716079712,0.365079402923584,1.3968255519866943,0.60317462682724,1.0158730745315552
RESIDENTIALvilla_mesh3520,train,9252,-0.7460317611694336,0.777777910232544,-0.4285714030265808,0.4603174924850464,-0.6190475821495056,0.6507937908172607,1.5238096714019775,0.8888888955116272,1.2698414325714111
RESIDENTIALvilla_mesh3523,train,1283,-0.2698412537574768,0.3968254327774048,-0.11111104488372803,0.14285719394683838,-0.6507936716079712,0.365079402923584,0.6666666865348816,0.2539682388305664,1.0158730745315552
RESIDENTIALvilla_mesh3524,train,5628,-0.5873015522956848,0.6190477609634399,-0.3650793433189392,0.3968254327774048,-0.7460317611694336,0.777777910232544,1.2063493728637695,0.761904776096344,1.5238096714019775
RESIDENTIALvilla_mesh3525,train,994,-0.23809516429901123,0.3333333730697632,-0.11111104488372803,0.14285719394683838,-0.3015872836112976,0.2698413133621216,0.5714285373687744,0.2539682388305664,0.5714285969734192
RESIDENTIALvilla_mesh3541,train,3701,-0.6190475821495056,0.3015873432159424,-0.14285707473754883,0.17460322380065918,-0.3650793433189392,0.5238096714019775,0.920634925365448,0.317460298538208,0.8888890147209167
RESIDENTIALvilla_mesh3556,val,72,-0.11111104488372803,0.4603174924850464,-0.047618985176086426,0.07936513423919678,-0.3333333134651184,0.3333333730697632,0.5714285373687744,0.1269841194152832,0.6666666865348816
RESIDENTIALvilla_mesh3564,train,606,-0.39682537317276,0.4920635223388672,-0.17460310459136963,0.11111116409301758,-0.682539701461792,0.7142858505249023,0.8888888955116272,0.2857142686843872,1.3968255519866943
RESIDENTIALvilla_mesh3621,val,644,-0.682539701461792,0.7142858505249023,-0.3650793433189392,0.4285714626312256,-0.4603174328804016,0.4920635223388672,1.3968255519866943,0.7936508059501648,0.9523809552192688
RESIDENTIALvilla_mesh3665,test,2539,-0.7142857313156128,0.7142858505249023,-0.2698412537574768,0.17460322380065918,-0.39682537317276,0.4603174924850464,1.4285715818405151,0.444444477558136,0.8571428656578064
RESIDENTIALvilla_mesh3669,train,5474,-0.7460317611694336,0.6507937908172607,-0.4603174328804016,0.4920635223388672,-0.5873015522956848,0.6190477609634399,1.3968255519866943,0.9523809552192688,1.2063493728637695
RESIDENTIALvilla_mesh3671,train,3340,-0.7460317611694336,0.777777910232544,-0.2698412537574768,0.3015873432159424,-0.7460317611694336,0.777777910232544,1.5238096714019775,0.5714285969734192,1.5238096714019775
RESIDENTIALvilla_mesh3696,train,2273,-0.4285714030265808,0.777777910232544,-0.14285707473754883,0.17460322380065918,-0.6190475821495056,0.6507937908172607,1.2063493728637695,0.317460298538208,1.2698414325714111
RESIDENTIALvilla_mesh3704,train,2411,-0.682539701461792,0.777777910232544,-0.17460310459136963,0.20634925365447998,-0.555555522441864,0.3333333730697632,1.460317611694336,0.3809523582458496,0.8888888955116272
RESIDENTIALvilla_mesh3705,train,587,-0.39682537317276,0.4285714626312256,-0.3650793433189392,0.3968254327774048,-0.7460317611694336,0.7142858505249023,0.8253968358039856,0.761904776096344,1.460317611694336
RESIDENTIALvilla_mesh3736,train,405,-0.17460310459136963,0.365079402923584,-0.047618985176086426,0.07936513423919678,0.17460322380065918,0.7142858505249023,0.5396825075149536,0.1269841194152832,0.5396826267242432
RESIDENTIALvilla_mesh3737,train,25868,-0.7142857313156128,0.5555557012557983,-0.4285714030265808,0.4603174924850464,-0.5873015522956848,0.6190477609634399,1.2698414325714111,0.8888888955116272,1.2063493728637695
RESIDENTIALvilla_mesh3748,train,1557,-0.3015872836112976,0.4285714626312256,-0.047618985176086426,0.07936513423919678,-0.7460317611694336,0.6507937908172607,0.7301587462425232,0.1269841194152832,1.3968255519866943
RESIDENTIALvilla_mesh3755,train,189,-0.20634913444519043,0.11111116409301758,-0.047618985176086426,0.07936513423919678,0.365079402923584,0.777777910232544,0.317460298538208,0.1269841194152832,0.41269850730895996
RESIDENTIALvilla_mesh3796,train,1297,-0.5873015522956848,0.6190477609634399,-0.17460310459136963,0.11111116409301758,-0.4285714030265808,0.777777910232544,1.2063493728637695,0.2857142686843872,1.2063493728637695
RESIDENTIALvilla_mesh3812,train,699,-0.555555522441864,0.777777910232544,-0.11111104488372803,0.14285719394683838,-0.17460310459136963,0.20634925365447998,1.3333334922790527,0.2539682388305664,0.3809523582458496
RESIDENTIALvilla_mesh3843,train,1024,-0.2698412537574768,0.3015873432159424,-0.20634913444519043,0.23809528350830078,-0.7460317611694336,0.777777910232544,0.5714285969734192,0.4444444179534912,1.5238096714019775
RESIDENTIALvilla_mesh3861,train,846,-0.6190475821495056,0.6507937908172607,-0.17460310459136963,0.17460322380065918,-0.3650793433189392,0.777777910232544,1.2698414325714111,0.3492063283920288,1.142857313156128
RESIDENTIALvilla_mesh3870,train,285,-0.7460317611694336,0.777777910232544,-0.047618985176086426,0.07936513423919678,-0.4920634627342224,0.5238096714019775,1.5238096714019775,0.1269841194152832,1.0158731937408447
RESIDENTIALvilla_mesh3876,train,1427,-0.3015872836112976,0.3333333730697632,-0.23809516429901123,0.2698413133621216,-0.5873015522956848,0.7460318803787231,0.6349206566810608,0.5079364776611328,1.3333334922790527
RESIDENTIALvilla_mesh3888,train,2218,-0.7460317611694336,0.777777910232544,-0.23809516429901123,0.2698413133621216,-0.6190475821495056,0.6507937908172607,1.5238096714019775,0.5079364776611328,1.2698414325714111
RESIDENTIALvilla_mesh3938,train,720,-0.682539701461792,0.5555557012557983,-0.17460310459136963,0.20634925365447998,-0.555555522441864,0.6825398206710815,1.2380954027175903,0.3809523582458496,1.2380952835083008
RESIDENTIALvilla_mesh3942,train,519,-0.23809516429901123,0.23809528350830078,-0.07936501502990723,0.11111116409301758,-0.4920634627342224,0.015873074531555176,0.476190447807312,0.1904761791229248,0.5079365372657776
RESIDENTIALvilla_mesh4019,train,528,-0.4920634627342224,0.5238096714019775,-0.11111104488372803,0.11111116409301758,-0.682539701461792,0.777777910232544,1.0158731937408447,0.2222222089767456,1.460317611694336
RESIDENTIALvilla_mesh4050,train,1149,-0.7460317611694336,0.777777910232544,-0.015872955322265625,0.23809528350830078,-0.682539701461792,0.7142858505249023,1.5238096714019775,0.2539682388305664,1.3968255519866943
RESIDENTIALvilla_mesh4062,train,33583,-0.7460317611694336,0.777777910232544,-0.4285714030265808,0.4603174924850464,-0.6190475821495056,0.6507937908172607,1.5238096714019775,0.8888888955116272,1.2698414325714111
RESIDENTIALvilla_mesh4063,train,12616,-0.7460317611694336,0.777777910232544,-0.3333333134651184,0.365079402923584,-0.555555522441864,0.5873017311096191,1.5238096714019775,0.6984127163887024,1.142857313156128
RESIDENTIALvilla_mesh4067,val,35059,-0.7460317611694336,0.777777910232544,-0.4285714030265808,0.4285714626312256,-0.6190475821495056,0.6507937908172607,1.5238096714019775,0.8571428656578064,1.2698414325714111
RESIDENTIALvilla_mesh4069,train,18997,-0.7142857313156128,0.7460318803787231,-0.2698412537574768,0.3015873432159424,-0.7460317611694336,0.777777910232544,1.460317611694336,0.5714285969734192,1.5238096714019775
RESIDENTIALvilla_mesh4070,train,30741,-0.7460317611694336,0.777777910232544,-0.39682537317276,0.3968254327774048,-0.6190475821495056,0.6507937908172607,1.5238096714019775,0.7936508059501648,1.2698414325714111
RESIDENTIALvilla_mesh4074,train,25449,-0.555555522441864,0.5873017311096191,-0.4603174328804016,0.4920635223388672,-0.7460317611694336,0.777777910232544,1.142857313156128,0.9523809552192688,1.5238096714019775
RESIDENTIALvilla_mesh4092,train,6266,-0.555555522441864,0.3968254327774048,-0.23809516429901123,0.23809528350830078,-0.3650793433189392,0.4920635223388672,0.9523809552192688,0.476190447807312,0.8571428656578064
RESIDENTIALvilla_mesh4095,train,3343,-0.39682537317276,0.2698413133621216,-0.20634913444519043,0.23809528350830078,-0.17460310459136963,0.777777910232544,0.6666666865348816,0.4444444179534912,0.9523810148239136
RESIDENTIALvilla_mesh4133,train,2147,-0.7460317611694336,0.777777910232544,-0.07936501502990723,0.11111116409301758,-0.3650793433189392,0.365079402923584,1.5238096714019775,0.1904761791229248,0.7301587462425232
RESIDENTIALvilla_mesh4137,train,7132,-0.7460317611694336,0.777777910232544,-0.20634913444519043,0.23809528350830078,-0.7460317611694336,0.777777910232544,1.5238096714019775,0.4444444179534912,1.5238096714019775
RESIDENTIALvilla_mesh4156,train,1696,-0.4285714030265808,0.17460322380065918,-0.11111104488372803,0.14285719394683838,-0.682539701461792,0.5238096714019775,0.60317462682724,0.2539682388305664,1.2063493728637695
RESIDENTIALvilla_mesh4160,train,2149,-0.047618985176086426,0.6507937908172607,-0.17460310459136963,0.17460322380065918,-0.7460317611694336,0.5238096714019775,0.6984127759933472,0.3492063283920288,1.2698414325714111
RESIDENTIALvilla_mesh4161,train,6367,-0.5238094925880432,0.5555557012557983,-0.3650793433189392,0.3968254327774048,-0.7460317611694336,0.777777910232544,1.0793652534484863,0.761904776096344,1.5238096714019775
RESIDENTIALvilla_mesh4209,test,192,-0.5238094925880432,0.6825398206710815,-0.11111104488372803,0.14285719394683838,-0.6190475821495056,0.6190477609634399,1.2063493728637695,0.2539682388305664,1.2380952835083008
RESIDENTIALvilla_mesh4215,train,1844,-0.39682537317276,0.4285714626312256,-0.14285707473754883,0.17460322380065918,-0.7460317611694336,-0.17460310459136963,0.8253968358039856,0.317460298538208,0.571428656578064
RESIDENTIALvilla_mesh4220,val,1541,-0.555555522441864,0.5873017311096191,-0.14285707473754883,0.17460322380065918,-0.555555522441864,0.6190477609634399,1.142857313156128,0.317460298538208,1.1746032238006592
RESIDENTIALvilla_mesh4232,train,311,-0.4920634627342224,0.5238096714019775,-0.20634913444519043,0.23809528350830078,-0.7460317611694336,0.777777910232544,1.0158731937408447,0.4444444179534912,1.5238096714019775
RESIDENTIALvilla_mesh4241,train,4918,-0.7460317611694336,0.777777910232544,-0.2698412537574768,0.3015873432159424,-0.4920634627342224,0.4603174924850464,1.5238096714019775,0.5714285969734192,0.9523809552192688
RESIDENTIALvilla_mesh4254,train,42,-0.3650793433189392,0.365079402923584,-0.17460310459136963,0.23809528350830078,-0.7460317611694336,0.7142858505249023,0.7301587462425232,0.4126983880996704,1.460317611694336
RESIDENTIALvilla_mesh4262,train,2408,-0.39682537317276,0.4285714626312256,-0.3333333134651184,0.3333333730697632,-0.7460317611694336,0.777777910232544,0.8253968358039856,0.6666666865348816,1.5238096714019775
RESIDENTIALvilla_mesh4268,train,6661,-0.682539701461792,0.7142858505249023,-0.07936501502990723,0.11111116409301758,-0.7460317611694336,0.777777910232544,1.3968255519866943,0.1904761791229248,1.5238096714019775
RESIDENTIALvilla_mesh4272,val,4024,-0.555555522441864,0.14285719394683838,-0.2698412537574768,0.3015873432159424,-0.7460317611694336,0.4603174924850464,0.6984127163887024,0.5714285969734192,1.20634925365448
RESIDENTIALvilla_mesh4287,train,4099,-0.6507936716079712,0.6825398206710815,-0.14285707473754883,0.17460322380065918,-0.7460317611694336,0.777777910232544,1.3333334922790527,0.317460298538208,1.5238096714019775
RESIDENTIALvilla_mesh4304,train,15610,-0.7460317611694336,0.777777910232544,-0.3650793433189392,0.3968254327774048,-0.4920634627342224,0.5238096714019775,1.5238096714019775,0.761904776096344,1.0158731937408447
RESIDENTIALvilla_mesh4310,train,969,-0.7460317611694336,0.7460318803787231,-0.11111104488372803,0.14285719394683838,-0.3333333134651184,0.2698413133621216,1.4920636415481567,0.2539682388305664,0.60317462682724
RESIDENTIALvilla_mesh4313,train,15890,-0.7142857313156128,0.777777910232544,-0.3333333134651184,0.365079402923584,-0.4920634627342224,0.4920635223388672,1.4920636415481567,0.6984127163887024,0.9841269850730896
RESIDENTIALvilla_mesh4317,train,2631,-0.5873015522956848,0.7460318803787231,-0.17460310459136963,0.04761910438537598,-0.39682537317276,0.5238096714019775,1.3333334922790527,0.2222222089767456,0.9206350445747375
RESIDENTIALvilla_mesh4324,train,714,-0.07936501502990723,0.3015873432159424,-0.11111104488372803,0.14285719394683838,-0.4285714030265808,0.3015873432159424,0.3809523582458496,0.2539682388305664,0.7301587462425232
RESIDENTIALvilla_mesh4363,train,2526,-0.7460317611694336,0.777777910232544,-0.14285707473754883,0.14285719394683838,-0.6507936716079712,0.7460318803787231,1.5238096714019775,0.2857142686843872,1.3968255519866943
RESIDENTIALvilla_mesh4384,train,1520,-0.7460317611694336,0.3968254327774048,-0.07936501502990723,0.11111116409301758,-0.7142857313156128,0.7460318803787231,1.1428571939468384,0.1904761791229248,1.460317611694336
RESIDENTIALvilla_mesh4401,train,75,-0.3333333134651184,0.4285714626312256,-0.11111104488372803,0.14285719394683838,0.11111116409301758,0.7460318803787231,0.761904776096344,0.2539682388305664,0.6349207162857056
RESIDENTIALvilla_mesh4442,train,1031,-0.7460317611694336,0.7142858505249023,-0.11111104488372803,0.14285719394683838,-0.4285714030265808,0.4603174924850464,1.460317611694336,0.2539682388305664,0.8888888955116272
RESIDENTIALvilla_mesh4450,train,324,-0.4603174328804016,0.5555557012557983,-0.14285707473754883,0.2698413133621216,-0.4920634627342224,0.4603174924850464,1.0158731937408447,0.4126983880996704,0.9523809552192688
RESIDENTIALvilla_mesh4479,train,1002,-0.7460317611694336,0.777777910232544,-0.2698412537574768,0.365079402923584,-0.4603174328804016,0.5238096714019775,1.5238096714019775,0.6349206566810608,0.9841271042823792
RESIDENTIALvilla_mesh4490,val,24182,-0.7460317611694336,0.777777910232544,-0.7142857313156128,0.7460318803787231,-0.4920634627342224,0.5555557012557983,1.5238096714019775,1.460317611694336,1.047619104385376
RESIDENTIALvilla_mesh4492,train,3776,-0.4603174328804016,0.7460318803787231,-0.17460310459136963,0.20634925365447998,-0.4603174328804016,0.3333333730697632,1.2063493728637695,0.3809523582458496,0.7936508059501648
RESIDENTIALvilla_mesh4493,train,1407,-0.555555522441864,0.777777910232544,-0.17460310459136963,0.20634925365447998,-0.4603174328804016,0.4920635223388672,1.3333334922790527,0.3809523582458496,0.9523809552192688
RESIDENTIALvilla_mesh4497,val,854,-0.555555522441864,0.4603174924850464,-0.14285707473754883,0.17460322380065918,-0.4603174328804016,0.07936513423919678,1.0158729553222656,0.317460298538208,0.5396825671195984
RESIDENTIALvilla_mesh4517,train,1343,-0.7460317611694336,0.777777910232544,-0.20634913444519043,0.23809528350830078,-0.7460317611694336,0.777777910232544,1.5238096714019775,0.4444444179534912,1.5238096714019775
RESIDENTIALvilla_mesh4523,val,859,-0.23809516429901123,0.3968254327774048,-0.17460310459136963,0.17460322380065918,-0.39682537317276,0.4920635223388672,0.634920597076416,0.3492063283920288,0.8888888955116272
RESIDENTIALvilla_mesh4538,train,1844,-0.4603174328804016,0.6825398206710815,-0.14285707473754883,0.17460322380065918,-0.39682537317276,0.015873074531555176,1.142857313156128,0.317460298538208,0.4126984477043152
RESIDENTIALvilla_mesh4546,train,21407,-0.682539701461792,0.7142858505249023,-0.2698412537574768,0.3015873432159424,-0.7142857313156128,0.7460318803787231,1.3968255519866943,0.5714285969734192,1.460317611694336
RESIDENTIALvilla_mesh4561,train,2849,-0.7460317611694336,0.777777910232544,-0.17460310459136963,0.20634925365447998,-0.3333333134651184,0.365079402923584,1.5238096714019775,0.3809523582458496,0.6984127163887024
RESIDENTIALvilla_mesh4564,train,311,-0.7460317611694336,0.777777910232544,-0.23809516429901123,0.23809528350830078,-0.7460317611694336,0.777777910232544,1.5238096714019775,0.476190447807312,1.5238096714019775
RESIDENTIALvilla_mesh4574,train,999,-0.4603174328804016,0.5873017311096191,-0.17460310459136963,0.20634925365447998,-0.14285707473754883,0.3015873432159424,1.047619104385376,0.3809523582458496,0.4444444179534912
RESIDENTIALvilla_mesh4594,train,107,0.5238096714019775,0.777777910232544,-0.047618985176086426,0.07936513423919678,-0.07936501502990723,0.17460322380065918,0.2539682388305664,0.1269841194152832,0.2539682388305664
RESIDENTIALvilla_mesh4619,train,6027,-0.4920634627342224,0.5238096714019775,-0.3015872836112976,0.3333333730697632,-0.7460317611694336,0.777777910232544,1.0158731937408447,0.6349206566810608,1.5238096714019775
RESIDENTIALvilla_mesh4662,train,6958,-0.7460317611694336,0.7460318803787231,-0.20634913444519043,0.23809528350830078,-0.682539701461792,0.6507937908172607,1.4920636415481567,0.4444444179534912,1.3333334922790527
RESIDENTIALvilla_mesh4663,train,17020,-0.7460317611694336,0.777777910232544,-0.4285714030265808,0.4603174924850464,-0.5873015522956848,0.6190477609634399,1.5238096714019775,0.8888888955116272,1.2063493728637695
RESIDENTIALvilla_mesh4686,train,10438,-0.5873015522956848,0.6190477609634399,-0.20634913444519043,0.23809528350830078,-0.7460317611694336,0.777777910232544,1.2063493728637695,0.4444444179534912,1.5238096714019775
RESIDENTIALvilla_mesh4695,train,11689,-0.39682537317276,0.6825398206710815,-0.2698412537574768,0.3015873432159424,-0.7142857313156128,0.777777910232544,1.0793652534484863,0.5714285969734192,1.4920636415481567
RESIDENTIALvilla_mesh4710,train,736,-0.5873015522956848,0.7460318803787231,-0.39682537317276,0.4285714626312256,-0.7460317611694336,0.7142858505249023,1.3333334922790527,0.8253968358039856,1.460317611694336
RESIDENTIALvilla_mesh4725,test,12587,-0.7460317611694336,0.777777910232544,-0.2698412537574768,0.3015873432159424,-0.7460317611694336,0.777777910232544,1.5238096714019775,0.5714285969734192,1.5238096714019775
RESIDENTIALvilla_mesh4731,train,512,-0.7142857313156128,0.7460318803787231,-0.047618985176086426,0.07936513423919678,-0.4603174328804016,0.5238096714019775,1.460317611694336,0.1269841194152832,0.9841271042823792
RESIDENTIALvilla_mesh4766,train,1353,-0.7460317611694336,0.777777910232544,-0.11111104488372803,0.14285719394683838,-0.555555522441864,0.5873017311096191,1.5238096714019775,0.2539682388305664,1.142857313156128
RESIDENTIALvilla_mesh4796,train,306,-0.5238094925880432,0.5555557012557983,-0.3015872836112976,0.3333333730697632,-0.7142857313156128,0.777777910232544,1.0793652534484863,0.6349206566810608,1.4920636415481567
RESIDENTIALvilla_mesh4798,val,284,-0.4285714030265808,0.2698413133621216,-0.07936501502990723,0.11111116409301758,0.365079402923584,0.7142858505249023,0.6984127163887024,0.1904761791229248,0.34920644760131836
RESIDENTIALvilla_mesh4829,train,676,-0.4920634627342224,0.5238096714019775,-0.11111104488372803,0.14285719394683838,-0.7142857313156128,0.777777910232544,1.0158731937408447,0.2539682388305664,1.4920636415481567
RESIDENTIALvilla_mesh4855,train,4676,-0.3333333134651184,0.365079402923584,-0.3015872836112976,0.3333333730697632,-0.7460317611694336,0.365079402923584,0.6984127163887024,0.6349206566810608,1.1111111640930176
RESIDENTIALvilla_mesh4858,train,11626,-0.4920634627342224,0.5238096714019775,-0.20634913444519043,0.23809528350830078,-0.7460317611694336,0.777777910232544,1.0158731937408447,0.4444444179534912,1.5238096714019775
RESIDENTIALvilla_mesh4860,train,1283,-0.7460317611694336,0.777777910232544,-0.17460310459136963,0.17460322380065918,-0.3650793433189392,0.365079402923584,1.5238096714019775,0.3492063283920288,0.7301587462425232
RESIDENTIALvilla_mesh4868,train,648,-0.07936501502990723,0.2698413133621216,-0.07936501502990723,0.11111116409301758,-0.17460310459136963,0.2698413133621216,0.3492063283920288,0.1904761791229248,0.4444444179534912
RESIDENTIALvilla_mesh4878,train,1842,-0.555555522441864,0.777777910232544,-0.20634913444519043,0.23809528350830078,-0.5873015522956848,0.365079402923584,1.3333334922790527,0.4444444179534912,0.9523809552192688
RESIDENTIALvilla_mesh4881,train,576,-0.3015872836112976,0.4285714626312256,-0.14285707473754883,0.17460322380065918,-0.7460317611694336,0.4603174924850464,0.7301587462425232,0.317460298538208,1.20634925365448
RESIDENTIALvilla_mesh4911,train,2145,-0.7460317611694336,0.777777910232544,-0.14285707473754883,0.17460322380065918,-0.39682537317276,0.4285714626312256,1.5238096714019775,0.317460298538208,0.8253968358039856
RESIDENTIALvilla_mesh4919,train,4891,-0.6507936716079712,0.6825398206710815,-0.3650793433189392,0.3968254327774048,-0.7460317611694336,0.777777910232544,1.3333334922790527,0.761904776096344,1.5238096714019775
RESIDENTIALvilla_mesh4921,train,6799,-0.6190475821495056,0.4285714626312256,-0.39682537317276,0.5238096714019775,-0.682539701461792,0.5238096714019775,1.047619104385376,0.9206350445747375,1.2063493728637695
RESIDENTIALvilla_mesh4942,train,499,-0.682539701461792,0.777777910232544,-0.17460310459136963,0.17460322380065918,-0.5238094925880432,0.3015873432159424,1.460317611694336,0.3492063283920288,0.8253968358039856
RESIDENTIALvilla_mesh4947,train,7154,-0.555555522441864,0.6190477609634399,-0.3333333134651184,0.2698413133621216,-0.7460317611694336,0.7460318803787231,1.1746032238006592,0.60317462682724,1.4920636415481567
RESIDENTIALvilla_mesh4954,train,635,-0.682539701461792,0.7142858505249023,-0.4603174328804016,0.3968254327774048,-0.7460317611694336,0.777777910232544,1.3968255519866943,0.8571428656578064,1.5238096714019775
RESIDENTIALvilla_mesh4964,train,3569,-0.555555522441864,0.4285714626312256,-0.20634913444519043,0.3015873432159424,-0.7142857313156128,0.6825398206710815,0.9841269850730896,0.5079364776611328,1.3968255519866943
RESIDENTIALvilla_mesh5010,train,3150,-0.7142857313156128,0.7460318803787231,-0.14285707473754883,0.14285719394683838,-0.7460317611694336,0.777777910232544,1.460317611694336,0.2857142686843872,1.5238096714019775
RESIDENTIALvilla_mesh5029,train,2069,-0.3650793433189392,0.6507937908172607,-0.14285707473754883,0.14285719394683838,-0.3650793433189392,0.4285714626312256,1.0158731937408447,0.2857142686843872,0.7936508059501648
RESIDENTIALvilla_mesh5078,test,881,-0.4285714030265808,0.4603174924850464,-0.17460310459136963,0.20634925365447998,-0.555555522441864,0.6507937908172607,0.8888888955116272,0.3809523582458496,1.2063493728637695
RESIDENTIALvilla_mesh5089,test,9321,-0.7460317611694336,0.777777910232544,-0.3333333134651184,0.3333333730697632,-0.6190475821495056,0.6507937908172607,1.5238096714019775,0.6666666865348816,1.2698414325714111
RESIDENTIALvilla_mesh5104,train,2272,-0.5238094925880432,0.4920635223388672,-0.17460310459136963,0.3333333730697632,-0.6507936716079712,0.3968254327774048,1.0158729553222656,0.5079364776611328,1.047619104385376
RESIDENTIALvilla_mesh5105,train,3405,-0.7142857313156128,0.777777910232544,-0.4603174328804016,0.4920635223388672,-0.6190475821495056,0.6190477609634399,1.4920636415481567,0.9523809552192688,1.2380952835083008
RESIDENTIALvilla_mesh5116,train,188,-0.7460317611694336,0.04761910438537598,-0.11111104488372803,0.14285719394683838,-0.4285714030265808,0.4920635223388672,0.7936508655548096,0.2539682388305664,0.920634925365448
RESIDENTIALvilla_mesh5160,train,1466,-0.7460317611694336,0.777777910232544,-0.3333333134651184,0.4285714626312256,-0.5238094925880432,0.5238096714019775,1.5238096714019775,0.761904776096344,1.047619104385376
RESIDENTIALvilla_mesh5174,train,3852,-0.6507936716079712,0.6825398206710815,-0.047618985176086426,0.2698413133621216,-0.7460317611694336,0.4285714626312256,1.3333334922790527,0.317460298538208,1.1746032238006592
RESIDENTIALvilla_mesh5212,train,7991,-0.4920634627342224,0.6825398206710815,-0.23809516429901123,0.2698413133621216,-0.3650793433189392,0.365079402923584,1.1746032238006592,0.5079364776611328,0.7301587462425232
RESIDENTIALvilla_mesh5236,train,1135,-0.7460317611694336,0.7142858505249023,-0.11111104488372803,0.14285719394683838,-0.39682537317276,0.3968254327774048,1.460317611694336,0.2539682388305664,0.7936508059501648
RESIDENTIALvilla_mesh5258,train,9243,-0.7460317611694336,0.4920635223388672,-0.23809516429901123,0.2698413133621216,-0.7142857313156128,0.7460318803787231,1.2380952835083008,0.5079364776611328,1.460317611694336
RESIDENTIALvilla_mesh5266,train,1429,-0.4603174328804016,0.6190477609634399,-0.3650793433189392,0.3968254327774048,-0.6190475821495056,0.6507937908172607,1.0793652534484863,0.761904776096344,1.2698414325714111
RESIDENTIALvilla_mesh5272,train,26087,-0.7460317611694336,0.777777910232544,-0.4285714030265808,0.4603174924850464,-0.5238094925880432,0.5555557012557983,1.5238096714019775,0.8888888955116272,1.0793652534484863
RESIDENTIALvilla_mesh5284,train,5840,-0.7460317611694336,0.6190477609634399,-0.17460310459136963,0.20634925365447998,-0.7142857313156128,0.7142858505249023,1.3650795221328735,0.3809523582458496,1.4285715818405151
RESIDENTIALvilla_mesh5314,train,888,-0.5873015522956848,0.7142858505249023,-0.14285707473754883,0.17460322380065918,-0.682539701461792,0.5555557012557983,1.3015873432159424,0.317460298538208,1.2380954027175903
RESIDENTIALvilla_mesh5326,train,348,-0.6507936716079712,0.7460318803787231,-0.23809516429901123,-0.047618985176086426,-0.14285707473754883,0.2698413133621216,1.3968255519866943,0.1904761791229248,0.4126983880996704
RESIDENTIALvilla_mesh5338,train,789,-0.7460317611694336,0.5238096714019775,-0.015872955322265625,0.3015873432159424,-0.4285714030265808,0.4603174924850464,1.2698414325714111,0.317460298538208,0.8888888955116272
RESIDENTIALvilla_mesh5358,train,693,-0.39682537317276,0.4603174924850464,-0.11111104488372803,0.11111116409301758,-0.7460317611694336,0.6507937908172607,0.8571428656578064,0.2222222089767456,1.3968255519866943
RESIDENTIALvilla_mesh5379,val,7033,-0.7460317611694336,0.777777910232544,-0.14285707473754883,0.17460322380065918,-0.3333333134651184,0.365079402923584,1.5238096714019775,0.317460298538208,0.6984127163887024
RESIDENTIALvilla_mesh5389,test,2430,-0.7460317611694336,0.777777910232544,-0.20634913444519043,0.23809528350830078,-0.6507936716079712,0.6825398206710815,1.5238096714019775,0.4444444179534912,1.3333334922790527
RESIDENTIALvilla_mesh5390,train,951,-0.5873015522956848,0.23809528350830078,-0.2698412537574768,0.07936513423919678,-0.7460317611694336,-0.3333333134651184,0.8253968358039856,0.3492063879966736,0.4126984477043152
RESIDENTIALvilla_mesh5395,train,616,-0.3333333134651184,0.3333333730697632,-0.047618985176086426,0.07936513423919678,-0.7142857313156128,0.777777910232544,0.6666666865348816,0.1269841194152832,1.4920636415481567
RESIDENTIALvilla_mesh5407,val,1479,-0.4285714030265808,0.3968254327774048,-0.3333333134651184,0.365079402923584,-0.7460317611694336,0.777777910232544,0.8253968358039856,0.6984127163887024,1.5238096714019775
RESIDENTIALvilla_mesh5408,val,2875,-0.11111104488372803,0.5238096714019775,-0.3650793433189392,0.365079402923584,-0.7460317611694336,0.07936513423919678,0.6349207162857056,0.7301587462425232,0.8253968954086304
RESIDENTIALvilla_mesh5410,train,50013,-0.7460317611694336,0.777777910232544,-0.555555522441864,0.5873017311096191,-0.6190475821495056,0.6507937908172607,1.5238096714019775,1.142857313156128,1.2698414325714111
RESIDENTIALvilla_mesh5414,train,4149,-0.6507936716079712,0.7460318803787231,-0.14285707473754883,0.17460322380065918,-0.3650793433189392,0.4920635223388672,1.3968255519866943,0.317460298538208,0.8571428656578064
RESIDENTIALvilla_mesh5434,val,260,-0.14285707473754883,0.04761910438537598,-0.07936501502990723,0.11111116409301758,0.11111116409301758,0.365079402923584,0.1904761791229248,0.1904761791229248,0.2539682388305664
RESIDENTIALvilla_mesh5436,train,513,-0.7460317611694336,0.777777910232544,-0.20634913444519043,0.20634925365447998,-0.4920634627342224,0.5238096714019775,1.5238096714019775,0.4126983880996704,1.0158731937408447
RESIDENTIALvilla_mesh5439,train,1805,-0.3333333134651184,0.365079402923584,-0.14285707473754883,0.14285719394683838,-0.7460317611694336,0.7142858505249023,0.6984127163887024,0.2857142686843872,1.460317611694336
RESIDENTIALvilla_mesh5454,train,695,-0.3650793433189392,0.4285714626312256,-0.11111104488372803,0.11111116409301758,-0.7460317611694336,0.7460318803787231,0.7936508059501648,0.2222222089767456,1.4920636415481567
RESIDENTIALvilla_mesh5458,train,1083,-0.7460317611694336,0.6507937908172607,-0.23809516429901123,0.2698413133621216,-0.2698412537574768,0.5555557012557983,1.3968255519866943,0.5079364776611328,0.8253969550132751
RESIDENTIALvilla_mesh5474,val,2147,-0.4920634627342224,0.5238096714019775,-0.20634913444519043,0.23809528350830078,-0.7460317611694336,0.777777910232544,1.0158731937408447,0.4444444179534912,1.5238096714019775
RESIDENTIALvilla_mesh5507,train,2853,-0.3333333134651184,0.3333333730697632,-0.20634913444519043,0.23809528350830078,-0.7460317611694336,0.777777910232544,0.6666666865348816,0.4444444179534912,1.5238096714019775
RESIDENTIALvilla_mesh5519,train,2008,-0.6507936716079712,0.6825398206710815,-0.07936501502990723,0.11111116409301758,-0.7460317611694336,0.777777910232544,1.3333334922790527,0.1904761791229248,1.5238096714019775
RESIDENTIALvilla_mesh5522,train,664,-0.7460317611694336,0.7460318803787231,-0.3333333134651184,0.365079402923584,-0.4920634627342224,0.4920635223388672,1.4920636415481567,0.6984127163887024,0.9841269850730896
RESIDENTIALvilla_mesh5589,train,11396,-0.5873015522956848,0.6190477609634399,-0.4920634627342224,0.5238096714019775,-0.7460317611694336,0.777777910232544,1.2063493728637695,1.0158731937408447,1.5238096714019775
RESIDENTIALvilla_mesh5604,val,6391,-0.2698412537574768,0.3968254327774048,-0.3015872836112976,0.3333333730697632,-0.3015872836112976,0.5238096714019775,0.6666666865348816,0.6349206566810608,0.8253969550132751
RESIDENTIALvilla_mesh5609,val,5447,-0.7460317611694336,0.777777910232544,-0.3650793433189392,0.3968254327774048,-0.5238094925880432,0.7460318803787231,1.5238096714019775,0.761904776096344,1.2698414325714111
RESIDENTIALvilla_mesh5624,test,14090,-0.7460317611694336,0.777777910232544,-0.20634913444519043,0.23809528350830078,-0.682539701461792,0.7142858505249023,1.5238096714019775,0.4444444179534912,1.3968255519866943
RESIDENTIALvilla_mesh5626,train,1494,-0.7460317611694336,0.777777910232544,-0.14285707473754883,0.17460322380065918,-0.39682537317276,0.4285714626312256,1.5238096714019775,0.317460298538208,0.8253968358039856
RESIDENTIALvilla_mesh5629,train,65,-0.20634913444519043,0.5555557012557983,-0.11111104488372803,0.14285719394683838,-0.555555522441864,0.5873017311096191,0.7619048357009888,0.2539682388305664,1.142857313156128
RESIDENTIALvilla_mesh5633,train,14611,-0.7460317611694336,0.777777910232544,-0.2698412537574768,0.3015873432159424,-0.6190475821495056,0.6825398206710815,1.5238096714019775,0.5714285969734192,1.3015873432159424
RESIDENTIALvilla_mesh5648,train,1386,-0.7142857313156128,0.4603174924850464,-0.14285707473754883,0.17460322380065918,-0.5238094925880432,0.5238096714019775,1.1746032238006592,0.317460298538208,1.047619104385376
RESIDENTIALvilla_mesh5673,train,2412,-0.7142857313156128,0.7142858505249023,-0.2698412537574768,0.3015873432159424,-0.5238094925880432,0.5555557012557983,1.4285715818405151,0.5714285969734192,1.0793652534484863
RESIDENTIALvilla_mesh5685,train,2590,-0.3333333134651184,0.5873017311096191,-0.17460310459136963,0.14285719394683838,-0.6190475821495056,0.17460322380065918,0.9206350445747375,0.317460298538208,0.7936508059501648
RESIDENTIALvilla_mesh5715,train,836,-0.6190475821495056,0.6507937908172607,-0.14285707473754883,0.20634925365447998,-0.7460317611694336,0.777777910232544,1.2698414325714111,0.3492063283920288,1.5238096714019775
RESIDENTIALvilla_mesh5723,train,3364,-0.7460317611694336,0.777777910232544,-0.14285707473754883,0.17460322380065918,-0.6190475821495056,0.6507937908172607,1.5238096714019775,0.317460298538208,1.2698414325714111
RESIDENTIALvilla_mesh5739,val,1306,-0.7460317611694336,0.7460318803787231,-0.07936501502990723,0.11111116409301758,-0.4603174328804016,0.4920635223388672,1.4920636415481567,0.1904761791229248,0.9523809552192688
RESIDENTIALvilla_mesh5768,train,482,-0.7142857313156128,0.5555557012557983,-0.3015872836112976,0.3333333730697632,-0.4285714030265808,0.7460318803787231,1.2698414325714111,0.6349206566810608,1.1746032238006592
RESIDENTIALvilla_mesh5782,train,382,-0.4285714030265808,0.2698413133621216,-0.23809516429901123,0.23809528350830078,-0.20634913444519043,0.5873017311096191,0.6984127163887024,0.476190447807312,0.7936508655548096
RESIDENTIALvilla_mesh5788,train,4357,-0.7142857313156128,0.7460318803787231,-0.5873015522956848,0.6190477609634399,-0.7460317611694336,0.777777910232544,1.460317611694336,1.2063493728637695,1.5238096714019775
RESIDENTIALvilla_mesh5803,train,1292,-0.7460317611694336,0.6825398206710815,-0.14285707473754883,0.17460322380065918,-0.3650793433189392,0.4920635223388672,1.4285715818405151,0.317460298538208,0.8571428656578064
RESIDENTIALvilla_mesh5809,train,11893,-0.5873015522956848,0.6190477609634399,-0.3650793433189392,0.3968254327774048,-0.7460317611694336,0.777777910232544,1.2063493728637695,0.761904776096344,1.5238096714019775
RESIDENTIALvilla_mesh5819,train,1264,-0.2698412537574768,0.3333333730697632,-0.17460310459136963,0.17460322380065918,-0.7460317611694336,0.7460318803787231,0.60317462682724,0.3492063283920288,1.4920636415481567
RESIDENTIALvilla_mesh5823,train,7713,-0.6507936716079712,0.7142858505249023,-0.3650793433189392,0.3968254327774048,-0.7142857313156128,0.777777910232544,1.3650795221328735,0.761904776096344,1.4920636415481567
RESIDENTIALvilla_mesh5826,test,2057,-0.4285714030265808,0.3015873432159424,-0.3333333134651184,0.11111116409301758,-0.23809516429901123,0.6507937908172607,0.7301587462425232,0.444444477558136,0.888888955116272
RESIDENTIALvilla_mesh5855,train,576,-0.4285714030265808,0.4603174924850464,-0.047618985176086426,0.07936513423919678,-0.555555522441864,0.7460318803787231,0.8888888955116272,0.1269841194152832,1.3015873432159424
RESIDENTIALvilla_mesh5860,val,9341,-0.555555522441864,0.5873017311096191,-0.2698412537574768,0.07936513423919678,-0.7460317611694336,0.777777910232544,1.142857313156128,0.3492063879966736,1.5238096714019775
RESIDENTIALvilla_mesh5915,test,300,-0.3333333134651184,0.365079402923584,-0.14285707473754883,0.17460322380065918,-0.7460317611694336,0.777777910232544,0.6984127163887024,0.317460298538208,1.5238096714019775
RESIDENTIALvilla_mesh5923,train,723,-0.6507936716079712,0.6825398206710815,-0.2698412537574768,0.2698413133621216,-0.7142857313156128,0.7460318803787231,1.3333334922790527,0.5396825671195984,1.460317611694336
RESIDENTIALvilla_mesh5927,train,399,-0.7460317611694336,0.7460318803787231,-0.23809516429901123,0.20634925365447998,-0.4285714030265808,0.365079402923584,1.4920636415481567,0.4444444179534912,0.7936508059501648
RESIDENTIALvilla_mesh5930,train,1556,-0.7142857313156128,0.777777910232544,-0.14285707473754883,0.17460322380065918,-0.4603174328804016,0.4920635223388672,1.4920636415481567,0.317460298538208,0.9523809552192688
RESIDENTIALvilla_mesh5934,train,2724,-0.4603174328804016,0.5873017311096191,-0.20634913444519043,0.23809528350830078,-0.17460310459136963,0.4603174924850464,1.047619104385376,0.4444444179534912,0.634920597076416
RESIDENTIALvilla_mesh5948,train,2725,-0.7460317611694336,0.777777910232544,-0.14285707473754883,0.17460322380065918,-0.6190475821495056,0.6190477609634399,1.5238096714019775,0.317460298538208,1.2380952835083008
RESIDENTIALvilla_mesh5970,train,11302,-0.7142857313156128,0.7460318803787231,-0.2698412537574768,0.3015873432159424,-0.7142857313156128,0.777777910232544,1.460317611694336,0.5714285969734192,1.4920636415481567
RESIDENTIALvilla_mesh5986,train,2607,-0.4920634627342224,0.5238096714019775,-0.3650793433189392,0.3968254327774048,-0.7460317611694336,0.7460318803787231,1.0158731937408447,0.761904776096344,1.4920636415481567
RESIDENTIALvilla_mesh6005,train,9677,-0.5238094925880432,0.4920635223388672,-0.4920634627342224,0.5238096714019775,-0.7142857313156128,0.7142858505249023,1.0158729553222656,1.0158731937408447,1.4285715818405151
RESIDENTIALvilla_mesh6029,train,618,-0.4285714030265808,0.4603174924850464,-0.11111104488372803,0.14285719394683838,-0.6507936716079712,0.777777910232544,0.8888888955116272,0.2539682388305664,1.4285715818405151
RESIDENTIALvilla_mesh6047,train,900,-0.20634913444519043,0.14285719394683838,-0.11111104488372803,0.11111116409301758,-0.3333333134651184,0.3015873432159424,0.3492063283920288,0.2222222089767456,0.6349206566810608
RESIDENTIALvilla_mesh6062,train,3087,-0.555555522441864,0.5873017311096191,-0.14285707473754883,0.17460322380065918,-0.682539701461792,0.777777910232544,1.142857313156128,0.317460298538208,1.460317611694336
RESIDENTIALvilla_mesh6099,train,2162,-0.3650793433189392,0.4285714626312256,-0.23809516429901123,0.3968254327774048,-0.5873015522956848,0.6190477609634399,0.7936508059501648,0.634920597076416,1.2063493728637695
RESIDENTIALvilla_mesh6181,train,488,-0.4285714030265808,0.777777910232544,-0.17460310459136963,0.20634925365447998,-0.20634913444519043,0.07936513423919678,1.2063493728637695,0.3809523582458496,0.2857142686843872
RESIDENTIALvilla_mesh6329,train,15128,-0.39682537317276,0.4285714626312256,-0.3333333134651184,0.365079402923584,-0.7142857313156128,0.4920635223388672,0.8253968358039856,0.6984127163887024,1.20634925365448
RESIDENTIALvilla_mesh6335,train,296,-0.682539701461792,0.6190477609634399,-0.11111104488372803,0.07936513423919678,-0.39682537317276,0.5873017311096191,1.301587462425232,0.1904761791229248,0.9841271042823792
RESIDENTIALvilla_mesh6357,train,540,-0.4285714030265808,0.4920635223388672,-0.14285707473754883,0.20634925365447998,-0.4920634627342224,0.777777910232544,0.920634925365448,0.3492063283920288,1.2698414325714111
RESIDENTIALvilla_mesh6359,train,1531,-0.4285714030265808,0.4603174924850464,-0.39682537317276,0.4285714626312256,-0.7460317611694336,0.7460318803787231,0.8888888955116272,0.8253968358039856,1.4920636415481567
RESIDENTIALvilla_mesh6402,test,924,-0.5873015522956848,0.6825398206710815,-0.39682537317276,0.5238096714019775,-0.7460317611694336,0.3968254327774048,1.2698414325714111,0.9206350445747375,1.1428571939468384
RESIDENTIALvilla_mesh6487,train,20543,-0.5238094925880432,0.6190477609634399,-0.4603174328804016,0.4920635223388672,-0.7460317611694336,0.777777910232544,1.142857313156128,0.9523809552192688,1.5238096714019775
